transaction_id,transaction_date,customer_id,store_id,product_id,quantity,unit_price,discount_pct,total_amount,payment_method,return_flag
TXN01256,6/1/2025,C0190,S003,P005,5,27.71,0,138.55,Gift Card,no
TXN00331,5/30/2025,C0131,S002,P001,4,16.15,0,64.6,Gift Card,No
TXN01632,5/26/2025,C0170,S006,P012,8,47.56,0,380.48,Gift Card,N
TXN01350,5/23/2025,C0061,S001,P011,3,190.93,10,515.51,Credit Card,TRUE
TXN01949,5/23/2025,C0083,S003,P014,6,67.53,25,303.89,Cash,No
TXN00969,5/18/2025,C9485,S004,P016,9,47.08,0,423.72,Cash,TRUE
TXN01120,5/18/2025,C0168,S002,P020,3,145.46,25,327.29,UNK,No
TXN01156,5/17/2025,C0147,S003,P011,6,45.17,20,216.82,UNK,No
TXN01630,5/15/2025,C0041,S002,P004,7,165.31,20,925.74,Cash,No
TXN01815,5/12/2025,C0118,S006,P017,10,267.56,5,2541.82,Debit Card,No
TXN00602,5/11/2025,C0042,S004,P004,8,109.31,0,874.48,Gift Card,Y
TXN01899,5/7/2025,C0133,S004,P016,8,110.56,0,884.48,PayPal,N
TXN00656,5/7/2025,C0085,S004,P013,7,120.57,25,632.99,Debit Card,yes
TXN00624,5/1/2025,C9892,S004,P013,10,219.53,0,2195.3,Gift Card,No
TXN01927,5/1/2025,C0031,S003,P011,2,55.48,0,110.96,Cash,
TXN01177,4/29/2025,C0119,S001,P006,3,37.12,5,105.79,Credit Card,FALSE
TXN00989,4/25/2025,C0026,S005,P020,8,22.17,0,177.36,Gift Card,
TXN01627,4/23/2025,C0172,S001,P014,6,188.03,10,1015.36,PayPal,
TXN01699,4/22/2025,C0152,S002,P014,2,73.36,0,146.72,PayPal,Yes
TXN00348,4/13/2025,C0036,S57,P009,4,116.84,25,350.52,Credit Card,no
TXN01668,4/10/2025,C0020,S005,P002,2,137.12,0,274.24,Credit Card,Yes
TXN00104,4/9/2025,C0098,S006,P011,8,261.36,0,2090.88,PayPal,FALSE
TXN01714,4/6/2025,C0127,S002,P007,7,165.12,0,1155.84,Credit Card,no
TXN00349,4/3/2025,C0189,S004,P016,7,224.37,0,1570.59,PayPal,No
TXN00072,4/2/2025,C0084,S004,P018,5,169.08,0,845.4,Cash,TRUE
TXN00905,3/29/2025,C0134,S006,P006,2,92.33,10,166.19,Debit Card,
TXN01619,3/25/2025,C0073,S006,P006,4,237.1,25,711.3,Debit Card,FALSE
TXN00615,3/24/2025,C0067,S005,P011,9,142.75,5,1220.51,Cash,N
TXN00758,3/20/2025,C0154,S004,P004,2,128.48,25,192.72,Debit Card,
TXN01223,3/19/2025,C0190,S001,P011,4,23.59,0,94.36,PayPal,no
TXN00312,3/18/2025,C0089,S004,P019,1,146.88,0,146.88,Gift Card,TRUE
TXN01099,3/16/2025,C0029,S004,P009,10,264.93,20,2119.44,Gift Card,Yes
TXN01504,3/14/2025,C0063,S001,P019,2,33.96,15,57.73,Debit Card,N
TXN00759,3/11/2025,C0173,S005,P001,8,157.19,20,1006.02,Cash,N
TXN00110,3/10/2025,C0157,S002,P001,6,33.05,25,148.73,PayPal,no
TXN00370,3/5/2025,C0032,S006,P003,6,195.65,15,997.82,Cash,Y
TXN01320,3/4/2025,C0004,S003,P004,9,90.12,0,811.08,UNK,N
TXN01073,3/4/2025,C0179,S002,P878,7,292.76,20,1639.46,PayPal,No
TXN00404,2/27/2025,C9437,S003,P008,7,209.16,0,1464.12,Gift Card,No
TXN00102,2/23/2025,C0055,S005,P018,8,190.68,0,1525.44,Debit Card,FALSE
TXN00246,2/23/2025,C0200,S006,P005,2,96.58,20,154.53,Cash,no
TXN00578,2/23/2025,C9424,S003,P020,6,38.17,5,217.57,Credit Card,TRUE
TXN00647,2/18/2025,C0130,S005,P018,9,61.59,0,554.31,Debit Card,yes
TXN00784,2/15/2025,C9298,S003,P012,10,35.38,0,353.8,Credit Card,No
TXN01404,2/15/2025,C0086,S006,P007,5,236.05,10,1062.23,Cash,N
TXN00791,2/12/2025,C0107,S003,P005,4,158.71,25,476.13,Cash,
TXN01249,2/12/2025,C0018,S003,P011,6,257.52,0,1545.12,Gift Card,no
TXN01950,2/7/2025,C0120,S004,P008,3,111.77,20,268.25,Cash,N
TXN00798,2/3/2025,C0188,S006,P009,7,56.94,20,318.86,Debit Card,yes
TXN01048,2/1/2025,C0136,S002,P004,2,116.82,25,175.23,Credit Card,no
TXN01468,1/31/2025,C0194,S006,P004,2,204.32,25,306.48,Debit Card,no
TXN01225,1/31/2025,C0071,S004,P005,8,156.61,20,1002.3,PayPal,Y
TXN00933,1/25/2025,C0172,S001,P001,2,292.52,0,585.04,Credit Card,
TXN01346,1/25/2025,C0001,S005,P006,9,90.88,0,817.92,Debit Card,FALSE
TXN00056,1/18/2025,C0141,S005,P012,6,289.35,10,1562.49,PayPal,
TXN01616,1/18/2025,C0043,S006,P006,10,214.27,25,1607.03,Credit Card,no
TXN00658,1/16/2025,C0016,S001,P017,1,11.35,20,9.08,Cash,No
TXN00683,1/14/2025,C0024,S003,P005,4,99.19,0,396.76,PayPal,TRUE
TXN01848,1/13/2025,C0171,S004,P008,10,60.93,0,609.3,PayPal,no
TXN00131,1/12/2025,C0153,S003,P002,2,160.97,10,289.75,Gift Card,no
TXN00082,1/11/2025,C0177,S005,P003,4,55.73,0,222.92,Credit Card,Yes
TXN00501,1/9/2025,C0151,S001,P020,7,153.65,20,860.44,Gift Card,
TXN01509,1/9/2025,C0189,S002,P700,1,35.04,20,28.03,Credit Card,FALSE
TXN00732,1/8/2025,C0054,S006,P009,8,285.79,20,1829.06,Credit Card,yes
TXN01666,1/5/2025,C0065,S005,P015,2,83.8,25,125.7,Gift Card,yes
TXN01875,12/31/2024,C0015,S002,P012,10,146.25,0,1462.5,Gift Card,N
TXN01511,12/30/2024,C0052,S001,P002,1,180.91,5,171.86,Credit Card,yes
TXN01313,12/28/2024,C0058,S006,P020,6,256.62,0,1539.72,Cash,No
TXN01507,12/28/2024,C0106,S004,P008,3,16.65,5,47.45,PayPal,N
TXN00289,12/27/2024,C0024,S006,P008,4,294.23,15,1000.38,Gift Card,Yes
TXN01801,12/27/2024,C9979,S001,P558,10,98.04,10,882.36,Cash,Y
TXN01119,12/26/2024,C0189,S001,P016,8,121.84,0,974.72,Cash,N
TXN00635,12/26/2024,C0080,S006,P003,1,229,0,229,Gift Card,
TXN01813,12/26/2024,C0085,S002,P009,6,232.45,0,1394.7,UNK,no
TXN00286,12/25/2024,C0063,S003,P015,10,105.25,0,1052.5,PayPal,Yes
TXN00657,12/25/2024,C0065,S002,P007,4,111.85,0,447.4,UNK,yes
TXN01599,12/25/2024,C0059,S003,P009,3,240.67,20,577.61,Cash,no
TXN01628,12/25/2024,C0192,S003,P010,2,237.09,0,474.18,Debit Card,yes
TXN01954,12/25/2024,C0094,S005,P010,6,227.86,5,1298.8,Credit Card,yes
TXN00386,12/24/2024,C0027,S005,P007,10,192.38,0,1923.8,Credit Card,yes
TXN01276,12/24/2024,C0168,S50,P008,9,263.58,15,2016.39,Cash,No
TXN01513,12/24/2024,C0114,S001,P014,7,59.41,0,415.87,Cash,N
TXN01866,12/24/2024,C0163,S002,P007,8,288.46,0,2307.68,PayPal,No
TXN00397,12/23/2024,C0068,S004,P010,6,295.73,0,1774.38,Credit Card,N
TXN01392,12/23/2024,C0165,S002,P010,2,119.02,15,202.33,UNK,Y
TXN01807,12/23/2024,C0188,S002,P006,6,118.02,5,672.71,UNK,Yes
TXN01942,12/23/2024,C0078,S006,P012,8,203.05,5,1543.18,Debit Card,yes
TXN00113,12/22/2024,C0134,S004,P002,4,160.42,20,513.34,Debit Card,FALSE
TXN00181,12/22/2024,C0182,S002,P008,9,42.93,25,289.78,Gift Card,Y
TXN00251,12/22/2024,C0151,S006,P009,6,290.35,0,1742.1,Credit Card,No
TXN01162,12/22/2024,C0020,S56,P015,6,194.04,5,1106.03,Credit Card,
TXN01750,12/21/2024,C0062,S62,P016,9,149.5,0,1345.5,Credit Card,FALSE
TXN01204,12/21/2024,C0090,S004,P005,5,295.23,25,1107.11,UNK,TRUE
TXN01378,12/21/2024,C0161,S004,P011,4,182.07,0,728.28,UNK,FALSE
TXN01821,12/21/2024,C0110,S003,P008,8,105.66,0,845.28,Gift Card,yes
TXN01989,12/20/2024,C0134,S002,P016,3,101.22,10,273.29,Cash,Y
TXN00723,12/20/2024,C0017,S002,P013,7,18.67,25,98.02,Cash,Yes
TXN01865,12/19/2024,C0016,S004,P714,6,187.85,0,1127.1,Debit Card,
TXN00003,12/18/2024,C0027,S005,P004,2,154.34,5,293.25,Gift Card,no
TXN00739,12/18/2024,C0030,S002,P020,10,16.87,25,126.53,Credit Card,FALSE
TXN01495,12/18/2024,C0144,S006,P009,7,134.05,25,703.76,Gift Card,Yes
TXN01877,12/18/2024,C0149,S004,P010,2,40.16,25,60.24,Debit Card,no
TXN00018,12/17/2024,C0132,S006,P011,9,193.45,5,1654,Cash,N
TXN00052,12/17/2024,C0026,S004,P018,10,212.15,0,2121.5,Credit Card,No
TXN00227,12/17/2024,C0082,S004,P009,3,115.27,15,293.94,Credit Card,Yes
TXN01677,12/17/2024,C0096,S003,P003,2,161.02,15,273.73,PayPal,Y
TXN01709,12/17/2024,C0041,S005,P014,3,177.12,0,531.36,Debit Card,yes
TXN00063,12/16/2024,C0081,S001,P013,10,39.22,15,333.37,UNK,yes
TXN00666,12/16/2024,C9219,S002,P011,2,217.07,25,325.61,Credit Card,Yes
TXN01692,12/16/2024,C0085,S004,P008,9,181.27,5,1549.86,Credit Card,No
TXN00714,12/15/2024,C0011,S002,P005,9,102.64,20,739.01,Credit Card,FALSE
TXN00184,12/14/2024,C0039,S005,P001,5,130.8,0,654,Credit Card,yes
TXN01408,12/14/2024,C0063,S002,P011,2,282.11,10,507.8,Debit Card,N
TXN01473,12/14/2024,C0063,S001,P009,7,109.93,20,615.61,PayPal,FALSE
TXN01654,12/14/2024,C0077,S001,P005,9,248.09,15,1897.89,Cash,FALSE
TXN00217,12/13/2024,C0006,S004,P011,10,38.34,25,287.55,Cash,TRUE
TXN01122,12/13/2024,C0103,S002,P012,10,250.54,0,2505.4,UNK,N
TXN01904,12/13/2024,C0135,S005,P006,4,145.75,0,583,Cash,FALSE
TXN00148,12/12/2024,C0192,S005,P016,10,59.03,0,590.3,Credit Card,yes
TXN00562,12/12/2024,C0103,S002,P012,10,107.98,20,863.84,Gift Card,FALSE
TXN00690,12/12/2024,C0179,S003,P014,7,215.11,0,1505.77,UNK,Y
TXN01175,12/12/2024,C0015,S002,P002,10,107.21,5,1018.5,Cash,No
TXN00202,12/11/2024,C0059,S002,P003,7,210.34,0,1472.38,Credit Card,Y
TXN01651,12/11/2024,C9084,S005,P009,1,240.15,5,228.14,Debit Card,no
TXN01661,12/11/2024,C0029,S003,P015,2,298.29,0,596.58,Credit Card,TRUE
TXN01272,12/10/2024,C0065,S002,P002,5,265.2,0,1326,Debit Card,FALSE
TXN01053,12/9/2024,C0197,S004,P003,8,298.1,0,2384.8,Cash,no
TXN00146,12/8/2024,C0187,S003,P003,9,268.08,0,2412.72,Debit Card,FALSE
TXN01385,12/8/2024,C0125,S006,P006,4,39.04,15,132.74,Cash,TRUE
TXN01519,12/8/2024,C0146,S002,P013,2,285.38,15,485.15,UNK,Yes
TXN00125,12/7/2024,C0018,S005,P001,2,208.89,15,355.11,Credit Card,N
TXN01213,12/7/2024,C0026,S004,P018,7,23.22,0,162.54,Cash,no
TXN01300,12/7/2024,C0091,S006,P009,9,228.63,25,1543.25,Credit Card,Yes
TXN01348,12/7/2024,C0018,S002,P001,7,238.69,5,1587.29,Debit Card,N
TXN01566,12/7/2024,C0196,S002,P005,10,42.95,0,429.5,Cash,Y
TXN01880,12/7/2024,C0003,S004,P008,10,85.91,15,730.24,Credit Card,N
TXN01901,12/7/2024,C0008,S005,P007,1,133.11,25,99.83,Debit Card,
TXN01732,12/6/2024,C0132,S006,P015,4,81.95,0,327.8,PayPal,Y
TXN00050,12/5/2024,C0105,S002,P019,5,85.78,20,343.12,Debit Card,Y
TXN00199,12/5/2024,C0137,S002,P765,5,118.17,25,443.14,Cash,No
TXN00464,12/5/2024,C0081,S002,P015,3,289.05,25,650.36,Credit Card,No
TXN00748,12/5/2024,C0144,S005,P019,3,146.11,0,438.33,UNK,FALSE
TXN01972,12/5/2024,C0155,S001,P019,7,193.65,20,1084.44,Credit Card,no
TXN00755,12/4/2024,C0011,S005,P004,6,293.28,10,1583.71,Gift Card,yes
TXN01914,12/4/2024,C0026,S006,P015,4,123.27,5,468.43,Credit Card,no
TXN00761,12/3/2024,C0063,S001,P001,7,175.78,15,1045.89,PayPal,
TXN01959,12/3/2024,C0009,S005,P001,9,168.31,5,1439.05,Credit Card,
TXN00214,12/2/2024,C0121,S002,P013,5,153.46,20,613.84,Credit Card,no
TXN00858,12/2/2024,C0083,S002,P006,4,83.67,15,284.48,UNK,FALSE
TXN01981,12/1/2024,C0041,S003,P016,3,69.82,0,209.46,Gift Card,no
TXN00236,12/1/2024,C0022,S58,P013,4,216.87,20,693.98,Debit Card,FALSE
TXN00814,12/1/2024,C0056,S001,P007,2,250.69,0,501.38,PayPal,N
TXN00829,12/1/2024,C0108,S002,P005,7,41.45,5,275.64,UNK,FALSE
TXN01148,12/1/2024,C0042,S001,P014,9,94.25,10,763.43,Credit Card,FALSE
TXN01540,12/1/2024,C0117,S004,P006,9,255.11,20,1836.79,Credit Card,
TXN00152,11/30/2024,C0122,S005,P001,5,278.89,25,1045.84,UNK,Yes
TXN00585,11/30/2024,C0099,S004,P014,4,194.56,5,739.33,Debit Card,
TXN01250,11/30/2024,C0058,S005,P018,9,92.6,5,791.73,Gift Card,Y
TXN00027,11/29/2024,C0098,S001,P018,5,17.16,15,72.93,PayPal,Yes
TXN01620,11/29/2024,C0105,S004,P004,4,36.15,5,137.37,Gift Card,Yes
TXN00811,11/29/2024,C0105,S83,P019,4,152.87,5,580.91,Gift Card,FALSE
TXN01344,11/29/2024,C0145,S004,P002,3,261.89,0,785.67,Debit Card,TRUE
TXN00266,11/28/2024,C0078,S003,P001,5,271.06,0,1355.3,Gift Card,FALSE
TXN00882,11/28/2024,C0105,S64,P015,1,152.92,20,122.34,Debit Card,TRUE
TXN01381,11/28/2024,C0030,S006,P011,2,168.68,0,337.36,UNK,FALSE
TXN01713,11/28/2024,C0115,S002,P008,7,26.07,15,155.12,Gift Card,Y
TXN01002,11/27/2024,C9979,S006,P003,9,176.46,10,1429.33,Credit Card,Y
TXN01851,11/27/2024,C0024,S002,P020,4,261.84,20,837.89,PayPal,
TXN00141,11/26/2024,C0112,S003,P019,1,187.33,20,149.86,Credit Card,no
TXN01360,11/26/2024,C0110,S005,P013,4,266.24,5,1011.71,PayPal,N
TXN00048,11/25/2024,C0134,S001,P014,4,282.14,25,846.42,Debit Card,
TXN00127,11/25/2024,C0138,S86,P012,2,291.19,10,524.14,Debit Card,FALSE
TXN00006,11/24/2024,C0190,S001,P570,3,105.31,25,236.95,Debit Card,no
TXN01217,11/24/2024,C0195,S004,P016,2,165.29,25,247.94,PayPal,
TXN00611,11/24/2024,C0067,S006,P005,2,196.25,20,314,Credit Card,FALSE
TXN01852,11/23/2024,C0197,S005,P016,2,244.42,25,366.63,Cash,FALSE
TXN00323,11/22/2024,C0098,S004,P013,1,13.11,0,13.11,PayPal,TRUE
TXN00431,11/21/2024,C0134,S004,P005,8,195.29,0,1562.32,UNK,N
TXN00478,11/21/2024,C0184,S002,P018,8,49.56,0,396.48,Credit Card,TRUE
TXN01503,11/21/2024,C0183,S004,P006,3,252.96,0,758.88,Credit Card,TRUE
TXN01605,11/21/2024,C0051,S004,P003,8,217.08,0,1736.64,Debit Card,TRUE
TXN00258,11/20/2024,C0093,S002,P010,2,203.45,0,406.9,PayPal,No
TXN00922,11/20/2024,C0029,S001,P006,1,45.08,0,45.08,UNK,TRUE
TXN01270,11/20/2024,C0051,S001,P979,10,85.1,0,851,Gift Card,No
TXN01970,11/20/2024,C0029,S004,P003,9,33.74,0,303.66,Gift Card,Y
TXN00287,11/19/2024,C0143,S006,P013,9,33.53,0,301.77,PayPal,No
TXN00346,11/19/2024,C0003,S001,P002,2,71.21,0,142.42,Credit Card,TRUE
TXN00637,11/19/2024,C0084,S57,P017,2,233.78,25,350.67,Debit Card,FALSE
TXN00034,11/18/2024,C0014,S005,P018,2,94.29,0,188.58,PayPal,no
TXN00035,11/18/2024,C0026,S001,P011,8,140.69,10,1012.97,Cash,no
TXN00228,11/18/2024,C0142,S006,P012,2,165.12,5,313.73,Debit Card,yes
TXN01309,11/18/2024,C0041,S006,P005,5,273.49,15,1162.33,Cash,Yes
TXN01342,11/17/2024,C0102,S001,P015,1,233.88,5,222.19,PayPal,No
TXN01926,11/17/2024,C0140,S003,P006,4,154.14,25,462.42,PayPal,TRUE
TXN00778,11/16/2024,C0088,S003,P009,10,171.98,15,1461.83,Cash,FALSE
TXN01079,11/16/2024,C0165,S005,P009,2,82.26,0,164.52,PayPal,N
TXN01219,11/16/2024,C0050,S002,P013,3,57.06,0,171.18,Debit Card,
TXN01847,11/16/2024,C0018,S005,P002,8,24.79,0,198.32,Credit Card,N
TXN00566,11/15/2024,C0119,S001,P011,3,125.97,15,321.22,Debit Card,
TXN00623,11/15/2024,C0029,S001,P010,7,191.34,10,1205.44,Credit Card,no
TXN00988,11/15/2024,C0069,S001,P013,6,96.74,0,580.44,Gift Card,yes
TXN01584,11/15/2024,C9709,S003,P807,5,137.37,15,583.82,Debit Card,FALSE
TXN00218,11/14/2024,C0158,S004,P003,9,72.08,10,583.85,Gift Card,No
TXN00406,11/14/2024,C0160,S003,P009,8,201.9,10,1453.68,Debit Card,Yes
TXN00649,11/14/2024,C0007,S006,P008,4,137.7,5,523.26,Credit Card,TRUE
TXN00861,11/14/2024,C0177,S005,P017,6,298.03,0,1788.18,Cash,Yes
TXN01255,11/14/2024,C0162,S003,P005,1,268.2,20,214.56,Gift Card,Yes
TXN01557,11/14/2024,C0167,S004,P013,10,13.66,10,122.94,Cash,Yes
TXN01518,11/13/2024,C0023,S004,P006,8,278.05,0,2224.4,Debit Card,
TXN00816,11/12/2024,C0170,S004,P014,1,83.11,20,66.49,Credit Card,TRUE
TXN01785,11/12/2024,C0032,S004,P008,7,258.26,15,1536.65,Debit Card,N
TXN01992,11/12/2024,C0161,S002,P007,7,171.08,5,1137.68,Cash,
TXN01528,11/10/2024,C0095,S006,P016,5,24.41,20,97.64,Gift Card,no
TXN01643,11/10/2024,C0137,S002,P006,9,271.31,0,2441.79,Cash,Y
TXN01470,11/9/2024,C0185,S002,P003,2,123.33,25,185,Debit Card,Y
TXN01067,11/8/2024,C0079,S002,P014,10,127.02,25,952.65,UNK,TRUE
TXN01453,11/7/2024,C0184,S002,P013,10,176.96,15,1504.16,Cash,TRUE
TXN00203,11/6/2024,C0016,S003,P010,1,228.82,0,228.82,Gift Card,N
TXN00434,11/6/2024,C0112,S006,P004,2,243.72,0,487.44,Debit Card,No
TXN00244,11/6/2024,C0161,S005,P011,1,200.29,25,150.22,Cash,Y
TXN01055,11/6/2024,C0061,S002,P015,4,212.8,5,808.64,Cash,Yes
TXN00014,11/5/2024,C0088,S006,P010,9,161.38,0,1452.42,Debit Card,No
TXN00321,11/5/2024,C0146,S006,P008,3,89.4,10,241.38,Gift Card,TRUE
TXN00481,11/4/2024,C0131,S005,P016,5,93.94,0,469.7,Credit Card,
TXN01185,11/4/2024,C0023,S001,P016,5,189.72,0,948.6,Credit Card,
TXN01298,11/4/2024,C0042,S003,P020,1,179.81,0,179.81,Gift Card,Yes
TXN00090,11/3/2024,C0161,S005,P014,2,232.22,15,394.77,Debit Card,No
TXN00527,11/3/2024,C0077,S003,P016,7,183.37,25,962.69,Credit Card,
TXN00591,11/3/2024,C0063,S002,P011,2,142.89,25,214.34,Cash,yes
TXN00689,11/3/2024,C0021,S001,P020,1,223.05,0,223.05,PayPal,
TXN01537,11/3/2024,C0008,S002,P006,8,246.96,0,1975.68,Debit Card,N
TXN01993,11/3/2024,C0124,S006,P003,5,239.2,10,1076.4,Debit Card,Yes
TXN00630,11/2/2024,C0087,S002,P016,9,142.33,0,1280.97,UNK,yes
TXN00484,11/2/2024,C0168,S003,P005,5,237.64,10,1069.38,PayPal,
TXN01382,11/2/2024,C0026,S002,P001,8,12.04,20,77.06,Credit Card,No
TXN00013,11/1/2024,C0088,S001,P015,6,172.44,25,775.98,PayPal,No
TXN00391,11/1/2024,C0050,S001,P018,10,109.44,25,820.8,Cash,Yes
TXN01013,11/1/2024,C0151,S006,P011,1,137.04,0,137.04,PayPal,Y
TXN01682,10/31/2024,C0017,S002,P016,3,22.12,20,53.09,Debit Card,FALSE
TXN01444,10/31/2024,C0029,S001,P013,9,198,20,1425.6,UNK,TRUE
TXN00366,10/30/2024,C0144,S001,P004,9,96.59,0,869.31,Credit Card,Y
TXN01063,10/30/2024,C0039,S92,P013,3,126.37,0,379.11,Debit Card,Y
TXN01702,10/30/2024,C0074,S002,P008,1,238.46,5,226.54,Credit Card,yes
TXN00028,10/29/2024,C0132,S001,P018,9,12.13,0,109.17,Gift Card,
TXN01182,10/29/2024,C0077,S001,P005,5,284.93,15,1210.95,Debit Card,Yes
TXN00019,10/27/2024,C0046,S006,P004,6,173.06,20,830.69,UNK,yes
TXN00982,10/26/2024,C0116,S002,P004,3,292.98,25,659.21,Gift Card,N
TXN01532,10/26/2024,C0063,S006,P020,6,261.29,0,1567.74,Credit Card,no
TXN01946,10/26/2024,C0164,S001,P015,4,297.24,25,891.72,Credit Card,FALSE
TXN00216,10/25/2024,C0022,S001,P004,6,59.24,15,302.12,UNK,
TXN01135,10/25/2024,C0113,S003,P016,7,98.04,10,617.65,Gift Card,
TXN00815,10/25/2024,C0095,S004,P017,5,138.59,5,658.3,Debit Card,no
TXN00887,10/25/2024,C0156,S006,P018,2,197.71,10,355.88,UNK,TRUE
TXN01062,10/25/2024,C0015,S006,P009,2,250.03,0,500.06,UNK,yes
TXN01278,10/25/2024,C0189,S002,P017,5,89.98,25,337.43,PayPal,no
TXN01736,10/25/2024,C0173,S003,P003,2,182.18,0,364.36,Debit Card,N
TXN00115,10/23/2024,C0185,S002,P018,3,123.99,15,316.17,Gift Card,TRUE
TXN00277,10/23/2024,C0043,S005,P010,9,197.1,0,1773.9,Credit Card,FALSE
TXN00462,10/23/2024,C0029,S001,P019,5,79.24,0,396.2,Debit Card,
TXN00568,10/23/2024,C0128,S002,P003,6,121.38,0,728.28,Debit Card,TRUE
TXN00636,10/23/2024,C0152,S003,P009,3,268.87,0,806.61,Cash,Y
TXN00364,10/22/2024,C0077,S001,P018,3,127.55,0,382.65,UNK,TRUE
TXN00245,10/21/2024,C0015,S005,P013,2,125.67,0,251.34,Debit Card,No
TXN00789,10/21/2024,C0172,S005,P007,8,200.29,15,1361.97,Debit Card,Yes
TXN01195,10/21/2024,C0036,S005,P017,3,276.99,5,789.42,Credit Card,Yes
TXN01603,10/20/2024,C0095,S006,P012,9,119.05,25,803.59,Cash,Yes
TXN00557,10/19/2024,C0049,S006,P002,7,214.72,0,1503.04,Debit Card,Y
TXN00863,10/19/2024,C0154,S006,P015,2,267.85,10,482.13,Debit Card,Y
TXN01283,10/19/2024,C0021,S005,P017,7,105.44,15,627.37,Credit Card,
TXN01823,10/19/2024,C0126,S002,P006,3,65.32,15,166.57,Gift Card,
TXN00231,10/18/2024,C0103,S003,P003,2,55.77,0,111.54,Cash,TRUE
TXN01229,10/18/2024,C0124,S001,P016,6,99,5,564.3,PayPal,yes
TXN00169,10/17/2024,C0116,S002,P002,10,62.2,25,466.5,Credit Card,no
TXN00951,10/17/2024,C9619,S006,P020,7,121.28,5,806.51,Debit Card,Yes
TXN01289,10/17/2024,C0005,S003,P020,7,140.4,20,786.24,Cash,FALSE
TXN01419,10/16/2024,C0159,S004,P009,8,237,15,1611.6,Cash,N
TXN01694,10/16/2024,C0195,S002,P009,10,239.46,25,1795.95,PayPal,yes
TXN00290,10/15/2024,C0072,S004,P007,10,204.93,0,2049.3,Credit Card,Y
TXN00417,10/15/2024,C0062,S005,P019,8,23.25,15,158.1,Cash,yes
TXN00077,10/14/2024,C0116,S005,P011,1,54.12,0,54.12,Credit Card,N
TXN01285,10/14/2024,C0036,S001,P002,5,197.89,20,791.56,UNK,
TXN00073,10/13/2024,C0112,S006,P012,8,166.5,0,1332,Credit Card,N
TXN00272,10/13/2024,C0113,S004,P014,3,51.86,0,155.58,UNK,FALSE
TXN00677,10/13/2024,C0040,S003,P010,3,289.28,20,694.27,Cash,Yes
TXN00579,10/12/2024,C0139,S005,P674,6,110.45,25,497.03,PayPal,Y
TXN00746,10/12/2024,C0154,S004,P014,10,18.97,0,189.7,Cash,Yes
TXN01074,10/12/2024,C0092,S006,P011,4,24.37,15,82.86,Cash,no
TXN01867,10/12/2024,C0073,S003,P003,2,47.72,0,95.44,PayPal,FALSE
TXN00893,10/11/2024,C0175,S005,P013,4,261.22,5,992.64,Debit Card,no
TXN01526,10/11/2024,C0099,S001,P987,8,195.29,0,1562.32,Cash,
TXN00168,10/9/2024,C0200,S004,P001,3,278.58,10,752.17,PayPal,N
TXN00850,10/8/2024,C0127,S004,P008,1,265.89,0,265.89,UNK,TRUE
TXN01117,10/8/2024,C0193,S004,P015,2,81.87,10,147.37,Debit Card,Y
TXN01739,10/8/2024,C0072,S001,P014,2,226.04,0,452.08,UNK,no
TXN01915,10/8/2024,C0150,S001,P020,10,34.66,15,294.61,Credit Card,Yes
TXN01126,10/7/2024,C0103,S005,P004,7,94.96,0,664.72,Cash,FALSE
TXN00518,10/7/2024,C0112,S004,P006,10,275.74,0,2757.4,Cash,TRUE
TXN00524,10/7/2024,C0173,S006,P002,7,39.13,15,232.82,Credit Card,Yes
TXN01768,10/7/2024,C0077,S004,P585,7,230.13,25,1208.18,UNK,Yes
TXN00306,10/6/2024,C0033,S005,P007,2,237.55,0,475.1,UNK,no
TXN01757,10/6/2024,C0130,S001,P014,7,135.09,0,945.63,Cash,TRUE
TXN00440,10/5/2024,C0040,S95,P003,10,120.9,0,1209,Cash,N
TXN01190,10/4/2024,C0061,S004,P015,10,205.24,25,1539.3,Debit Card,Yes
TXN01388,10/4/2024,C0199,S001,P019,8,264.72,25,1588.32,Cash,Y
TXN01744,10/4/2024,C9605,S004,P018,3,120.26,0,360.78,Cash,TRUE
TXN01767,10/4/2024,C0135,S005,P008,10,40.9,5,388.55,Credit Card,No
TXN01787,10/4/2024,C0058,S002,P009,2,210.18,20,336.29,Gift Card,no
TXN00296,10/3/2024,C0027,S005,P013,7,37.79,20,211.62,Credit Card,TRUE
TXN01997,10/3/2024,C0136,S001,P016,9,127.01,0,1143.09,Cash,TRUE
TXN01246,10/3/2024,C0006,S001,P018,7,97.39,0,681.73,Cash,
TXN01897,10/3/2024,C0014,S006,P003,8,34.67,5,263.49,Debit Card,No
TXN00106,10/2/2024,C0100,S001,P009,4,54,20,172.8,Debit Card,FALSE
TXN00443,10/2/2024,C0176,S003,P015,3,62.14,0,186.42,Credit Card,No
TXN00694,10/2/2024,C0122,S006,P020,3,146.07,0,438.21,Debit Card,N
TXN01422,10/2/2024,C0058,S002,P010,7,169.07,20,946.79,Debit Card,No
TXN01749,10/2/2024,C0054,S002,P516,3,111.35,15,283.94,Gift Card,Y
TXN00822,10/1/2024,C0063,S003,P008,9,106.69,5,912.2,Debit Card,No
TXN00435,9/30/2024,C0026,S005,P002,5,256.99,5,1220.7,Debit Card,No
TXN01105,9/29/2024,C0171,S002,P013,2,107.22,10,193,UNK,no
TXN00503,9/28/2024,C0110,S006,P004,9,122.55,10,992.66,PayPal,
TXN01581,9/28/2024,C0110,S004,P004,8,200.49,10,1443.53,Cash,yes
TXN00284,9/27/2024,C0043,S80,P009,7,299.78,5,1993.54,Credit Card,N
TXN00801,9/27/2024,C0197,S001,P011,3,161.41,5,460.02,Cash,Yes
TXN01623,9/27/2024,C0138,S001,P010,9,231.04,0,2079.36,Credit Card,Yes
TXN00295,9/26/2024,C0025,S005,P002,1,119.44,0,119.44,PayPal,Yes
TXN00267,9/25/2024,C0179,S006,P007,5,34.44,15,146.37,Cash,FALSE
TXN01501,9/25/2024,C0183,S001,P019,8,41.42,15,281.66,Debit Card,
TXN01125,9/24/2024,C0073,S001,P007,10,242.57,10,2183.13,Credit Card,TRUE
TXN01895,9/24/2024,C0155,S005,P003,10,120.16,20,961.28,Gift Card,No
TXN00538,9/23/2024,C0134,S005,P002,8,83.09,10,598.25,Credit Card,no
TXN01214,9/23/2024,C0014,S003,P010,8,248.23,15,1687.96,Debit Card,No
TXN00380,9/22/2024,C0077,S001,P006,7,112.81,0,789.67,UNK,FALSE
TXN00055,9/21/2024,C0010,S006,P580,2,299.08,20,478.53,Gift Card,FALSE
TXN00572,9/21/2024,C0117,S004,P004,8,143.47,0,1147.76,Credit Card,
TXN00785,9/21/2024,C9944,S002,P016,2,87.53,10,157.55,Credit Card,N
TXN01112,9/21/2024,C0195,S005,P020,5,176.86,0,884.3,Gift Card,No
TXN00757,9/20/2024,C0070,S001,P014,4,80.19,0,320.76,Credit Card,No
TXN01776,9/20/2024,C0117,S004,P019,5,231.37,0,1156.85,Cash,Y
TXN00107,9/19/2024,C0176,S002,P014,5,273.82,15,1163.74,Cash,FALSE
TXN00711,9/19/2024,C0009,S003,P019,1,266.15,0,266.15,PayPal,No
TXN01995,9/19/2024,C0025,S006,P008,4,247.42,10,890.71,Cash,
TXN01591,9/18/2024,C0010,S003,P006,5,82.24,0,411.2,Cash,FALSE
TXN01580,9/17/2024,C0046,S004,P007,6,198.75,0,1192.5,Debit Card,Y
TXN01727,9/17/2024,C0189,S003,P019,9,194.84,15,1490.53,PayPal,TRUE
TXN00604,9/16/2024,C0084,S004,P014,5,76.33,10,343.49,Credit Card,no
TXN00634,9/16/2024,C0052,S004,P017,7,269.19,25,1413.25,Credit Card,Yes
TXN00664,9/16/2024,C0128,S003,P002,9,251.06,5,2146.56,UNK,N
TXN01788,9/16/2024,C0106,S004,P008,3,75.35,0,226.05,Cash,no
TXN00420,9/15/2024,C0197,S002,P012,10,258.23,20,2065.84,Gift Card,Y
TXN00886,9/15/2024,C0140,S002,P002,6,241.53,5,1376.72,Credit Card,FALSE
TXN00995,9/15/2024,C0104,S004,P006,3,184.92,25,416.07,PayPal,Yes
TXN01572,9/15/2024,C0125,S005,P019,4,162.41,0,649.64,Cash,Yes
TXN01384,9/14/2024,C0012,S003,P016,6,143.47,20,688.66,Gift Card,Y
TXN01317,9/14/2024,C0121,S006,P012,2,150.16,5,285.3,UNK,no
TXN01347,9/14/2024,C9688,S003,P011,5,210.11,0,1050.55,PayPal,no
TXN01958,9/14/2024,C0043,S002,P008,6,82.83,20,397.58,Debit Card,N
TXN00279,9/13/2024,C0151,S001,P006,7,16.98,15,101.03,Debit Card,FALSE
TXN00389,9/13/2024,C0048,S004,P010,2,38.1,0,76.2,Cash,no
TXN00421,9/13/2024,C0040,S004,P001,3,232.23,10,627.02,Debit Card,TRUE
TXN00608,9/13/2024,C0016,S006,P018,6,137.06,10,740.12,Debit Card,no
TXN00088,9/12/2024,C0004,S002,P003,8,242.3,0,1938.4,Debit Card,no
TXN00338,9/12/2024,C0086,S004,P007,1,13.72,15,11.66,Debit Card,no
TXN00786,9/12/2024,C0041,S006,P016,10,74.9,10,674.1,PayPal,TRUE
TXN00485,9/12/2024,C0148,S005,P017,5,47.53,15,202,Debit Card,No
TXN00831,9/12/2024,C0188,S001,P010,7,234.04,25,1228.71,Debit Card,N
TXN01833,9/12/2024,C9658,S004,P869,2,287.29,0,574.58,Gift Card,yes
TXN01324,9/11/2024,C0011,S001,P004,10,212.79,0,2127.9,Credit Card,Y
TXN01169,9/11/2024,C9935,S003,P014,1,64.02,0,64.02,Cash,Yes
TXN01258,9/11/2024,C0096,S003,P005,2,155.5,5,295.45,Cash,FALSE
TXN01607,9/11/2024,C0127,S004,P012,10,89.06,10,801.54,UNK,no
TXN01902,9/11/2024,C0184,S002,P015,1,18.49,0,18.49,Credit Card,Yes
TXN01658,9/10/2024,C0087,S001,P009,10,167.03,5,1586.79,PayPal,yes
TXN01782,9/10/2024,C0167,S001,P006,7,295.62,0,2069.34,Debit Card,Yes
TXN01824,9/10/2024,C0142,S001,P008,2,231.84,0,463.68,Debit Card,no
TXN00210,9/9/2024,C0125,S002,P004,2,82.7,25,124.05,Credit Card,No
TXN00807,9/9/2024,C0026,S001,P011,6,267.64,0,1605.84,Debit Card,Y
TXN01688,9/9/2024,C0198,S005,P017,5,65.72,0,328.6,Cash,No
TXN01849,9/9/2024,C0166,S006,P011,4,261.77,20,837.66,PayPal,yes
TXN00355,9/8/2024,C0028,S005,P011,3,246.68,10,666.04,PayPal,N
TXN00760,9/7/2024,C0175,S004,P011,6,127.48,5,726.64,Debit Card,TRUE
TXN00017,9/6/2024,C0083,S004,P020,4,89.34,15,303.76,Cash,N
TXN00955,9/6/2024,C0042,S002,P004,4,71.87,20,229.98,Gift Card,Yes
TXN00402,9/6/2024,C9989,S56,P011,2,68.67,25,103.01,Cash,yes
TXN01613,9/6/2024,C0154,S005,P011,2,35.16,0,70.32,Gift Card,TRUE
TXN00539,9/5/2024,C0002,S002,P016,9,154.95,5,1324.82,UNK,FALSE
TXN01293,9/5/2024,C0106,S001,P002,4,19.02,0,76.08,Debit Card,TRUE
TXN00783,9/4/2024,C0097,S001,P001,3,166.71,25,375.1,Cash,Yes
TXN01354,9/4/2024,C0066,S006,P002,10,224.63,15,1909.36,Credit Card,Y
TXN00054,9/3/2024,C0199,S006,P001,4,256.66,10,923.98,UNK,FALSE
TXN00075,9/3/2024,C0002,S002,P018,7,124.48,0,871.36,Debit Card,Y
TXN00362,9/2/2024,C0168,S006,P003,8,260.82,20,1669.25,Cash,Yes
TXN00442,9/2/2024,C0037,S002,P016,6,274.69,5,1565.73,Credit Card,
TXN00853,9/2/2024,C0186,S001,P007,7,116.69,15,694.31,Credit Card,No
TXN01137,9/2/2024,C0190,S002,P003,2,279.5,25,419.25,Cash,TRUE
TXN00779,8/31/2024,C0063,S001,P009,6,282.58,10,1525.93,Debit Card,Yes
TXN01715,8/31/2024,C0035,S001,P018,6,155.05,0,930.3,Debit Card,no
TXN00163,8/30/2024,C0100,S005,P016,9,289.84,25,1956.42,Cash,Yes
TXN01023,8/30/2024,C0080,S001,P008,7,204.6,0,1432.2,Cash,TRUE
TXN01121,8/30/2024,C0137,S005,P012,8,61.68,0,493.44,Cash,
TXN01189,8/30/2024,C0002,S83,P019,2,45.18,0,90.36,Debit Card,
TXN01345,8/30/2024,C0067,S004,P020,3,74.91,15,191.02,Gift Card,N
TXN01811,8/30/2024,C0140,S003,P005,3,186.65,5,531.95,Credit Card,no
TXN00335,8/29/2024,C0053,S001,P015,5,57.61,5,273.65,Gift Card,yes
TXN01454,8/29/2024,C0179,S005,P006,10,269.49,0,2694.9,Debit Card,Yes
TXN01967,8/28/2024,C0036,S002,P012,3,288.9,0,866.7,Credit Card,Yes
TXN00008,8/27/2024,C0146,S002,P012,10,18.36,0,183.6,Debit Card,TRUE
TXN00215,8/27/2024,C9857,S006,P011,7,38.23,15,227.47,Credit Card,Y
TXN00458,8/27/2024,C0132,S003,P005,9,40.64,0,365.76,PayPal,FALSE
TXN00642,8/27/2024,C0165,S005,P008,6,178.24,20,855.55,Credit Card,no
TXN01259,8/27/2024,C0002,S005,P002,7,152.89,20,856.18,Gift Card,Y
TXN00001,8/26/2024,C0032,S006,P013,5,233.66,0,1168.3,Debit Card,Yes
TXN00039,8/26/2024,C0075,S005,P013,6,155.63,5,887.09,Cash,FALSE
TXN00940,8/26/2024,C0154,S004,P017,8,195.28,0,1562.24,Debit Card,
TXN01260,8/26/2024,C0143,S001,P020,1,58.12,25,43.59,Debit Card,yes
TXN00154,8/25/2024,C0134,S006,P011,9,13.07,0,117.63,Debit Card,FALSE
TXN01046,8/25/2024,C0069,S001,P010,1,299.33,10,269.4,Gift Card,N
TXN00313,8/24/2024,C0194,S004,P003,6,255.28,20,1225.34,Gift Card,TRUE
TXN00315,8/24/2024,C9804,S58,P011,10,192.65,20,1541.2,Debit Card,No
TXN00546,8/24/2024,C0099,S005,P020,8,70.7,0,565.6,Debit Card,N
TXN00788,8/24/2024,C0038,S004,P003,5,233.41,15,991.99,Debit Card,
TXN00525,8/23/2024,C0057,S003,P016,3,222.73,10,601.37,Debit Card,FALSE
TXN01383,8/23/2024,C0124,S005,P013,9,185.94,5,1589.79,UNK,
TXN00559,8/22/2024,C0138,S006,P010,4,109.23,10,393.23,Credit Card,Y
TXN01263,8/22/2024,C0143,S002,P001,2,164.65,15,279.91,Debit Card,N
TXN01548,8/22/2024,C0031,S001,P014,3,208.16,0,624.48,Cash,
TXN01670,8/22/2024,C0103,S003,P014,8,299.96,15,2039.73,UNK,
TXN01676,8/22/2024,C0165,S002,P020,5,124.35,15,528.49,Credit Card,
TXN01928,8/22/2024,C0105,S004,P005,9,134.81,5,1152.63,Cash,TRUE
TXN00024,8/21/2024,C0002,S006,P002,3,279.3,0,837.9,Credit Card,TRUE
TXN00365,8/21/2024,C0167,S002,P004,3,259.98,0,779.94,Credit Card,N
TXN00686,8/21/2024,C0115,S004,P019,6,266.83,0,1600.98,Cash,yes
TXN00945,8/21/2024,C0038,S001,P001,9,156.06,10,1264.09,Debit Card,FALSE
TXN01033,8/21/2024,C0138,S001,P006,10,36,0,360,Credit Card,N
TXN01939,8/21/2024,C0168,S001,P015,1,87.46,5,83.09,Debit Card,FALSE
TXN00594,8/20/2024,C0150,S73,P017,7,148.32,0,1038.24,UNK,no
TXN01522,8/19/2024,C0018,S002,P012,7,111.77,0,782.39,Debit Card,yes
TXN00599,8/18/2024,C0026,S001,P003,4,148.71,25,446.13,UNK,Y
TXN01520,8/17/2024,C0082,S001,P011,10,148.22,25,1111.65,PayPal,
TXN00508,8/16/2024,C0142,S001,P009,5,14.67,15,62.35,Gift Card,no
TXN01252,8/16/2024,C0200,S005,P020,10,188.29,0,1882.9,PayPal,
TXN01636,8/16/2024,C9891,S005,P019,9,105.84,20,762.05,Credit Card,No
TXN00430,8/15/2024,C0083,S006,P011,1,53.65,25,40.24,Cash,No
TXN00219,8/15/2024,C0087,S005,P016,7,70.82,0,495.74,Credit Card,
TXN01367,8/15/2024,C9788,S001,P016,10,150.59,25,1129.43,Cash,FALSE
TXN00769,8/14/2024,C0192,S003,P014,3,155.91,25,350.8,Debit Card,no
TXN00912,8/13/2024,C0158,S004,P004,7,241.83,0,1692.81,UNK,N
TXN00320,8/12/2024,C9093,S004,P010,7,187.78,0,1314.46,Debit Card,TRUE
TXN00513,8/12/2024,C0063,S003,P011,2,210.99,25,316.49,Cash,No
TXN00570,8/11/2024,C0176,S004,P013,7,233.69,10,1472.25,Debit Card,TRUE
TXN01173,8/11/2024,C0047,S001,P010,3,63.8,0,191.4,Gift Card,N
TXN01333,8/11/2024,C0048,S001,P018,7,22.47,25,117.97,PayPal,yes
TXN01683,8/11/2024,C0058,S006,P010,6,240.8,10,1300.32,Debit Card,No
TXN01265,8/10/2024,C0003,S005,P014,7,59.37,25,311.69,Cash,Yes
TXN01072,8/9/2024,C0116,S001,P007,7,268.25,20,1502.2,Cash,Yes
TXN01377,8/9/2024,C0182,S004,P009,9,192.03,25,1296.2,PayPal,TRUE
TXN00099,8/8/2024,C0158,S005,P003,5,235.26,15,999.86,Debit Card,
TXN00293,8/8/2024,C0189,S006,P003,4,67.09,15,228.11,Debit Card,Yes
TXN00372,8/8/2024,C0142,S001,P006,6,284.49,20,1365.55,UNK,FALSE
TXN01891,8/8/2024,C0146,S001,P016,10,274.8,0,2748,Gift Card,N
TXN00859,8/8/2024,C0161,S004,P005,10,71.15,10,640.35,Debit Card,Y
TXN00094,8/7/2024,C0040,S004,P005,5,116.45,5,553.14,Debit Card,
TXN00128,8/7/2024,C0048,S003,P011,1,88.73,0,88.73,PayPal,yes
TXN00910,8/7/2024,C0084,S001,P015,7,270.9,5,1801.49,UNK,N
TXN01040,8/7/2024,C0068,S005,P008,3,218.85,10,590.9,Cash,no
TXN01814,8/7/2024,C0010,S001,P006,3,43.72,5,124.6,Debit Card,Yes
TXN00250,8/5/2024,C0091,S001,P001,2,224.75,25,337.13,Debit Card,Yes
TXN00330,8/5/2024,C0025,S006,P005,6,60.85,15,310.34,Debit Card,no
TXN00926,8/5/2024,C0033,S005,P001,2,76.37,25,114.56,Debit Card,no
TXN01311,8/5/2024,C0199,S001,P012,7,164.84,0,1153.88,Gift Card,Yes
TXN00504,8/4/2024,C0067,S004,P008,3,273.24,10,737.75,Debit Card,Y
TXN00721,8/4/2024,C0025,S002,P014,6,32.07,20,153.94,Credit Card,No
TXN01160,8/4/2024,C0089,S001,P010,4,123.94,0,495.76,Gift Card,TRUE
TXN00470,8/3/2024,C0089,S001,P005,8,207.47,10,1493.78,Credit Card,TRUE
TXN01012,8/2/2024,C0016,S76,P002,2,102.66,15,174.52,Cash,no
TXN01987,8/2/2024,C0191,S005,P001,1,243.17,20,194.54,Debit Card,no
TXN00864,8/1/2024,C0006,S003,P007,3,268.26,0,804.78,Gift Card,yes
TXN01131,8/1/2024,C0113,S006,P010,7,140.16,0,981.12,Credit Card,No
TXN01308,7/31/2024,C0077,S002,P019,8,103.21,25,619.26,UNK,
TXN00058,7/30/2024,C0063,S004,P019,1,149.77,10,134.79,Gift Card,no
TXN00285,7/30/2024,C0023,S001,P018,5,264.7,5,1257.33,Cash,no
TXN00939,7/30/2024,C0182,S003,P011,4,203.64,0,814.56,Credit Card,FALSE
TXN01431,7/30/2024,C0177,S006,P003,7,153.15,5,1018.45,Debit Card,No
TXN00867,7/28/2024,C0073,S003,P004,3,271.65,20,651.96,Cash,
TXN00223,7/27/2024,C0109,S001,P009,3,18.45,10,49.82,Credit Card,TRUE
TXN00550,7/27/2024,C0049,S002,P001,4,138.2,5,525.16,Cash,yes
TXN01167,7/27/2024,C0028,S003,P002,4,98.47,5,374.19,Debit Card,FALSE
TXN01777,7/27/2024,C0135,S003,P008,10,54.5,25,408.75,PayPal,No
TXN00238,7/26/2024,C9183,S005,P011,8,48.26,15,328.17,Credit Card,No
TXN00490,7/26/2024,C0018,S006,P003,10,32.66,10,293.94,Credit Card,FALSE
TXN01836,7/26/2024,C0038,S006,P009,3,141.67,0,425.01,Cash,TRUE
TXN01886,7/26/2024,C0089,S006,P012,3,244.61,0,733.83,UNK,FALSE
TXN00170,7/25/2024,C0031,S001,P018,9,73.59,5,629.19,Cash,TRUE
TXN00233,7/25/2024,C0161,S001,P007,5,213.37,0,1066.85,Cash,No
TXN00314,7/25/2024,C9142,S002,P001,8,245.02,15,1666.14,Debit Card,FALSE
TXN00916,7/25/2024,C0133,S002,P845,2,49.07,15,83.42,Credit Card,FALSE
TXN00051,7/24/2024,C0095,S004,P010,10,109.86,20,878.88,Debit Card,Y
TXN01335,7/24/2024,C9574,S005,P012,6,163.52,10,883.01,Cash,
TXN01868,7/24/2024,C0139,S001,P014,2,102.5,10,184.5,Cash,FALSE
TXN01976,7/24/2024,C0159,S003,P002,8,84.79,10,610.49,Credit Card,yes
TXN01705,7/23/2024,C0137,S003,P004,10,193.21,0,1932.1,Credit Card,N
TXN00842,7/23/2024,C0190,S90,P006,9,285.05,25,1924.09,Gift Card,
TXN00941,7/23/2024,C0027,S004,P005,4,150.64,0,602.56,Gift Card,Y
TXN01091,7/23/2024,C0125,S001,P005,1,46.85,10,42.17,Credit Card,No
TXN01184,7/23/2024,C0132,S002,P013,1,273.28,10,245.95,UNK,Y
TXN01784,7/23/2024,C0168,S005,P013,10,191.1,20,1528.8,Gift Card,No
TXN01330,7/22/2024,C0002,S004,P002,6,279.16,0,1674.96,Debit Card,Y
TXN02000,7/22/2024,C0118,S004,P015,1,74.14,20,59.31,Cash,
TXN00860,7/21/2024,C9540,S002,P008,8,260.22,0,2081.76,Cash,No
TXN00322,7/20/2024,C0095,S001,P011,7,140.77,10,886.85,Credit Card,No
TXN00751,7/20/2024,C0119,S002,P010,4,69.66,15,236.84,PayPal,no
TXN01838,7/20/2024,C0075,S006,P017,10,103.97,10,935.73,Debit Card,Yes
TXN00797,7/19/2024,C0030,S004,P011,3,168.07,5,479,Gift Card,TRUE
TXN00499,7/18/2024,C0168,S003,P018,9,40.27,15,308.07,PayPal,yes
TXN01645,7/18/2024,C0069,S005,P019,8,107.07,0,856.56,Debit Card,TRUE
TXN00025,7/17/2024,C0182,S002,P017,2,238.01,0,476.02,Debit Card,no
TXN01025,7/17/2024,C9193,S002,P020,3,29.58,0,88.74,Credit Card,no
TXN01212,7/17/2024,C0160,S001,P009,1,282.12,5,268.01,Debit Card,Y
TXN01224,7/17/2024,C0179,S006,P008,10,260.13,5,2471.24,Credit Card,no
TXN01380,7/17/2024,C0068,S004,P017,1,259.76,0,259.76,Cash,Y
TXN00133,7/16/2024,C0037,S003,P006,2,100.3,15,170.51,Credit Card,TRUE
TXN00960,7/16/2024,C0130,S003,P003,6,108.68,10,586.87,Credit Card,No
TXN01521,7/16/2024,C0143,S006,P011,1,278.04,10,250.24,Debit Card,no
TXN00358,7/15/2024,C0109,S003,P013,2,163.07,10,293.53,UNK,
TXN01440,7/15/2024,C0089,S003,P016,5,269.09,0,1345.45,PayPal,No
TXN01168,7/15/2024,C0167,S005,P008,4,127.36,25,382.08,Debit Card,Y
TXN01410,7/15/2024,C0001,S004,P007,4,278.1,0,1112.4,Gift Card,Yes
TXN01808,7/15/2024,C0117,S006,P012,5,224.65,10,1010.93,Cash,Y
TXN01179,7/14/2024,C0018,S001,P010,4,128.05,0,512.2,Credit Card,N
TXN00663,7/13/2024,C0073,S004,P010,7,127.23,20,712.49,Debit Card,no
TXN00726,7/11/2024,C0169,S006,P005,6,223.21,15,1138.37,Cash,TRUE
TXN01159,7/11/2024,C0193,S004,P010,8,203.04,0,1624.32,Debit Card,Y
TXN01686,7/11/2024,C0101,S001,P006,2,288.61,5,548.36,Cash,no
TXN01435,7/10/2024,C0021,S004,P003,8,43.64,0,349.12,Credit Card,Yes
TXN00799,7/9/2024,C0164,S002,P001,4,29.13,10,104.87,PayPal,no
TXN00299,7/8/2024,C0038,S005,P012,1,160.13,0,160.13,Credit Card,
TXN00892,7/8/2024,C0192,S003,P006,9,124.02,20,892.94,Credit Card,N
TXN01007,7/8/2024,C0141,S002,P008,7,277.13,10,1745.92,Credit Card,no
TXN01129,7/7/2024,C0159,S004,P004,9,110.81,5,947.43,Cash,Yes
TXN01009,7/7/2024,C0197,S001,P010,1,203.16,0,203.16,Debit Card,No
TXN01151,7/7/2024,C0156,S004,P015,1,278.61,10,250.75,Cash,No
TXN01450,7/7/2024,C9074,S69,P010,6,80.35,0,482.1,Cash,FALSE
TXN00531,7/6/2024,C9739,S74,P011,6,232.38,0,1394.28,Cash,FALSE
TXN00626,7/6/2024,C0158,S001,P019,4,46.49,0,185.96,Debit Card,No
TXN00927,7/6/2024,C0079,S002,P001,5,283.04,0,1415.2,Debit Card,No
TXN01321,7/6/2024,C9214,S004,P002,4,158.99,20,508.77,Credit Card,TRUE
TXN00980,7/5/2024,C0160,S004,P017,9,235.16,0,2116.44,PayPal,N
TXN01423,7/5/2024,C0145,S006,P020,9,238.33,0,2144.97,Gift Card,FALSE
TXN01565,7/5/2024,C0100,S004,P007,7,169.85,5,1129.5,Gift Card,
TXN01734,7/5/2024,C0183,S002,P008,6,23,0,138,Cash,no
TXN00974,7/4/2024,C0189,S004,P020,2,140.72,20,225.15,Credit Card,N
TXN01704,7/4/2024,C0083,S005,P005,9,109.65,25,740.14,Debit Card,yes
TXN01153,7/3/2024,C0021,S005,P016,9,33.14,15,253.52,Credit Card,N
TXN00497,7/3/2024,C0004,S002,P003,1,46.75,0,46.75,Gift Card,yes
TXN01029,7/3/2024,C0059,S002,P003,5,90.84,10,408.78,UNK,No
TXN01966,7/3/2024,C9318,S002,P007,3,227.85,15,581.02,Debit Card,No
TXN00652,7/2/2024,C0155,S003,P018,4,144.93,0,579.72,Debit Card,No
TXN01405,7/2/2024,C0001,S002,P003,5,278.29,10,1252.31,Debit Card,no
TXN01837,7/2/2024,C0043,S002,P007,3,56.05,0,168.15,Cash,
TXN01365,7/1/2024,C0005,S002,P016,1,221.76,25,166.32,Credit Card,yes
TXN00800,7/1/2024,C0032,S005,P003,6,238.81,15,1217.93,UNK,yes
TXN01095,6/30/2024,C0066,S006,P008,8,82.24,5,625.02,Debit Card,N
TXN01789,6/30/2024,C0163,S004,P006,7,267.54,5,1779.14,Cash,N
TXN00221,6/29/2024,C0197,S005,P002,9,68.19,25,460.28,Credit Card,
TXN00633,6/29/2024,C0059,S005,P006,2,207.32,5,393.91,Cash,FALSE
TXN01624,6/29/2024,C0067,S002,P020,3,100.41,0,301.23,Cash,TRUE
TXN00153,6/28/2024,C0111,S006,P011,5,87.46,0,437.3,PayPal,Y
TXN01464,6/28/2024,C0092,S59,P004,10,24.14,5,229.33,Gift Card,TRUE
TXN00613,6/28/2024,C0132,S001,P015,10,198.55,5,1886.23,Debit Card,yes
TXN01341,6/28/2024,C0191,S006,P007,7,105.73,0,740.11,Cash,TRUE
TXN01512,6/28/2024,C0045,S002,P009,2,107.18,0,214.36,Gift Card,Yes
TXN01907,6/28/2024,C9264,S004,P012,9,100.25,20,721.8,Debit Card,TRUE
TXN00830,6/27/2024,C0152,S005,P015,3,250.34,5,713.47,PayPal,yes
TXN01034,6/27/2024,C0008,S006,P009,2,189.83,20,303.73,Gift Card,No
TXN01488,6/27/2024,C0182,S005,P007,9,222.79,0,2005.11,Credit Card,yes
TXN00198,6/26/2024,C0020,S006,P004,10,228.26,15,1940.21,Credit Card,yes
TXN01375,6/26/2024,C0196,S005,P010,3,267.04,15,680.95,Debit Card,FALSE
TXN01712,6/26/2024,C0036,S006,P009,7,130.37,25,684.44,Debit Card,no
TXN00793,6/25/2024,C0157,S002,P002,8,289.6,10,2085.12,Credit Card,yes
TXN01141,6/25/2024,C0188,S004,P019,5,213.68,25,801.3,Gift Card,Yes
TXN01186,6/25/2024,C0197,S002,P005,4,237.77,5,903.53,Debit Card,yes
TXN01268,6/25/2024,C0125,S003,P013,2,277.81,20,444.5,Debit Card,N
TXN00256,6/24/2024,C9590,S001,P014,8,43.91,15,298.59,Cash,yes
TXN01864,6/24/2024,C0076,S002,P012,7,44.46,0,311.22,Debit Card,N
TXN01916,6/24/2024,C0144,S006,P015,1,14.52,20,11.62,Cash,no
TXN00469,6/23/2024,C0174,S003,P014,5,99.7,0,498.5,Debit Card,
TXN00533,6/23/2024,C0102,S001,P010,1,76.7,5,72.87,Debit Card,
TXN00854,6/22/2024,C0148,S005,P008,7,163.67,15,973.84,Debit Card,Y
TXN01542,6/22/2024,C0168,S002,P818,1,132.93,5,126.28,Gift Card,Yes
TXN00130,6/20/2024,C0084,S001,P017,3,69.5,0,208.5,UNK,No
TXN00326,6/19/2024,C0184,S001,P010,8,25.2,0,201.6,Gift Card,no
TXN00885,6/19/2024,C0045,S005,P019,7,290.99,0,2036.93,Credit Card,Y
TXN01594,6/19/2024,C0010,S005,P005,9,157.51,25,1063.19,Credit Card,
TXN01675,6/19/2024,C0150,S002,P007,3,31.91,0,95.73,Debit Card,No
TXN00456,6/18/2024,C0148,S004,P011,8,75.49,10,543.53,Cash,FALSE
TXN00984,6/18/2024,C0112,S001,P017,10,204.73,25,1535.48,UNK,No
TXN01845,6/18/2024,C0180,S001,P013,8,262.94,0,2103.52,PayPal,No
TXN01024,6/17/2024,C0066,S004,P020,3,10.32,25,23.22,Cash,Y
TXN01640,6/17/2024,C0196,S002,P019,5,99.33,0,496.65,Credit Card,no
TXN00991,6/16/2024,C0145,S005,P016,10,31.07,0,310.7,Cash,no
TXN01261,6/16/2024,C0129,S003,P017,4,250.57,0,1002.28,Debit Card,TRUE
TXN00367,6/15/2024,C0076,S004,P016,6,161.57,15,824.01,Debit Card,Yes
TXN01952,6/15/2024,C0185,S001,P007,3,129.87,10,350.65,UNK,Y
TXN01988,6/15/2024,C0194,S002,P012,9,147.31,10,1193.21,Cash,
TXN00041,6/14/2024,C0093,S004,P002,6,39.94,10,215.68,UNK,N
TXN00477,6/14/2024,C0014,S003,P004,6,182.36,10,984.74,Credit Card,No
TXN01054,6/14/2024,C0046,S001,P006,10,220.61,25,1654.58,Cash,no
TXN01280,6/13/2024,C0147,S53,P016,3,177.29,0,531.87,PayPal,FALSE
TXN01771,6/13/2024,C0004,S002,P004,1,296.59,25,222.44,Debit Card,TRUE
TXN01720,6/13/2024,C0061,S002,P019,8,221.01,5,1679.68,PayPal,TRUE
TXN00839,6/12/2024,C0039,S005,P014,3,241.33,5,687.79,Credit Card,no
TXN01595,6/12/2024,C0111,S005,P009,8,14.76,0,118.08,Credit Card,
TXN00983,6/11/2024,C0183,S002,P004,1,246.7,0,246.7,Credit Card,Yes
TXN01496,6/11/2024,C0041,S004,P013,7,181.83,5,1209.17,Cash,Yes
TXN00972,6/10/2024,C0033,S005,P008,9,104.05,10,842.81,Credit Card,Yes
TXN01551,6/10/2024,C0125,S91,P020,10,253.74,0,2537.4,Credit Card,yes
TXN01621,6/10/2024,C0069,S004,P018,2,111.29,15,189.19,PayPal,FALSE
TXN01940,6/10/2024,C0072,S006,P003,3,114.41,25,257.42,Credit Card,yes
TXN01953,6/10/2024,C0093,S003,P014,1,238.2,0,238.2,Debit Card,yes
TXN00248,6/9/2024,C0119,S006,P005,8,162.91,0,1303.28,PayPal,yes
TXN00394,6/9/2024,C0043,S005,P013,7,186.09,5,1237.5,Gift Card,Yes
TXN00395,6/9/2024,C0182,S003,P008,5,215.39,0,1076.95,Gift Card,yes
TXN01358,6/9/2024,C0135,S002,P017,9,198.19,0,1783.71,Credit Card,No
TXN00328,6/8/2024,C0084,S006,P007,9,124.57,20,896.9,Cash,no
TXN00612,6/8/2024,C0145,S001,P011,9,152.68,15,1168,Debit Card,FALSE
TXN00773,6/8/2024,C0011,S004,P011,4,100,0,400,UNK,yes
TXN01070,6/8/2024,C0149,S002,P005,1,55.98,0,55.98,Cash,TRUE
TXN01145,6/8/2024,C0028,S006,P010,5,262.11,25,982.91,Debit Card,N
TXN00005,6/7/2024,C0186,S003,P015,5,86.6,0,433,Credit Card,yes
TXN00062,6/7/2024,C0057,S002,P014,8,282.5,0,2260,Cash,TRUE
TXN00952,6/7/2024,C0017,S002,P004,7,51.28,15,305.12,Debit Card,yes
TXN01644,6/6/2024,C0110,S003,P014,8,272.93,25,1637.58,Debit Card,yes
TXN01737,6/6/2024,C0010,S005,P003,4,248.47,15,844.8,Gift Card,yes
TXN01164,6/5/2024,C0068,S006,P004,9,228.94,5,1957.44,Credit Card,
TXN00774,6/5/2024,C0134,S004,P020,8,110.61,15,752.15,UNK,No
TXN00787,6/5/2024,C0168,S004,P008,5,203.21,5,965.25,Cash,Yes
TXN00511,6/4/2024,C0183,S002,P019,1,200.55,0,200.55,Debit Card,No
TXN00833,6/4/2024,C0140,S002,P003,6,162.27,0,973.62,Cash,N
TXN01060,6/4/2024,C9108,S003,P005,6,172.46,0,1034.76,Cash,N
TXN00038,6/3/2024,C0149,S005,P002,9,85.58,25,577.67,Debit Card,Y
TXN00509,6/3/2024,C0131,S002,P012,7,30.7,20,171.92,Cash,no
TXN01506,6/3/2024,C0053,S001,P004,5,175.43,25,657.86,Debit Card,Y
TXN01010,6/3/2024,C0025,S006,P668,5,214.21,25,803.29,Cash,N
TXN01295,6/3/2024,C0087,S002,P015,5,35.76,20,143.04,Debit Card,
TXN00696,6/2/2024,C0056,S003,P017,1,199.9,10,179.91,Credit Card,No
TXN00514,6/1/2024,C0093,S005,P014,4,175.11,0,700.44,Debit Card,N
TXN01118,6/1/2024,C0052,S006,P004,9,256.25,5,2190.94,Debit Card,FALSE
TXN00047,5/31/2024,C0039,S002,P020,10,21.32,0,213.2,UNK,Yes
TXN00731,5/31/2024,C0127,S001,P010,4,229.18,10,825.05,Debit Card,Y
TXN01649,5/31/2024,C0016,S004,P002,2,229.99,15,390.98,Cash,N
TXN01931,5/31/2024,C0040,S006,P010,9,137.67,20,991.22,Debit Card,no
TXN00200,5/30/2024,C0049,S005,P017,9,216.64,0,1949.76,Debit Card,N
TXN00393,5/30/2024,C0043,S006,P010,1,287.18,0,287.18,Debit Card,TRUE
TXN01730,5/30/2024,C0189,S003,P002,5,61.05,5,289.99,Cash,Yes
TXN00225,5/27/2024,C0134,S005,P017,5,153.97,0,769.85,Cash,no
TXN00492,5/27/2024,C0159,S006,P019,8,281.71,10,2028.31,Debit Card,yes
TXN00418,5/27/2024,C0193,S003,P004,6,128.11,0,768.66,Credit Card,
TXN01018,5/27/2024,C0175,S002,P019,5,98.96,15,420.58,Debit Card,TRUE
TXN01631,5/26/2024,C0164,S006,P020,10,235.94,0,2359.4,Debit Card,Yes
TXN00243,5/25/2024,C0085,S93,P004,7,118.33,0,828.31,Debit Card,TRUE
TXN01369,5/25/2024,C0058,S006,P672,10,250.23,0,2502.3,Credit Card,N
TXN00409,5/24/2024,C0127,S002,P019,7,162.81,5,1082.69,Credit Card,Y
TXN00646,5/24/2024,C0194,S003,P016,6,107.73,25,484.79,Cash,no
TXN01066,5/23/2024,C0048,S001,P001,5,58.93,0,294.65,PayPal,No
TXN00446,5/22/2024,C0103,S003,P009,7,39.84,10,250.99,PayPal,
TXN00541,5/22/2024,C0135,S006,P014,7,12.68,0,88.76,Credit Card,FALSE
TXN00641,5/21/2024,C0112,S001,P016,9,185.93,20,1338.7,Debit Card,Yes
TXN00803,5/21/2024,C0118,S006,P002,1,141.34,0,141.34,Cash,no
TXN00119,5/20/2024,C0151,S004,P003,10,184.03,5,1748.29,UNK,Y
TXN00259,5/20/2024,C0054,S001,P009,6,206.31,0,1237.86,Credit Card,No
TXN00451,5/20/2024,C0071,S001,P020,6,181.44,5,1034.21,Credit Card,TRUE
TXN01244,5/20/2024,C0023,S005,P013,4,110.94,0,443.76,Debit Card,Yes
TXN00715,5/19/2024,C9731,S005,P007,10,20.44,5,194.18,Debit Card,no
TXN01349,5/19/2024,C0120,S001,P017,1,286.93,20,229.54,Credit Card,TRUE
TXN01481,5/19/2024,C0119,S002,P017,5,212.45,0,1062.25,UNK,N
TXN01691,5/19/2024,C0125,S002,P710,9,141.05,0,1269.45,Cash,yes
TXN00011,5/18/2024,C0085,S001,P018,7,126.95,5,844.22,Debit Card,TRUE
TXN00240,5/18/2024,C0039,S006,P015,1,64.79,0,64.79,Credit Card,N
TXN01238,5/18/2024,C0043,S003,P018,6,43.07,10,232.58,UNK,Y
TXN01754,5/18/2024,C0183,S004,P019,7,101.09,10,636.87,UNK,TRUE
TXN00488,5/17/2024,C0074,S006,P017,4,34.95,0,139.8,Gift Card,Yes
TXN00834,5/17/2024,C0053,S002,P003,9,52.87,25,356.87,Cash,TRUE
TXN00906,5/17/2024,C0177,S002,P015,5,196.51,0,982.55,UNK,N
TXN00549,5/16/2024,C0065,S005,P012,3,17.34,15,44.22,Cash,
TXN00896,5/16/2024,C0099,S005,P020,6,229.24,10,1237.9,Gift Card,yes
TXN00275,5/15/2024,C9560,S001,P019,5,174.07,15,739.8,Cash,N
TXN00340,5/15/2024,C0095,S006,P014,4,80.28,0,321.12,Credit Card,N
TXN01822,5/15/2024,C0178,S004,P004,8,145.05,20,928.32,Gift Card,no
TXN00670,5/15/2024,C0138,S006,P013,5,165.52,10,744.84,Debit Card,
TXN01142,5/15/2024,C0008,S001,P014,2,263.42,0,526.84,UNK,N
TXN00775,5/14/2024,C0132,S99,P019,9,29.51,0,265.59,PayPal,yes
TXN00066,5/13/2024,C0144,S001,P006,1,72.49,10,65.24,PayPal,no
TXN00144,5/13/2024,C0035,S006,P015,10,279.79,0,2797.9,PayPal,
TXN01017,5/13/2024,C0148,S51,P014,9,27.05,20,194.76,Credit Card,Y
TXN00999,5/12/2024,C0133,S006,P015,4,36.13,20,115.62,Cash,Yes
TXN01403,5/12/2024,C0097,S003,P010,10,23.04,5,218.88,UNK,no
TXN01462,5/12/2024,C0041,S002,P544,7,144.56,0,1011.92,Gift Card,N
TXN01517,5/12/2024,C0177,S005,P013,3,200.88,5,572.51,UNK,FALSE
TXN01817,5/12/2024,C0133,S002,P018,10,158.51,0,1585.1,Gift Card,TRUE
TXN00172,5/11/2024,C0019,S006,P019,6,131.53,15,670.8,Gift Card,No
TXN01303,5/11/2024,C0171,S002,P009,3,185.4,20,444.96,Cash,Yes
TXN01618,5/11/2024,C0063,S005,P009,8,222.64,15,1513.95,Credit Card,N
TXN00480,5/10/2024,C0061,S005,P020,8,259.2,0,2073.6,Cash,N
TXN00752,5/10/2024,C0146,S003,P020,2,83.24,20,133.18,Credit Card,No
TXN00379,5/9/2024,C0055,S90,P007,5,279.44,0,1397.2,PayPal,Yes
TXN00536,5/9/2024,C0180,S002,P016,7,285.92,0,2001.44,Credit Card,
TXN01172,5/9/2024,C0080,S006,P005,5,167.76,25,629.1,Cash,
TXN01206,5/9/2024,C0038,S003,P007,5,25.56,20,102.24,UNK,N
TXN01922,5/9/2024,C0137,S006,P013,8,176.4,0,1411.2,Cash,
TXN00138,5/8/2024,C0088,S006,P014,10,238.32,5,2264.04,PayPal,No
TXN00337,5/8/2024,C9390,S001,P010,10,165.79,0,1657.9,PayPal,yes
TXN01826,5/8/2024,C0075,S005,P002,10,80.48,15,684.08,PayPal,Yes
TXN01986,5/8/2024,C0140,S003,P005,2,279.11,20,446.58,Debit Card,Y
TXN00836,5/7/2024,C0026,S005,P002,10,17.49,0,174.9,Debit Card,FALSE
TXN01253,5/7/2024,C0151,S002,P001,7,62.85,10,395.96,PayPal,no
TXN01374,5/7/2024,C0133,S004,P001,7,126.83,5,843.42,Debit Card,no
TXN01617,5/7/2024,C0160,S002,P003,5,25.89,0,129.45,Debit Card,
TXN00201,5/6/2024,C0177,S004,P020,9,231.44,15,1770.52,Debit Card,Y
TXN01028,5/6/2024,C0131,S003,P004,9,50.05,25,337.84,UNK,Y
TXN00044,5/5/2024,C0152,S004,P522,3,176.31,0,528.93,Cash,Yes
TXN00190,5/5/2024,C0036,S001,P013,10,253.85,25,1903.88,Gift Card,FALSE
TXN00494,5/5/2024,C0070,S001,P759,4,198.6,20,635.52,Gift Card,Yes
TXN01898,5/5/2024,C0083,S001,P007,3,16.65,5,47.45,Cash,
TXN00049,5/3/2024,C0022,S005,P007,1,215.65,0,215.65,Credit Card,
TXN01569,5/3/2024,C0149,S005,P011,3,279.66,0,838.98,Credit Card,FALSE
TXN00098,5/2/2024,C0013,S003,P017,7,234.41,0,1640.87,Gift Card,TRUE
TXN00278,5/2/2024,C0005,S005,P001,5,238.16,5,1131.26,PayPal,No
TXN00460,5/2/2024,C0116,S001,P003,6,135.13,0,810.78,Cash,Yes
TXN00208,5/2/2024,C0095,S006,P004,7,137.04,0,959.28,Debit Card,N
TXN00547,5/1/2024,C0083,S001,P015,7,202.8,15,1206.66,Gift Card,FALSE
TXN01069,5/1/2024,C0108,S006,P019,5,68.87,0,344.35,Credit Card,Y
TXN01233,5/1/2024,C0105,S006,P634,9,276.37,20,1989.86,Credit Card,no
TXN01932,5/1/2024,C0173,S003,P015,3,133.85,20,321.24,UNK,N
TXN00361,4/30/2024,C0014,S005,P019,7,291.22,20,1630.83,Debit Card,TRUE
TXN00543,4/30/2024,C9426,S004,P001,5,213.42,5,1013.75,Cash,No
TXN01056,4/30/2024,C0057,S002,P014,7,35.26,15,209.8,Debit Card,Yes
TXN00552,4/29/2024,C0166,S001,P514,10,269.34,0,2693.4,Cash,No
TXN00571,4/29/2024,C0137,S001,P014,9,230.29,0,2072.61,Credit Card,Y
TXN01064,4/29/2024,C0099,S006,P016,1,114.84,10,103.36,Debit Card,no
TXN01498,4/28/2024,C0185,S006,P008,9,260.86,0,2347.74,PayPal,TRUE
TXN01560,4/28/2024,C0102,S004,P020,3,141.52,25,318.42,Debit Card,FALSE
TXN01991,4/28/2024,C0068,S004,P013,1,164.36,25,123.27,UNK,TRUE
TXN00053,4/27/2024,C0112,S003,P003,10,20.95,20,167.6,UNK,yes
TXN00064,4/27/2024,C0088,S004,P014,6,115.87,20,556.18,Cash,Y
TXN00165,4/27/2024,C0159,S006,P001,3,193.47,10,522.37,Cash,No
TXN00622,4/26/2024,C0016,S002,P010,6,189.09,0,1134.54,UNK,N
TXN00177,4/26/2024,C0130,S83,P004,8,153.63,0,1229.04,Debit Card,Y
TXN00257,4/25/2024,C0060,S005,P011,10,257.5,25,1931.25,Debit Card,
TXN00436,4/25/2024,C0090,S004,P013,1,282.49,5,268.37,Credit Card,yes
TXN00544,4/24/2024,C0018,S005,P012,1,279.09,10,251.18,Debit Card,yes
TXN00682,4/24/2024,C0190,S004,P020,9,223.24,0,2009.16,Debit Card,Yes
TXN01924,4/24/2024,C0173,S005,P001,8,221.04,0,1768.32,Debit Card,yes
TXN01996,4/23/2024,C9025,S006,P010,4,95.4,25,286.2,Cash,FALSE
TXN01441,4/22/2024,C0153,S003,P012,7,123.22,10,776.29,Gift Card,Yes
TXN01798,4/22/2024,C0044,S001,P017,9,68.79,0,619.11,Debit Card,no
TXN00135,4/21/2024,C0024,S006,P015,5,208.5,25,781.88,Cash,yes
TXN00282,4/20/2024,C0017,S004,P001,5,170.68,0,853.4,Cash,yes
TXN00307,4/20/2024,C0183,S006,P016,8,87.82,20,562.05,Credit Card,Y
TXN00139,4/19/2024,C0025,S002,P013,2,183.5,20,293.6,Credit Card,No
TXN00254,4/19/2024,C0109,S60,P015,8,146.73,25,880.38,Debit Card,Yes
TXN00195,4/19/2024,C0001,S003,P016,2,199.61,10,359.3,Gift Card,Yes
TXN01014,4/19/2024,C0013,S006,P012,1,274.9,0,274.9,Gift Card,yes
TXN00176,4/18/2024,C0187,S002,P014,10,74.5,0,745,Debit Card,Yes
TXN01228,4/18/2024,C0010,S004,P015,4,27.73,25,83.19,Credit Card,TRUE
TXN00588,4/17/2024,C0029,S003,P006,4,144.04,0,576.16,UNK,TRUE
TXN00699,4/17/2024,C0104,S004,P005,7,131.68,0,921.76,Debit Card,N
TXN01747,4/17/2024,C0067,S003,P014,7,162.79,20,911.62,UNK,no
TXN01935,4/17/2024,C0067,S001,P008,6,35.1,15,179.01,PayPal,
TXN00276,4/16/2024,C0171,S006,P020,10,128.79,5,1223.51,Credit Card,TRUE
TXN01884,4/16/2024,C0082,S003,P020,6,144.18,10,778.57,Cash,no
TXN01057,4/15/2024,C9191,S004,P004,9,244.01,5,2086.29,PayPal,No
TXN01020,4/15/2024,C0048,S006,P019,3,73.46,5,209.36,Debit Card,Yes
TXN01719,4/15/2024,C0029,S003,P010,9,245.1,5,2095.61,Cash,no
TXN01562,4/14/2024,C0140,S005,P010,1,58.1,0,58.1,Credit Card,
TXN01825,4/14/2024,C0178,S003,P010,10,140.64,10,1265.76,Cash,N
TXN00174,4/13/2024,C0162,S003,P005,1,210.74,0,210.74,PayPal,TRUE
TXN00598,4/12/2024,C0156,S003,P007,2,272.78,0,545.56,Gift Card,Y
TXN00620,4/12/2024,C9389,S004,P004,6,114.51,10,618.35,Credit Card,Y
TXN01161,4/12/2024,C9162,S004,P013,7,11.36,5,75.54,Debit Card,yes
TXN01803,4/12/2024,C0053,S004,P005,9,18.74,0,168.66,Gift Card,No
TXN00121,4/11/2024,C0093,S001,P011,6,270.28,0,1621.68,Debit Card,yes
TXN00341,4/11/2024,C0038,S005,P006,1,43.85,0,43.85,Debit Card,No
TXN01220,4/11/2024,C0171,S004,P012,2,136.71,0,273.42,Cash,N
TXN01796,4/11/2024,C9727,S002,P013,8,260.23,0,2081.84,UNK,yes
TXN00638,4/10/2024,C0194,S003,P002,7,253.01,10,1593.96,Cash,TRUE
TXN01977,4/10/2024,C0167,S004,P007,9,93.42,20,672.62,Cash,Y
TXN01417,4/9/2024,C0122,S002,P019,9,194.72,15,1489.61,Gift Card,no
TXN01693,4/9/2024,C0104,S006,P002,1,122.45,5,116.33,PayPal,Y
TXN00862,4/8/2024,C0150,S004,P019,10,283.35,20,2266.8,Debit Card,yes
TXN01398,4/8/2024,C0154,S004,P003,1,50.47,15,42.9,Credit Card,N
TXN01482,4/8/2024,C0037,S002,P005,1,278.67,10,250.8,Debit Card,TRUE
TXN00889,4/7/2024,C0200,S005,P015,8,187.03,25,1122.18,Debit Card,FALSE
TXN01319,4/7/2024,C0184,S004,P008,10,203.26,20,1626.08,Credit Card,yes
TXN00728,4/6/2024,C0175,S001,P005,10,109.08,0,1090.8,Gift Card,
TXN01231,4/6/2024,C0133,S001,P014,5,49.47,25,185.51,Gift Card,N
TXN00902,4/5/2024,C0072,S002,P011,9,107.81,10,873.26,Debit Card,no
TXN00336,4/4/2024,C0052,S004,P012,7,119.54,25,627.59,Debit Card,N
TXN00874,4/4/2024,C0186,S004,P020,3,109.92,0,329.76,PayPal,
TXN01871,4/4/2024,C0085,S002,P008,3,246.2,25,553.95,Cash,Y
TXN00878,4/3/2024,C0171,S003,P002,3,260.72,15,664.84,Credit Card,No
TXN00068,4/2/2024,C0098,S004,P005,3,195.77,15,499.21,Debit Card,No
TXN00537,4/2/2024,C0145,S003,P003,2,172.66,5,328.05,Gift Card,No
TXN01194,4/2/2024,C0148,S003,P009,7,135.26,0,946.82,UNK,N
TXN01534,4/2/2024,C0190,S002,P019,6,88.2,15,449.82,Credit Card,Y
TXN01707,4/2/2024,C0008,S001,P019,3,58.95,5,168.01,Credit Card,No
TXN01933,4/2/2024,C0070,S005,P002,4,99.13,0,396.52,Debit Card,N
TXN00118,4/1/2024,C0047,S002,P001,10,231.96,0,2319.6,UNK,Yes
TXN00155,4/1/2024,C0186,S002,P817,2,26.5,5,50.35,Debit Card,No
TXN00283,4/1/2024,C0163,S002,P006,4,165.89,20,530.85,Credit Card,Yes
TXN00351,4/1/2024,C0124,S002,P006,2,40.59,0,81.18,Debit Card,yes
TXN01008,4/1/2024,C0071,S004,P020,6,112.21,15,572.27,Cash,Yes
TXN01181,4/1/2024,C0122,S004,P007,3,131.99,15,336.57,Cash,TRUE
TXN00660,3/31/2024,C9039,S001,P010,5,41.25,0,206.25,Debit Card,TRUE
TXN01154,3/31/2024,C0013,S002,P014,7,179.71,5,1195.07,Cash,FALSE
TXN01483,3/31/2024,C9201,S002,P017,7,68.13,0,476.91,Cash,Yes
TXN00679,3/30/2024,C0119,S003,P005,9,69.72,5,596.11,Cash,TRUE
TXN01316,3/30/2024,C0137,S002,P011,2,277.67,0,555.34,Cash,No
TXN01701,3/30/2024,C0022,S004,P012,2,47.7,20,76.32,Credit Card,
TXN00873,3/29/2024,C0161,S006,P009,5,14.88,25,55.8,Debit Card,N
TXN01286,3/29/2024,C9400,S001,P013,3,177.59,0,532.77,Cash,FALSE
TXN01700,3/29/2024,C0117,S003,P007,10,173.85,20,1390.8,PayPal,N
TXN01731,3/29/2024,C0069,S002,P010,4,208.33,20,666.66,Gift Card,N
TXN01956,3/29/2024,C0078,S004,P017,9,155.71,25,1051.04,Cash,Yes
TXN00475,3/28/2024,C0129,S006,P012,7,145.3,20,813.68,Credit Card,
TXN01840,3/28/2024,C9713,S003,P016,8,142.86,0,1142.88,UNK,FALSE
TXN01420,3/28/2024,C0070,S004,P011,4,108.04,20,345.73,UNK,no
TXN01094,3/27/2024,C0174,S002,P003,3,55.11,0,165.33,Cash,
TXN01641,3/27/2024,C0062,S001,P014,8,72.37,0,578.96,Gift Card,N
TXN00151,3/26/2024,C0043,S006,P002,5,229.09,0,1145.45,PayPal,FALSE
TXN00643,3/26/2024,C0147,S001,P014,1,72.65,0,72.65,Debit Card,Yes
TXN00607,3/26/2024,C0028,S002,P016,10,146.26,0,1462.6,PayPal,Y
TXN01941,3/26/2024,C0135,S006,P004,8,285.35,20,1826.24,Debit Card,yes
TXN00112,3/25/2024,C0126,S004,P014,7,235.1,20,1316.56,UNK,FALSE
TXN00382,3/25/2024,C0113,S003,P001,6,266.24,5,1517.57,Cash,
TXN00674,3/25/2024,C9451,S002,P010,9,56.72,15,433.91,UNK,Yes
TXN00519,3/25/2024,C0185,S001,P016,6,24,20,115.2,Cash,N
TXN01652,3/25/2024,C0096,S005,P016,2,279.28,15,474.78,Credit Card,no
TXN00261,3/24/2024,C0194,S001,P020,2,248.85,0,497.7,Debit Card,Y
TXN01215,3/24/2024,C0087,S006,P016,3,171.85,25,386.66,Cash,TRUE
TXN01842,3/24/2024,C9349,S004,P017,7,19.65,20,110.04,UNK,Yes
TXN00241,3/22/2024,C0127,S003,P018,8,142.75,0,1142,Debit Card,no
TXN00454,3/22/2024,C0023,S003,P018,1,280.89,0,280.89,Debit Card,Yes
TXN01805,3/22/2024,C0149,S001,P010,5,238.75,15,1014.69,Debit Card,TRUE
TXN01890,3/22/2024,C0165,S001,P003,3,241.19,0,723.57,Cash,N
TXN01144,3/21/2024,C0176,S002,P010,7,104.75,5,696.59,PayPal,FALSE
TXN01863,3/21/2024,C0117,S001,P019,4,82.84,5,314.79,Cash,yes
TXN00096,3/20/2024,C0031,S002,P020,1,193.83,20,155.06,Cash,no
TXN01026,3/20/2024,C0029,S002,P011,9,169.67,15,1297.98,PayPal,N
TXN01583,3/20/2024,C0004,S005,P010,5,87.85,10,395.33,Credit Card,N
TXN01659,3/20/2024,C0200,S001,P012,6,97.87,10,528.5,Credit Card,Y
TXN00681,3/18/2024,C0114,S63,P006,5,295.25,0,1476.25,Gift Card,N
TXN00745,3/18/2024,C9328,S001,P012,7,140.45,5,933.99,UNK,
TXN00523,3/18/2024,C0023,S003,P004,6,243.06,5,1385.44,UNK,no
TXN01669,3/18/2024,C0046,S003,P004,7,272.12,0,1904.84,Gift Card,FALSE
TXN01660,3/18/2024,C0169,S003,P019,3,285.72,0,857.16,Credit Card,TRUE
TXN01740,3/18/2024,C0034,S99,P723,2,100.67,10,181.21,UNK,
TXN00344,3/17/2024,C0096,S002,P006,9,285.06,25,1924.16,Gift Card,Yes
TXN00502,3/17/2024,C0170,S005,P001,10,228.8,15,1944.8,Gift Card,Yes
TXN01539,3/17/2024,C0155,S006,P008,6,37.19,25,167.36,Cash,no
TXN00092,3/16/2024,C0083,S005,P013,9,278.58,10,2256.5,Debit Card,Yes
TXN00865,3/16/2024,C0144,S001,P001,9,147.16,20,1059.55,Debit Card,Yes
TXN01083,3/16/2024,C0021,S005,P003,5,214.69,10,966.11,Debit Card,
TXN01245,3/16/2024,C0116,S003,P015,3,170.36,10,459.97,PayPal,yes
TXN00703,3/15/2024,C0154,S003,P012,3,117.17,25,263.63,Gift Card,no
TXN00957,3/15/2024,C0009,S006,P001,10,130.75,0,1307.5,Debit Card,FALSE
TXN00973,3/15/2024,C0168,S006,P005,4,255.2,0,1020.8,Cash,TRUE
TXN01514,3/15/2024,C0090,S005,P015,5,233.04,0,1165.2,Gift Card,No
TXN00297,3/14/2024,C0159,S006,P001,8,159.99,5,1215.92,Debit Card,Y
TXN01861,3/14/2024,C0129,S005,P018,9,143.7,25,969.98,UNK,yes
TXN00192,3/13/2024,C0096,S72,P015,9,35.4,25,238.95,PayPal,yes
TXN00950,3/13/2024,C9921,S002,P010,9,171.87,15,1314.81,PayPal,
TXN01001,3/13/2024,C0012,S002,P015,1,248.04,0,248.04,Debit Card,
TXN01593,3/13/2024,C0155,S004,P007,6,184.27,25,829.22,PayPal,No
TXN01710,3/13/2024,C9199,S005,P001,8,11.3,15,76.84,Credit Card,no
TXN00563,3/12/2024,C0148,S001,P006,5,267.11,5,1268.77,Cash,N
TXN00869,3/12/2024,C0176,S002,P011,10,107.69,0,1076.9,Credit Card,
TXN01804,3/12/2024,C0143,S006,P008,4,258.86,10,931.9,Debit Card,Yes
TXN01138,3/11/2024,C0138,S006,P012,9,103.09,15,788.64,Credit Card,N
TXN01372,3/11/2024,C0176,S002,P017,9,228.84,0,2059.56,UNK,
TXN00193,3/10/2024,C0107,S005,P005,4,97.94,15,333,Debit Card,Yes
TXN00447,3/9/2024,C0070,S005,P013,7,67.92,15,404.12,Debit Card,TRUE
TXN01527,3/9/2024,C0180,S004,P016,5,298.3,15,1267.78,Debit Card,yes
TXN01588,3/9/2024,C0199,S003,P018,7,37.05,10,233.42,UNK,Y
TXN01773,3/9/2024,C0010,S001,P003,5,93.12,0,465.6,Cash,
TXN00020,3/8/2024,C0134,S004,P002,4,87.42,0,349.68,Cash,Yes
TXN00076,3/8/2024,C0133,S005,P009,5,198.05,10,891.23,Cash,N
TXN00962,3/8/2024,C0016,S005,P018,7,70.07,15,416.92,Cash,No
TXN01494,3/8/2024,C0181,S003,P008,4,177.77,0,711.08,Cash,No
TXN01604,3/8/2024,C0078,S002,P009,7,157.51,20,882.06,Gift Card,No
TXN00569,3/7/2024,C0102,S001,P003,6,208.96,0,1253.76,Credit Card,N
TXN01400,3/7/2024,C0159,S001,P015,10,30.93,0,309.3,Debit Card,No
TXN01878,3/7/2024,C0074,S006,P017,7,254.01,15,1511.36,Credit Card,FALSE
TXN01337,3/6/2024,C0080,S001,P010,8,260.47,0,2083.76,Debit Card,Yes
TXN00729,3/5/2024,C0129,S005,P001,5,281.01,0,1405.05,Cash,TRUE
TXN00392,3/4/2024,C0065,S005,P012,8,192.66,0,1541.28,Debit Card,FALSE
TXN01115,3/3/2024,C0158,S005,P002,1,140.82,20,112.66,Debit Card,Y
TXN01433,3/3/2024,C0031,S005,P003,10,184.64,5,1754.08,Gift Card,yes
TXN00713,3/2/2024,C0102,S005,P007,8,56.13,10,404.14,UNK,Yes
TXN01355,3/2/2024,C0112,S002,P008,10,84.61,20,676.88,UNK,FALSE
TXN00437,2/29/2024,C0002,S004,P513,3,239.25,15,610.09,Debit Card,Y
TXN00650,2/29/2024,C0146,S002,P019,7,191.9,20,1074.64,Cash,yes
TXN00424,2/28/2024,C0068,S006,P002,4,212.93,0,851.72,Debit Card,N
TXN00609,2/28/2024,C0039,S005,P003,8,81.12,10,584.06,Credit Card,N
TXN00959,2/28/2024,C0027,S003,P013,7,284.68,20,1594.21,Gift Card,
TXN01478,2/28/2024,C0146,S004,P011,2,51.47,0,102.94,PayPal,
TXN00173,2/27/2024,C0097,S001,P016,1,268.24,0,268.24,Cash,
TXN00271,2/26/2024,C0016,S002,P015,2,117.1,20,187.36,Debit Card,yes
TXN01615,2/26/2024,C0167,S004,P005,10,14.59,15,124.02,Cash,no
TXN00381,2/25/2024,C0125,S99,P008,8,124.65,10,897.48,UNK,yes
TXN01050,2/25/2024,C0190,S002,P015,8,48.3,20,309.12,Gift Card,Y
TXN01203,2/24/2024,C0042,S001,P005,8,203.77,0,1630.16,UNK,
TXN00680,2/23/2024,C0079,S002,P018,8,97.09,20,621.38,Cash,
TXN01312,2/23/2024,C0135,S003,P005,5,256.38,0,1281.9,Credit Card,TRUE
TXN00510,2/22/2024,C0096,S003,P006,6,22.94,0,137.64,Gift Card,no
TXN00794,2/22/2024,C0017,S004,P020,10,76.97,15,654.25,Credit Card,yes
TXN00856,2/22/2024,C0011,S006,P905,6,78.92,20,378.82,Credit Card,FALSE
TXN01508,2/22/2024,C0038,S002,P018,6,86.52,0,519.12,Cash,yes
TXN01937,2/22/2024,C0054,S004,P007,5,47.56,15,202.13,UNK,Y
TXN00292,2/21/2024,C0175,S004,P002,4,23.62,20,75.58,Debit Card,Y
TXN01892,2/21/2024,C9566,S001,P004,4,241.98,5,919.52,Cash,TRUE
TXN01974,2/21/2024,C0139,S006,P004,5,21.06,5,100.04,Credit Card,yes
TXN01362,2/21/2024,C0085,S005,P011,6,227.97,15,1162.65,Cash,yes
TXN01502,2/21/2024,C0156,S006,P008,4,93.4,10,336.24,Cash,yes
TXN00813,2/20/2024,C0192,S002,P019,2,290.48,5,551.91,Gift Card,Yes
TXN01011,2/20/2024,C0095,S003,P009,2,207.95,0,415.9,Cash,TRUE
TXN01395,2/19/2024,C0019,S003,P004,4,238.44,10,858.38,Debit Card,Yes
TXN00662,2/18/2024,C9060,S004,P019,2,255.85,0,511.7,UNK,FALSE
TXN00373,2/17/2024,C0033,S006,P005,3,51.37,10,138.7,Gift Card,
TXN00452,2/17/2024,C9546,S001,P001,2,146.27,20,234.03,Cash,
TXN00545,2/17/2024,C0144,S006,P019,3,39.86,5,113.6,Debit Card,N
TXN01665,2/17/2024,C9806,S005,P009,2,235.24,20,376.38,Credit Card,TRUE
TXN01957,2/17/2024,C0159,S001,P011,1,53.44,0,53.44,Debit Card,yes
TXN00329,2/16/2024,C0004,S004,P009,10,117,0,1170,PayPal,No
TXN01158,2/16/2024,C0113,S006,P020,7,174.82,5,1162.55,Credit Card,Yes
TXN01211,2/16/2024,C0157,S005,P008,8,51.26,20,328.06,Gift Card,No
TXN01413,2/16/2024,C0064,S006,P005,3,257.34,10,694.82,Cash,N
TXN01626,2/16/2024,C0064,S006,P007,1,286.16,15,243.24,Credit Card,yes
TXN01687,2/16/2024,C0036,S004,P001,9,215.27,25,1453.07,Credit Card,N
TXN01810,2/16/2024,C9084,S003,P001,4,15.76,15,53.58,UNK,Yes
TXN00583,2/15/2024,C0091,S004,P009,6,233.44,0,1400.64,Cash,FALSE
TXN00645,2/15/2024,C0200,S004,P011,6,188.76,5,1075.93,Debit Card,
TXN01703,2/15/2024,C0008,S004,P009,4,207.21,0,828.84,Cash,Y
TXN00459,2/14/2024,C0072,S006,P019,2,52.71,0,105.42,PayPal,N
TXN00781,2/14/2024,C0085,S002,P016,2,234.74,0,469.48,Cash,
TXN01301,2/14/2024,C0070,S005,P004,6,263.54,25,1185.93,Cash,yes
TXN01302,2/14/2024,C0051,S002,P013,7,243.97,20,1366.23,Cash,yes
TXN01110,2/13/2024,C0199,S005,P005,4,95.9,0,383.6,Debit Card,N
TXN00498,2/12/2024,C0032,S001,P018,4,153.53,15,522,PayPal,yes
TXN01146,2/12/2024,C0017,S002,P013,3,180.42,10,487.13,Debit Card,yes
TXN01304,2/12/2024,C0117,S005,P006,4,268.84,20,860.29,Cash,FALSE
TXN00071,2/11/2024,C0022,S005,P013,5,76.51,10,344.3,UNK,N
TXN01769,2/11/2024,C0176,S001,P773,10,127.75,15,1085.88,Cash,no
TXN00574,2/10/2024,C0022,S002,P016,7,268.89,15,1599.9,Gift Card,FALSE
TXN01282,2/10/2024,C0113,S001,P016,2,168.92,0,337.84,Debit Card,TRUE
TXN01114,2/10/2024,C0025,S90,P006,5,80.84,5,383.99,Cash,FALSE
TXN01726,2/10/2024,C0017,S003,P001,1,193.9,10,174.51,Gift Card,Y
TXN00399,2/9/2024,C0060,S004,P016,2,153.83,25,230.75,Gift Card,TRUE
TXN01036,2/8/2024,C0016,S003,P009,5,200.25,25,750.94,Gift Card,yes
TXN01424,2/8/2024,C0132,S006,P001,4,16.71,5,63.5,PayPal,N
TXN01642,2/8/2024,C0143,S005,P013,9,226.98,20,1634.26,Cash,N
TXN00747,2/7/2024,C0167,S003,P018,10,104.86,10,943.74,PayPal,
TXN00914,2/7/2024,C0006,S003,P019,8,187.25,0,1498,PayPal,Yes
TXN01022,2/7/2024,C0035,S001,P011,8,106.88,25,641.28,Cash,No
TXN00079,2/6/2024,C0121,S003,P001,2,292.63,5,556,Gift Card,Yes
TXN00136,2/6/2024,C0171,S003,P001,2,147.85,15,251.35,Credit Card,no
TXN00584,2/6/2024,C0104,S004,P015,3,277.93,0,833.79,Cash,TRUE
TXN00160,2/5/2024,C0132,S004,P013,2,166.64,0,333.28,PayPal,No
TXN00438,2/5/2024,C0165,S001,P019,7,47.37,20,265.27,Cash,FALSE
TXN00871,2/5/2024,C0100,S001,P013,9,68.6,0,617.4,Cash,Yes
TXN01196,2/5/2024,C0136,S001,P011,3,145.6,15,371.28,Credit Card,N
TXN01853,2/5/2024,C0021,S005,P017,1,71.32,15,60.62,Credit Card,no
TXN01978,2/5/2024,C0074,S005,P013,2,146.13,10,263.03,UNK,no
TXN00226,2/4/2024,C0191,S004,P004,3,72.09,10,194.64,Credit Card,TRUE
TXN01982,2/4/2024,C0001,S006,P020,5,184.06,0,920.3,Credit Card,no
TXN00384,2/3/2024,C0028,S002,P017,1,232.54,5,220.91,Credit Card,
TXN00802,2/3/2024,C0111,S005,P013,4,58.58,25,175.74,Debit Card,Y
TXN01393,2/3/2024,C9477,S003,P013,8,215.62,20,1379.97,Cash,FALSE
TXN01492,2/3/2024,C0133,S001,P019,8,249.71,20,1598.14,UNK,Y
TXN01638,2/3/2024,C0014,S002,P005,10,16.68,0,166.8,Gift Card,FALSE
TXN01109,2/2/2024,C0129,S004,P017,8,80.92,15,550.26,Debit Card,
TXN00022,2/1/2024,C0176,S005,P009,4,189.96,25,569.88,Cash,FALSE
TXN00111,2/1/2024,C0036,S002,P891,1,278.38,20,222.7,Gift Card,Y
TXN00754,2/1/2024,C0036,S003,P002,1,255.68,10,230.11,Cash,No
TXN01698,2/1/2024,C0054,S003,P001,4,178.19,10,641.48,Cash,
TXN00317,1/31/2024,C0060,S005,P002,6,160.37,0,962.22,Debit Card,N
TXN01647,1/31/2024,C0041,S003,P004,10,189.46,20,1515.68,Debit Card,no
TXN01743,1/31/2024,C0143,S004,P016,9,222.82,0,2005.38,Debit Card,Yes
TXN00548,1/30/2024,C0091,S005,P003,10,254.24,0,2542.4,Cash,
TXN00734,1/28/2024,C0198,S006,P012,8,298.45,20,1910.08,PayPal,yes
TXN01402,1/28/2024,C0193,S002,P019,6,223.17,20,1071.22,Cash,N
TXN00235,1/27/2024,C0053,S003,P007,7,62.31,0,436.17,PayPal,Y
TXN01463,1/27/2024,C0122,S001,P005,6,227.94,5,1299.26,Cash,FALSE
TXN00353,1/26/2024,C0144,S004,P008,5,43.55,0,217.75,Gift Card,No
TXN00334,1/26/2024,C0047,S001,P016,2,286.56,0,573.12,Gift Card,N
TXN01870,1/26/2024,C0011,S003,P020,5,123.13,10,554.09,Cash,FALSE
TXN00117,1/25/2024,C9174,S005,P005,3,261.96,0,785.88,Credit Card,yes
TXN00042,1/23/2024,C0168,S001,P013,4,159.75,15,543.15,PayPal,Yes
TXN00595,1/23/2024,C0125,S005,P016,7,14.13,0,98.91,Gift Card,N
TXN01762,1/23/2024,C0174,S003,P014,9,170.14,5,1454.7,Gift Card,yes
TXN01923,1/23/2024,C0117,S004,P003,6,160.12,0,960.72,Debit Card,FALSE
TXN01900,1/22/2024,C0054,S001,P016,9,221.15,0,1990.35,Credit Card,no
TXN00213,1/21/2024,C0010,S85,P010,3,152.53,0,457.59,Debit Card,TRUE
TXN00964,1/21/2024,C0175,S006,P020,7,135.09,20,756.5,Credit Card,yes
TXN00288,1/21/2024,C0092,S006,P004,8,117.44,5,892.54,Credit Card,yes
TXN01340,1/20/2024,C0188,S002,P011,8,179.22,15,1218.7,Debit Card,FALSE
TXN00332,1/19/2024,C0052,S002,P008,10,296.68,25,2225.1,Credit Card,no
TXN00628,1/19/2024,C0149,S001,P013,1,240.32,0,240.32,Gift Card,N
TXN00733,1/19/2024,C0110,S004,P019,1,206.94,0,206.94,Credit Card,TRUE
TXN00692,1/18/2024,C0147,S001,P001,1,223.59,15,190.05,Cash,TRUE
TXN00730,1/18/2024,C0102,S004,P012,7,209.46,0,1466.22,Cash,Y
TXN00274,1/16/2024,C0096,S004,P573,3,237.3,20,569.52,Gift Card,N
TXN00542,1/16/2024,C0043,S005,P020,6,160.62,10,867.35,Cash,N
TXN01456,1/16/2024,C0012,S003,P014,2,278.67,20,445.87,UNK,Yes
TXN00179,1/15/2024,C0181,S006,P011,9,19.49,20,140.33,UNK,Y
TXN01780,1/15/2024,C0101,S002,P018,10,139.88,0,1398.8,Cash,no
TXN01830,1/15/2024,C0088,S001,P014,4,214.65,20,686.88,Credit Card,Y
TXN00461,1/14/2024,C0167,S004,P007,7,61.23,10,385.75,Debit Card,No
TXN00966,1/14/2024,C0104,S002,P006,7,107.59,10,677.82,Cash,Y
TXN00740,1/13/2024,C0028,S001,P018,7,29.41,0,205.87,Cash,TRUE
TXN00183,1/12/2024,C0178,S001,P015,2,33.25,0,66.5,Debit Card,N
TXN00247,1/12/2024,C0126,S004,P019,10,132.69,20,1061.52,Debit Card,
TXN01936,1/12/2024,C0088,S002,P019,10,295.2,0,2952,Gift Card,
TXN00378,1/11/2024,C0132,S001,P013,3,118.25,0,354.75,UNK,No
TXN00631,1/10/2024,C0007,S002,P015,2,44.88,10,80.78,PayPal,
TXN00651,1/9/2024,C0061,S003,P005,6,259.38,5,1478.47,Debit Card,FALSE
TXN01041,1/9/2024,C0058,S002,P002,4,32.49,15,110.47,Debit Card,Yes
TXN00965,1/8/2024,C0114,S001,P010,6,289.78,5,1651.75,Credit Card,
TXN01049,1/7/2024,C0169,S002,P017,8,85.33,25,511.98,Cash,Yes
TXN00390,1/6/2024,C0151,S003,P009,4,179.45,0,717.8,Debit Card,Yes
TXN01227,1/6/2024,C0097,S006,P020,8,56.63,20,362.43,Cash,yes
TXN01043,1/5/2024,C0112,S004,P009,7,122.13,20,683.93,Gift Card,yes
TXN01266,1/5/2024,C0048,S003,P001,4,188.21,0,752.84,Gift Card,Y
TXN01533,1/5/2024,C0009,S005,P015,3,222.52,0,667.56,Gift Card,Yes
TXN00067,1/4/2024,C0066,S004,P020,4,177.29,0,709.16,Cash,FALSE
TXN01030,1/4/2024,C0182,S001,P001,3,20.47,5,58.34,Cash,Y
TXN00161,1/3/2024,C0078,S006,P003,6,165.04,15,841.7,Credit Card,Y
TXN00868,1/3/2024,C0038,S003,P018,7,176.14,15,1048.03,Gift Card,Yes
TXN01455,1/3/2024,C0134,S005,P013,2,221.09,20,353.74,Gift Card,TRUE
TXN01741,1/3/2024,C0108,S004,P010,4,208.89,20,668.45,Credit Card,No
TXN01755,1/3/2024,C0156,S002,P005,8,235.62,20,1507.97,Cash,Y
TXN01795,1/3/2024,C0149,S003,P005,5,218.75,10,984.38,PayPal,Y
TXN01606,1/1/2024,C0110,S004,P013,4,283.53,25,850.59,UNK,FALSE
TXN00206,12/30/2023,C0109,S002,P011,2,145.11,0,290.22,Credit Card,FALSE
TXN00483,12/30/2023,C0120,S004,P006,6,155.19,5,884.58,Debit Card,FALSE
TXN00473,12/30/2023,C0174,S004,P004,5,276.86,10,1245.87,Cash,N
TXN00517,12/29/2023,C0179,S006,P011,6,181.53,0,1089.18,Cash,TRUE
TXN00756,12/29/2023,C0039,S87,P008,3,243.66,20,584.78,Cash,No
TXN01558,12/29/2023,C0066,S001,P016,1,142.46,20,113.97,Credit Card,FALSE
TXN01061,12/29/2023,C0097,S005,P011,4,117.76,0,471.04,PayPal,Y
TXN01608,12/29/2023,C0115,S003,P001,4,148.1,25,444.3,Credit Card,yes
TXN00059,12/28/2023,C0003,S003,P003,7,205.37,15,1221.95,Cash,Y
TXN01338,12/28/2023,C0017,S003,P691,4,207.46,0,829.84,Debit Card,
TXN01717,12/28/2023,C0059,S005,P001,5,176.85,5,840.04,UNK,N
TXN00309,12/27/2023,C0011,S005,P015,8,135.43,15,920.92,Debit Card,Yes
TXN00433,12/27/2023,C0139,S003,P006,8,134.23,0,1073.84,Debit Card,
TXN01318,12/27/2023,C0066,S54,P012,9,10.42,15,79.71,Debit Card,no
TXN01490,12/27/2023,C0051,S006,P972,7,159.73,15,950.39,PayPal,TRUE
TXN01975,12/27/2023,C9413,S93,P011,9,20.07,0,180.63,Cash,
TXN01166,12/26/2023,C0181,S003,P015,3,255.3,0,765.9,Credit Card,
TXN01602,12/26/2023,C0185,S001,P005,8,169.29,20,1083.46,Gift Card,Yes
TXN01314,12/25/2023,C0108,S005,P006,1,52.52,15,44.64,Debit Card,Y
TXN00884,12/24/2023,C0041,S004,P012,1,235.41,25,176.56,Debit Card,N
TXN01076,12/24/2023,C0106,S002,P011,5,263.65,10,1186.43,Credit Card,No
TXN01667,12/24/2023,C0147,S001,P007,8,282.26,15,1919.37,Debit Card,TRUE
TXN00100,12/23/2023,C0089,S001,P006,6,188.7,25,849.15,Gift Card,Y
TXN01792,12/23/2023,C0169,S001,P013,3,236.2,25,531.45,Cash,No
TXN00444,12/22/2023,C0158,S001,P009,2,65.93,0,131.86,Cash,Y
TXN00567,12/22/2023,C0190,S001,P020,3,232.67,15,593.31,Credit Card,
TXN00919,12/22/2023,C0042,S006,P003,1,235.89,0,235.89,Cash,Yes
TXN01139,12/21/2023,C0081,S001,P011,8,116.79,0,934.32,Credit Card,FALSE
TXN00978,12/20/2023,C0072,S006,P009,5,133.97,5,636.36,Debit Card,TRUE
TXN00343,12/19/2023,C0069,S006,P010,1,296.24,25,222.18,UNK,
TXN01134,12/19/2023,C0112,S002,P014,3,63.43,0,190.29,Gift Card,Y
TXN01538,12/19/2023,C0014,S004,P007,9,217.32,15,1662.5,Debit Card,yes
TXN01646,12/19/2023,C0182,S006,P017,10,151.68,25,1137.6,Debit Card,yes
TXN01696,12/19/2023,C0088,S002,P015,10,236.04,15,2006.34,Credit Card,TRUE
TXN01876,12/19/2023,C0115,S001,P006,5,22.11,0,110.55,Debit Card,FALSE
TXN00069,12/18/2023,C0082,S006,P013,5,267.43,15,1136.58,PayPal,
TXN00175,12/18/2023,C0076,S006,P006,10,291.34,5,2767.73,PayPal,Y
TXN01622,12/18/2023,C0159,S005,P003,3,291.63,20,699.91,Debit Card,
TXN00673,12/16/2023,C0065,S003,P002,7,120.21,10,757.32,Gift Card,no
TXN01147,12/16/2023,C0151,S001,P004,1,164.36,15,139.71,UNK,Y
TXN01911,12/16/2023,C0162,S003,P006,7,155.23,5,1032.28,Gift Card,TRUE
TXN00648,12/15/2023,C0102,S004,P010,10,175.33,0,1753.3,Credit Card,Y
TXN00848,12/15/2023,C9703,S003,P007,4,291.22,15,990.15,Cash,No
TXN00881,12/15/2023,C0126,S006,P008,7,261.31,5,1737.71,Debit Card,FALSE
TXN01695,12/15/2023,C0001,S003,P002,10,98.01,25,735.08,Debit Card,FALSE
TXN01549,12/14/2023,C0116,S002,P014,3,208.74,0,626.22,PayPal,Y
TXN00126,12/13/2023,C0123,S001,P016,3,191.89,15,489.32,Credit Card,FALSE
TXN01689,12/13/2023,C0097,S006,P004,1,264.06,0,264.06,Debit Card,N
TXN01088,12/13/2023,C0193,S002,P005,9,298.26,5,2550.12,Debit Card,Y
TXN00347,12/12/2023,C0087,S003,P008,6,202.87,20,973.78,Cash,No
TXN00413,12/12/2023,C0166,S003,P002,1,185.21,0,185.21,Debit Card,TRUE
TXN01579,12/12/2023,C0160,S005,P010,6,265.76,25,1195.92,Credit Card,FALSE
TXN01722,12/12/2023,C0193,S003,P017,1,252.13,0,252.13,UNK,Yes
TXN01016,12/11/2023,C0158,S005,P008,6,208.95,15,1065.65,Debit Card,Yes
TXN01191,12/11/2023,C0022,S005,P009,7,81.03,0,567.21,UNK,yes
TXN01965,12/11/2023,C0025,S006,P008,10,129.42,25,970.65,PayPal,No
TXN00750,12/10/2023,C0106,S005,P007,10,268.26,0,2682.6,Gift Card,no
TXN01486,12/10/2023,C0065,S003,P020,3,16.97,15,43.27,Credit Card,No
TXN01570,12/10/2023,C0092,S001,P018,2,298.52,0,597.04,Cash,
TXN00852,12/9/2023,C0029,S005,P001,4,209.64,15,712.78,Credit Card,yes
TXN00357,12/8/2023,C0184,S006,P008,1,277.72,0,277.72,Credit Card,N
TXN00605,12/8/2023,C0191,S003,P013,7,11.65,20,65.24,Cash,TRUE
TXN00936,12/8/2023,C0172,S002,P006,8,277.37,20,1775.17,Cash,No
TXN00230,12/7/2023,C0026,S006,P003,6,132.05,15,673.46,Credit Card,N
TXN00237,12/7/2023,C0121,S005,P020,1,11.55,20,9.24,Cash,N
TXN01575,12/7/2023,C0088,S002,P019,9,229.97,0,2069.73,Gift Card,N
TXN00383,12/6/2023,C0042,S004,P009,2,132.12,25,198.18,Cash,
TXN00592,12/5/2023,C0180,S003,P005,3,161.32,0,483.96,Cash,yes
TXN00693,12/5/2023,C0028,S001,P007,2,63.82,0,127.64,Credit Card,No
TXN01459,12/5/2023,C0102,S003,P011,8,91.72,0,733.76,Debit Card,Yes
TXN01193,12/4/2023,C0195,S003,P001,4,194.42,0,777.68,Credit Card,
TXN01434,12/4/2023,C0067,S001,P007,2,133.39,25,200.09,PayPal,No
TXN01637,12/4/2023,C0091,S002,P018,8,163.94,25,983.64,Debit Card,Y
TXN00426,12/3/2023,C0088,S004,P016,2,90.73,0,181.46,Cash,Y
TXN01429,12/3/2023,C0029,S74,P012,10,17.99,20,143.92,Credit Card,Yes
TXN00851,12/2/2023,C0025,S005,P018,9,268.63,0,2417.67,Credit Card,Yes
TXN01329,12/1/2023,C0148,S001,P001,3,227.22,0,681.66,Cash,no
TXN01447,12/1/2023,C0135,S005,P010,1,10.37,0,10.37,Debit Card,Y
TXN01783,12/1/2023,C0107,S005,P018,5,238.46,0,1192.3,Gift Card,Yes
TXN00528,11/30/2023,C0109,S004,P004,6,212.12,0,1272.72,PayPal,
TXN01597,11/30/2023,C9346,S006,P001,2,121.46,10,218.63,Cash,Y
TXN01708,11/30/2023,C0107,S005,P005,9,245.22,25,1655.24,PayPal,Y
TXN01948,11/30/2023,C0195,S006,P007,10,206.23,20,1649.84,Cash,yes
TXN00586,11/29/2023,C0043,S004,P012,1,225.46,20,180.37,Cash,TRUE
TXN01243,11/29/2023,C0041,S005,P018,6,41.53,5,236.72,PayPal,N
TXN01364,11/29/2023,C0045,S003,P017,10,187.37,10,1686.33,Gift Card,FALSE
TXN01905,11/29/2023,C0178,S003,P011,5,113.26,0,566.3,Debit Card,Yes
TXN00116,11/28/2023,C0183,S006,P003,2,214.81,15,365.18,UNK,N
TXN00359,11/28/2023,C0149,S001,P010,8,199.84,0,1598.72,Cash,Y
TXN00702,11/28/2023,C0156,S002,P016,4,130.74,0,522.96,Cash,yes
TXN00942,11/27/2023,C0054,S005,P020,5,179.03,0,895.15,Credit Card,No
TXN01045,11/27/2023,C0096,S004,P015,3,42.72,5,121.75,Gift Card,no
TXN01684,11/27/2023,C0176,S005,P013,5,240.86,0,1204.3,PayPal,Yes
TXN01576,11/26/2023,C0088,S003,P020,3,103.57,0,310.71,Credit Card,TRUE
TXN01999,11/26/2023,C0011,S004,P730,4,208.87,10,751.93,UNK,Y
TXN00956,11/25/2023,C0025,S006,P584,6,272.86,10,1473.44,Credit Card,No
TXN01226,11/25/2023,C0029,S001,P016,6,244.08,0,1464.48,PayPal,FALSE
TXN01559,11/25/2023,C0056,S005,P004,10,228.51,10,2056.59,Credit Card,no
TXN01305,11/25/2023,C0189,S004,P015,8,140.77,0,1126.16,Credit Card,yes
TXN00189,11/24/2023,C0190,S005,P010,8,269.83,0,2158.64,PayPal,no
TXN01586,11/24/2023,C0163,S003,P020,1,157.49,0,157.49,Debit Card,Yes
TXN00698,11/23/2023,C0191,S003,P016,6,168.32,5,959.42,Cash,
TXN01098,11/22/2023,C0196,S001,P005,8,284.15,10,2045.88,Cash,N
TXN01257,11/22/2023,C0054,S002,P004,5,78.95,0,394.75,PayPal,N
TXN01587,11/22/2023,C0158,S006,P006,1,193.91,0,193.91,Debit Card,
TXN00123,11/21/2023,C0148,S003,P020,10,153.96,25,1154.7,Gift Card,yes
TXN00903,11/21/2023,C0158,S005,P020,2,290.61,20,464.98,Credit Card,Yes
TXN00968,11/20/2023,C0100,S55,P004,2,118.03,10,212.45,Debit Card,Yes
TXN00265,11/19/2023,C0198,S001,P002,3,271.73,0,815.19,UNK,yes
TXN00581,11/19/2023,C0120,S89,P020,6,173.82,20,834.34,Credit Card,FALSE
TXN00422,11/18/2023,C0076,S003,P012,2,30.63,25,45.95,Credit Card,TRUE
TXN00876,11/18/2023,C0044,S004,P018,2,144.63,5,274.8,Cash,No
TXN01555,11/18/2023,C0063,S001,P010,3,53.18,0,159.54,Cash,no
TXN00220,11/17/2023,C0103,S005,P018,3,265.46,0,796.38,PayPal,yes
TXN00704,11/17/2023,C0122,S005,P011,4,271.54,15,923.24,Gift Card,Y
TXN00453,11/17/2023,C0013,S006,P016,2,254.49,0,508.98,Debit Card,no
TXN01790,11/17/2023,C0158,S003,P017,5,230.43,5,1094.54,Debit Card,FALSE
TXN00147,11/16/2023,C0088,S001,P017,8,176.45,15,1199.86,Credit Card,yes
TXN00535,11/16/2023,C0109,S001,P015,4,38.91,25,116.73,Gift Card,
TXN01371,11/16/2023,C0059,S006,P015,8,92.85,20,594.24,Debit Card,yes
TXN00808,11/15/2023,C0141,S001,P018,10,262.39,10,2361.51,Debit Card,
TXN01906,11/15/2023,C0043,S002,P018,9,273.57,25,1846.6,Gift Card,N
TXN00319,11/14/2023,C0129,S004,P001,3,139.26,20,334.22,Cash,TRUE
TXN00719,11/14/2023,C9849,S003,P013,6,142.79,20,685.39,PayPal,TRUE
TXN00339,11/12/2023,C0151,S001,P004,7,280.32,0,1962.24,Credit Card,no
TXN00904,11/11/2023,C0059,S002,P008,3,196.37,0,589.11,Debit Card,Y
TXN01929,11/11/2023,C0172,S001,P001,1,64.78,25,48.59,Credit Card,TRUE
TXN00037,11/9/2023,C0028,S005,P009,3,268.48,5,765.17,Debit Card,No
TXN00603,11/9/2023,C0136,S006,P020,4,175.59,0,702.36,Debit Card,N
TXN01077,11/9/2023,C0102,S005,P020,4,251.8,10,906.48,Gift Card,yes
TXN00186,11/8/2023,C0079,S003,P012,5,233.23,0,1166.15,Cash,N
TXN01124,11/8/2023,C0113,S004,P018,1,170.44,25,127.83,Credit Card,FALSE
TXN01416,11/8/2023,C0103,S003,P014,1,60.25,20,48.2,Credit Card,no
TXN01436,11/7/2023,C0172,S002,P017,9,242.87,0,2185.83,UNK,TRUE
TXN00129,11/6/2023,C0096,S002,P015,9,17.23,25,116.3,Cash,TRUE
TXN01389,11/6/2023,C0161,S004,P009,7,293.13,10,1846.72,Debit Card,
TXN01563,11/6/2023,C0101,S002,P007,4,10.25,0,41,Credit Card,N
TXN01962,11/6/2023,C0134,S002,P005,9,130.64,20,940.61,Cash,Yes
TXN00467,11/5/2023,C0133,S005,P009,9,221.18,0,1990.62,Gift Card,N
TXN01230,11/5/2023,C0084,S006,P002,3,173.16,15,441.56,UNK,
TXN00600,11/4/2023,C0149,S001,P015,4,180.79,25,542.37,Debit Card,yes
TXN00678,11/4/2023,C0118,S005,P013,3,253.64,15,646.78,Debit Card,TRUE
TXN00780,11/4/2023,C0066,S002,P008,4,144.66,0,578.64,UNK,no
TXN01264,11/4/2023,C0142,S005,P006,1,36.29,0,36.29,Credit Card,No
TXN01760,11/4/2023,C0058,S001,P002,3,120.28,20,288.67,Credit Card,No
TXN00948,11/3/2023,C0024,S006,P006,9,268.39,10,2173.96,Debit Card,FALSE
TXN01437,11/3/2023,C0125,S001,P020,4,291.23,25,873.69,Debit Card,yes
TXN01960,11/3/2023,C0016,S004,P009,8,134.79,0,1078.32,Debit Card,No
TXN00081,11/2/2023,C0014,S002,P008,7,104.11,0,728.77,Debit Card,Y
TXN00718,11/2/2023,C0173,S005,P012,8,25.77,5,195.85,Credit Card,Y
TXN01108,11/2/2023,C0027,S001,P009,9,165.8,20,1193.76,Cash,Yes
TXN00429,11/1/2023,C0090,S004,P006,7,112.86,20,632.02,Gift Card,No
TXN01149,11/1/2023,C0172,S004,P015,3,172.7,15,440.39,Cash,no
TXN01351,11/1/2023,C0034,S003,P831,7,147.24,15,876.08,Debit Card,N
TXN01794,11/1/2023,C0002,S003,P020,10,174.65,25,1309.88,PayPal,Y
TXN00573,10/31/2023,C0007,S002,P014,1,139.56,10,125.6,Cash,Yes
TXN01427,10/31/2023,C0104,S002,P015,3,226.93,10,612.71,UNK,No
TXN01530,10/31/2023,C0059,S003,P014,3,257.86,25,580.19,Credit Card,FALSE
TXN01765,10/31/2023,C0129,S002,P007,2,86.18,15,146.51,Cash,TRUE
TXN00021,10/30/2023,C0139,S78,P018,4,225.3,20,720.96,Credit Card,Yes
TXN00178,10/30/2023,C0024,S92,P015,10,226.71,0,2267.1,Cash,
TXN00505,10/30/2023,C0102,S67,P009,10,13.58,10,122.22,Credit Card,N
TXN00004,10/30/2023,C0141,S002,P016,6,78.01,0,468.06,PayPal,N
TXN00471,10/29/2023,C9041,S005,P016,5,11.48,15,48.79,Credit Card,N
TXN01251,10/29/2023,C0101,S005,P001,9,17.73,5,151.59,Credit Card,yes
TXN01862,10/29/2023,C0061,S001,P005,10,297.43,5,2825.59,Credit Card,no
TXN00350,10/28/2023,C0183,S005,P017,1,47.08,0,47.08,UNK,TRUE
TXN01275,10/28/2023,C0095,S004,P005,7,172.23,0,1205.61,Gift Card,FALSE
TXN01758,10/28/2023,C0125,S001,P013,4,130.72,15,444.45,Cash,FALSE
TXN00727,10/27/2023,C0173,S004,P014,6,288.8,0,1732.8,Cash,no
TXN00837,10/27/2023,C0022,S002,P019,9,148.27,25,1000.82,Cash,N
TXN01406,10/27/2023,C0051,S001,P019,8,162.54,25,975.24,Debit Card,N
TXN00845,10/26/2023,C0162,S003,P012,5,261.22,0,1306.1,Cash,no
TXN01281,10/25/2023,C0094,S004,P960,1,76.09,5,72.29,UNK,Y
TXN01611,10/25/2023,C0088,S003,P014,6,81.34,0,488.04,Cash,
TXN01799,10/25/2023,C0039,S004,P003,10,140.26,0,1402.6,PayPal,yes
TXN01328,10/24/2023,C0019,S005,P008,10,88.97,25,667.28,Cash,
TXN00838,10/23/2023,C0011,S004,P014,8,17.61,0,140.88,Cash,no
TXN00907,10/22/2023,C0018,S002,P004,3,65.22,0,195.66,Credit Card,yes
TXN01209,10/22/2023,C0129,S006,P017,5,180.14,20,720.56,Debit Card,yes
TXN01724,10/22/2023,C0104,S006,P005,6,85.89,0,515.34,Gift Card,Yes
TXN00132,10/21/2023,C0082,S006,P005,3,89.35,0,268.05,Debit Card,Y
TXN00515,10/21/2023,C0031,S004,P005,10,153.32,5,1456.54,Credit Card,N
TXN00925,10/21/2023,C0005,S005,P012,6,219.26,0,1315.56,Credit Card,Y
TXN01756,10/21/2023,C9391,S004,P004,3,114.23,15,291.29,Credit Card,No
TXN00187,10/20/2023,C0045,S006,P005,3,78.99,0,236.97,PayPal,yes
TXN01087,10/20/2023,C0068,S001,P011,1,55,15,46.75,UNK,yes
TXN01104,10/20/2023,C0083,S004,P005,10,102.15,20,817.2,Cash,
TXN00720,10/20/2023,C0171,S002,P004,1,257.28,0,257.28,Credit Card,yes
TXN00093,10/19/2023,C0133,S003,P613,4,258.16,0,1032.64,Credit Card,FALSE
TXN00270,10/19/2023,C0184,S002,P017,4,40.52,5,153.98,Debit Card,N
TXN00879,10/19/2023,C0061,S006,P004,7,146.42,0,1024.94,PayPal,FALSE
TXN01742,10/19/2023,C0107,S001,P020,3,150.82,0,452.46,Credit Card,
TXN00242,10/18/2023,C0044,S003,P019,4,179.23,0,716.92,Debit Card,No
TXN00268,10/18/2023,C0131,S005,P006,1,18.09,10,16.28,Debit Card,FALSE
TXN00450,10/18/2023,C0135,S005,P020,2,176.45,20,282.32,Cash,Y
TXN00472,10/18/2023,C0129,S005,P003,5,51.37,5,244.01,Credit Card,Y
TXN00627,10/17/2023,C0027,S003,P010,6,216.03,25,972.14,Credit Card,N
TXN00708,10/17/2023,C0097,S001,P007,3,95.87,0,287.61,Debit Card,no
TXN01432,10/17/2023,C0182,S006,P001,1,256.04,0,256.04,UNK,FALSE
TXN00385,10/16/2023,C0195,S005,P017,3,82.35,0,247.05,Gift Card,
TXN00405,10/16/2023,C0158,S003,P003,1,185.31,0,185.31,Cash,
TXN01759,10/16/2023,C0040,S60,P009,9,53.26,20,383.47,PayPal,Y
TXN00640,10/14/2023,C0188,S003,P011,7,203.42,10,1281.55,Debit Card,TRUE
TXN01242,10/14/2023,C0058,S004,P009,8,135.64,5,1030.86,Gift Card,Yes
TXN01510,10/14/2023,C0037,S001,P007,1,264.94,5,251.69,Debit Card,Y
TXN01639,10/14/2023,C0151,S004,P003,10,188.47,5,1790.47,Debit Card,yes
TXN01277,10/13/2023,C0200,S001,P002,10,236.49,25,1773.68,Debit Card,Yes
TXN00191,10/12/2023,C0022,S004,P003,9,124.38,25,839.57,Credit Card,no
TXN00157,10/11/2023,C0178,S003,P003,5,235.36,20,941.44,Credit Card,yes
TXN00196,10/11/2023,C0018,S003,P019,7,261.82,25,1374.56,Cash,FALSE
TXN01373,10/11/2023,C0108,S006,P006,7,19.03,15,113.23,Credit Card,N
TXN01614,10/11/2023,C0020,S003,P014,2,158.11,20,252.98,Credit Card,TRUE
TXN01985,10/11/2023,C0165,S003,P018,8,158.48,10,1141.06,Gift Card,TRUE
TXN00818,10/10/2023,C0100,S004,P005,1,236.49,25,177.37,UNK,FALSE
TXN00835,10/10/2023,C0087,S98,P513,1,260.24,0,260.24,Debit Card,No
TXN00986,10/10/2023,C0193,S005,P007,6,99.71,15,508.52,Credit Card,Yes
TXN01271,10/10/2023,C0074,S006,P006,8,146.26,20,936.06,Debit Card,Yes
TXN01363,10/9/2023,C9053,S004,P014,9,258.19,10,2091.34,Debit Card,
TXN01475,10/9/2023,C0008,S003,P014,7,94.92,20,531.55,Gift Card,no
TXN00291,10/8/2023,C0174,S94,P020,5,207.4,25,777.75,Credit Card,no
TXN00194,10/7/2023,C0143,S005,P005,4,63.94,20,204.61,Credit Card,yes
TXN00558,10/7/2023,C0046,S003,P009,2,152.07,15,258.52,PayPal,N
TXN00707,10/7/2023,C0125,S005,P007,4,287.74,0,1150.96,Gift Card,FALSE
TXN01327,10/7/2023,C0072,S006,P002,9,206.88,0,1861.92,Debit Card,TRUE
TXN01071,10/6/2023,C0145,S003,P002,1,50.68,25,38.01,Debit Card,TRUE
TXN00597,10/5/2023,C0137,S005,P002,8,174.34,5,1324.98,Cash,Y
TXN00065,10/4/2023,C0143,S004,P005,8,243.64,0,1949.12,UNK,FALSE
TXN00534,10/4/2023,C0020,S006,P014,1,14.28,0,14.28,Debit Card,Y
TXN01205,10/4/2023,C0076,S001,P019,1,195.34,15,166.04,UNK,yes
TXN00060,10/3/2023,C0192,S002,P007,4,223.27,10,803.77,Gift Card,no
TXN00891,10/3/2023,C0170,S003,P013,7,221.03,15,1315.13,Credit Card,No
TXN00530,10/2/2023,C0057,S001,P014,4,176.03,0,704.12,Debit Card,no
TXN01065,10/2/2023,C0145,S006,P014,5,14.9,0,74.5,Gift Card,no
TXN00182,10/1/2023,C0109,S001,P015,8,155.42,0,1243.36,UNK,yes
TXN00691,10/1/2023,C0116,S001,P011,9,269.79,0,2428.11,Debit Card,Y
TXN01042,10/1/2023,C0120,S004,P019,5,154.82,25,580.58,Credit Card,no
TXN01912,10/1/2023,C0051,S006,P011,5,297.65,15,1265.01,Credit Card,Yes
TXN01240,9/30/2023,C0102,S001,P018,1,261.82,25,196.37,Credit Card,Y
TXN01299,9/30/2023,C0104,S006,P020,7,198.22,25,1040.66,Debit Card,no
TXN01908,9/30/2023,C0060,S001,P013,4,40.64,15,138.18,PayPal,TRUE
TXN01839,9/29/2023,C0178,S003,P015,4,141.38,25,424.14,UNK,FALSE
TXN01854,9/29/2023,C0145,S005,P006,5,118.43,5,562.54,Debit Card,No
TXN00943,9/28/2023,C0111,S006,P007,8,24.78,25,148.68,Cash,No
TXN00996,9/28/2023,C0094,S002,P018,6,207.49,15,1058.2,Cash,
TXN01078,9/28/2023,C9777,S006,P006,3,75.11,15,191.53,PayPal,Y
TXN01297,9/28/2023,C0056,S005,P006,5,106.86,25,400.73,Credit Card,yes
TXN01879,9/28/2023,C0111,S002,P006,10,255.96,0,2559.6,Cash,FALSE
TXN00516,9/27/2023,C0183,S006,P002,7,16.94,0,118.58,UNK,
TXN00695,9/27/2023,C0139,S002,P003,4,64.24,15,218.42,Debit Card,yes
TXN00722,9/27/2023,C0053,S006,P001,8,60.63,0,485.04,UNK,yes
TXN01844,9/26/2023,C0176,S003,P009,2,253.15,0,506.3,UNK,yes
TXN00009,9/25/2023,C0004,S006,P019,10,74.96,15,637.16,Debit Card,
TXN00057,9/25/2023,C0130,S001,P011,2,242.85,10,437.13,Credit Card,TRUE
TXN00150,9/25/2023,C0061,S005,P011,2,290.53,0,581.06,Debit Card,
TXN00717,9/24/2023,C0167,S001,P017,7,69.33,0,485.31,Gift Card,Y
TXN00894,9/24/2023,C0175,S002,P011,8,61.59,15,418.81,Cash,
TXN00946,9/24/2023,C0036,S001,P012,9,158.81,5,1357.83,UNK,no
TXN00963,9/24/2023,C0154,S004,P512,10,200.26,10,1802.34,Credit Card,N
TXN01477,9/24/2023,C0131,S004,P009,10,93.51,15,794.84,Debit Card,N
TXN00521,9/23/2023,C0193,S002,P005,2,69.98,0,139.96,UNK,FALSE
TXN00414,9/22/2023,C0129,S002,P006,5,292.21,20,1168.84,Gift Card,
TXN00507,9/22/2023,C0071,S004,P006,3,262.66,0,787.98,Cash,FALSE
TXN00958,9/22/2023,C0147,S006,P018,1,261.23,25,195.92,Credit Card,No
TXN01059,9/22/2023,C0123,S004,P005,3,70.85,5,201.92,Cash,N
TXN01721,9/22/2023,C0163,S006,P010,10,270.05,25,2025.38,Debit Card,no
TXN00352,9/21/2023,C0172,S002,P016,2,240.71,15,409.21,Debit Card,no
TXN01235,9/21/2023,C0081,S006,P014,8,26.75,25,160.5,PayPal,no
TXN01334,9/21/2023,C0162,S002,P010,9,289.17,10,2342.28,Gift Card,FALSE
TXN01925,9/21/2023,C0183,S001,P017,4,27.5,25,82.5,Credit Card,TRUE
TXN01279,9/20/2023,C0120,S004,P013,9,278.14,0,2503.26,Debit Card,FALSE
TXN00762,9/19/2023,C0069,S003,P006,4,257.56,5,978.73,Cash,Yes
TXN00777,9/19/2023,C0054,S54,P002,5,220.9,0,1104.5,Cash,TRUE
TXN01396,9/19/2023,C0053,S004,P005,10,245.01,0,2450.1,Gift Card,Y
TXN01859,9/19/2023,C0139,S003,P010,3,179.32,25,403.47,UNK,yes
TXN00369,9/18/2023,C0178,S002,P009,4,217.19,0,868.76,Debit Card,
TXN00753,9/18/2023,C0117,S005,P009,9,174.56,5,1492.49,PayPal,No
TXN01738,9/18/2023,C0018,S004,P016,6,113.8,0,682.8,Gift Card,N
TXN01306,9/18/2023,C0013,S003,P008,2,104.94,5,199.39,Cash,N
TXN00644,9/17/2023,C0175,S002,P002,6,142.88,10,771.55,UNK,FALSE
TXN01529,9/17/2023,C0057,S006,P013,7,269.93,20,1511.61,Gift Card,yes
TXN00790,9/16/2023,C0128,S004,P011,8,48.54,15,330.07,Cash,N
TXN01292,9/16/2023,C0149,S006,P017,2,105.28,5,200.03,Debit Card,TRUE
TXN00487,9/14/2023,C0192,S003,P001,3,103.14,25,232.07,UNK,Y
TXN00084,9/14/2023,C0125,S005,P016,4,174.34,15,592.76,UNK,N
TXN01370,9/14/2023,C0167,S001,P003,6,274.29,0,1645.74,Credit Card,TRUE
TXN00685,9/13/2023,C0170,S004,P002,3,265.27,25,596.86,Credit Card,no
TXN01192,9/13/2023,C0025,S002,P003,2,161.78,0,323.56,UNK,no
TXN00705,9/13/2023,C0121,S003,P004,7,227.56,15,1353.98,Credit Card,No
TXN00010,9/12/2023,C0170,S004,P018,10,25.82,0,258.2,PayPal,N
TXN01733,9/12/2023,C0174,S002,P014,5,39.43,0,197.15,Credit Card,Yes
TXN01761,9/12/2023,C0105,S55,P732,2,263.27,0,526.54,Cash,no
TXN00668,9/10/2023,C0067,S004,P010,4,282.68,10,1017.65,Debit Card,
TXN00934,9/10/2023,C0183,S001,P010,6,291.29,10,1572.97,Debit Card,N
TXN01816,9/10/2023,C0147,S006,P020,3,145.3,15,370.52,Gift Card,Y
TXN01930,9/9/2023,C0199,S006,P014,7,227.92,5,1515.67,Credit Card,FALSE
TXN00377,9/8/2023,C0170,S005,P002,10,140.11,0,1401.1,UNK,Y
TXN00820,9/8/2023,C0172,S005,P017,3,191.98,0,575.94,UNK,
TXN01343,9/8/2023,C0165,S002,P020,6,135.42,5,771.89,Cash,TRUE
TXN01690,9/8/2023,C0147,S005,P019,8,174.22,0,1393.76,PayPal,No
TXN00741,9/7/2023,C0036,S002,P006,4,139.37,15,473.86,Cash,
TXN00457,9/6/2023,C0189,S006,P016,1,71.62,5,68.04,PayPal,No
TXN01818,9/6/2023,C0146,S50,P016,10,92.52,10,832.68,Credit Card,yes
TXN00767,9/5/2023,C0095,S003,P015,3,215.96,5,615.49,Credit Card,No
TXN01006,9/5/2023,C0039,S001,P009,9,136.27,20,981.14,Gift Card,yes
TXN01489,9/5/2023,C0104,S005,P007,6,65.37,0,392.22,PayPal,yes
TXN01574,9/5/2023,C0158,S003,P002,1,100.04,0,100.04,Cash,yes
TXN01625,9/5/2023,C0014,S006,P006,2,159.35,0,318.7,Debit Card,No
TXN01882,9/5/2023,C0130,S004,P008,4,113.2,0,452.8,Debit Card,Yes
TXN00825,9/4/2023,C9705,S002,P001,8,246.95,5,1876.82,Debit Card,No
TXN00870,9/4/2023,C0198,S005,P002,1,251.43,0,251.43,Credit Card,FALSE
TXN00587,9/3/2023,C0183,S003,P003,1,70.03,25,52.52,PayPal,Y
TXN01248,9/1/2023,C0072,S005,P019,4,60.27,0,241.08,Gift Card,N
TXN01546,9/1/2023,C0066,S003,P015,7,145.3,0,1017.1,Credit Card,yes
TXN00918,8/31/2023,C0101,S001,P009,5,78.52,20,314.08,Cash,No
TXN01332,8/31/2023,C0037,S001,P011,3,209.68,25,471.78,Cash,Y
TXN00229,8/30/2023,C0042,S006,P014,1,89.47,0,89.47,PayPal,
TXN01234,8/29/2023,C0089,S006,P020,3,147.54,20,354.1,Cash,TRUE
TXN00582,8/29/2023,C0138,S005,P004,2,124.77,5,237.06,Cash,N
TXN01543,8/29/2023,C0154,S001,P016,1,100.12,0,100.12,UNK,N
TXN00310,8/28/2023,C0020,S001,P017,9,168.53,0,1516.77,Debit Card,No
TXN01310,8/28/2023,C0060,S81,P014,10,283.3,0,2833,Debit Card,N
TXN01467,8/28/2023,C0099,S004,P018,2,92.61,20,148.18,Gift Card,TRUE
TXN01775,8/28/2023,C0001,S001,P019,10,62.23,20,497.84,Debit Card,No
TXN01919,8/28/2023,C0031,S006,P008,3,132.54,25,298.22,Credit Card,Yes
TXN01869,8/26/2023,C0084,S003,P001,3,192.26,0,576.78,Cash,FALSE
TXN00439,8/25/2023,C0033,S006,P013,5,252.83,0,1264.15,Debit Card,Yes
TXN01781,8/25/2023,C0061,S002,P004,9,295.81,20,2129.83,Cash,no
TXN00832,8/24/2023,C0137,S001,P013,10,216.61,0,2166.1,Cash,Y
TXN00826,8/23/2023,C0072,S94,P012,8,171.32,0,1370.56,Credit Card,yes
TXN00971,8/23/2023,C0123,S004,P019,7,261.26,0,1828.82,Cash,no
TXN01779,8/23/2023,C0119,S001,P004,7,49.51,0,346.57,UNK,Y
TXN01662,8/23/2023,C0158,S002,P009,9,150.29,0,1352.61,UNK,no
TXN00030,8/22/2023,C0105,S006,P011,1,122.96,0,122.96,Debit Card,Yes
TXN00264,8/22/2023,C0110,S004,P017,6,283.68,25,1276.56,UNK,No
TXN01774,8/21/2023,C0171,S003,P014,6,118.47,0,710.82,PayPal,Yes
TXN01934,8/20/2023,C0033,S004,P009,6,59.83,15,305.13,Credit Card,Yes
TXN00639,8/19/2023,C0023,S005,P012,4,262.11,25,786.33,Debit Card,Yes
TXN00411,8/18/2023,C0036,S006,P013,1,211.88,20,169.5,Debit Card,TRUE
TXN00491,8/18/2023,C0075,S003,P012,2,263.01,0,526.02,Gift Card,FALSE
TXN00512,8/18/2023,C0148,S006,P004,9,241.48,25,1629.99,Cash,yes
TXN01123,8/17/2023,C0172,S006,P727,5,267.11,0,1335.55,Cash,
TXN01452,8/17/2023,C9227,S004,P018,1,205.37,5,195.1,Debit Card,N
TXN01746,8/17/2023,C0183,S005,P013,10,138.6,15,1178.1,Credit Card,FALSE
TXN00441,8/16/2023,C0138,S006,P013,5,201.18,10,905.31,Credit Card,No
TXN00849,8/16/2023,C0027,S006,P017,8,219.16,0,1753.28,Gift Card,Y
TXN01197,8/16/2023,C0117,S68,P020,2,297.82,0,595.64,UNK,No
TXN01772,8/16/2023,C0081,S003,P007,1,138.8,0,138.8,PayPal,No
TXN00097,8/15/2023,C0173,S004,P020,10,156.37,5,1485.52,Cash,N
TXN00895,8/15/2023,C0057,S005,P012,2,74.83,0,149.66,Cash,Yes
TXN00032,8/14/2023,C0101,S005,P005,5,206.41,15,877.24,UNK,N
TXN00463,8/14/2023,C0178,S002,P007,6,194.7,10,1051.38,UNK,TRUE
TXN01457,8/14/2023,C0132,S004,P020,10,56.61,20,452.88,PayPal,N
TXN01472,8/14/2023,C0022,S002,P007,1,21.61,5,20.53,Gift Card,FALSE
TXN00415,8/13/2023,C0191,S005,P015,8,100.83,20,645.31,Cash,
TXN01938,8/13/2023,C0046,S005,P002,4,244.87,25,734.61,Credit Card,Yes
TXN01269,8/12/2023,C0183,S001,P666,4,144.28,5,548.26,Debit Card,N
TXN00095,8/11/2023,C0186,S004,P019,2,182.62,10,328.72,Credit Card,no
TXN00979,8/11/2023,C0142,S006,P011,4,196.66,0,786.64,UNK,FALSE
TXN01998,8/11/2023,C0057,S004,P019,1,286.25,5,271.94,Cash,Y
TXN00432,8/10/2023,C0049,S005,P012,6,14.7,10,79.38,PayPal,TRUE
TXN00449,8/9/2023,C0096,S003,P011,1,217.87,5,206.98,Gift Card,FALSE
TXN00526,8/8/2023,C9068,S005,P006,1,131.27,10,118.14,Gift Card,no
TXN00899,8/8/2023,C0122,S005,P014,8,256.95,0,2055.6,Cash,No
TXN01753,8/8/2023,C9817,S003,P008,1,17.97,0,17.97,Credit Card,Y
TXN01893,8/8/2023,C0176,S006,P015,7,168.59,0,1180.13,Cash,No
TXN00026,8/7/2023,C0085,S002,P020,9,147.71,0,1329.39,Gift Card,Y
TXN00167,8/7/2023,C0152,S001,P005,7,58.73,15,349.44,Credit Card,N
TXN01944,8/7/2023,C0147,S88,P020,8,274.97,5,2089.77,Cash,Yes
TXN01955,8/7/2023,C0060,S005,P011,3,155.34,0,466.02,Cash,No
TXN01968,8/7/2023,C0174,S004,P017,9,111.14,0,1000.26,Credit Card,
TXN01130,8/6/2023,C9353,S006,P019,10,113.21,5,1075.5,Credit Card,No
TXN00273,8/6/2023,C0009,S005,P004,10,257.17,0,2571.7,Credit Card,FALSE
TXN01366,8/6/2023,C0106,S001,P011,1,166.76,5,158.42,Debit Card,Y
TXN01485,8/6/2023,C0116,S004,P904,9,58.25,20,419.4,Debit Card,Y
TXN00143,8/5/2023,C0122,S005,P012,7,54.74,0,383.18,Credit Card,N
TXN00520,8/4/2023,C0072,S005,P012,5,58.02,10,261.09,Cash,yes
TXN00619,8/3/2023,C0126,S003,P011,7,65.38,0,457.66,Credit Card,FALSE
TXN01368,8/3/2023,C0157,S001,P002,8,69.35,20,443.84,UNK,Yes
TXN01536,8/3/2023,C0017,S004,P008,4,227.67,15,774.08,Debit Card,No
TXN00618,8/2/2023,C0115,S002,P013,10,246.2,0,2462,UNK,No
TXN01573,8/1/2023,C0004,S004,P012,4,240.65,0,962.6,Gift Card,
TXN01578,8/1/2023,C0143,S002,P013,4,235.03,5,893.11,Debit Card,FALSE
TXN01598,8/1/2023,C0095,S006,P019,9,105.02,10,850.66,Cash,
TXN01610,8/1/2023,C0151,S001,P002,10,256.82,0,2568.2,Cash,FALSE
TXN01152,7/31/2023,C0195,S005,P017,2,34.07,5,64.73,UNK,no
TXN01943,7/31/2023,C0162,S002,P020,7,161.49,15,960.87,Cash,FALSE
TXN00029,7/30/2023,C0180,S006,P003,3,16.89,15,43.07,Credit Card,FALSE
TXN00188,7/30/2023,C0009,S003,P015,9,292.89,10,2372.41,PayPal,N
TXN00667,7/30/2023,C0030,S001,P011,3,296.25,5,844.31,Credit Card,N
TXN01284,7/30/2023,C0053,S002,P020,9,229.22,20,1650.38,Cash,Yes
TXN00828,7/29/2023,C0194,S003,P014,3,209.5,0,628.5,Cash,Yes
TXN01106,7/29/2023,C0058,S001,P019,9,256.98,5,2197.18,Debit Card,N
TXN01888,7/29/2023,C9826,S004,P020,5,144.34,0,721.7,Cash,yes
TXN01951,7/29/2023,C0130,S005,P003,7,203.58,0,1425.06,Credit Card,Yes
TXN00817,7/28/2023,C0074,S003,P001,8,237.85,0,1902.8,Gift Card,TRUE
TXN00108,7/27/2023,C0080,S005,P014,3,200.31,0,600.93,Debit Card,N
TXN00308,7/27/2023,C0061,S003,P013,10,55.59,15,472.52,Debit Card,yes
TXN00990,7/27/2023,C0037,S006,P020,7,56.2,25,295.05,UNK,
TXN00212,7/26/2023,C0128,S003,P018,9,15.12,0,136.08,Debit Card,
TXN00671,7/26/2023,C0143,S002,P002,8,148.86,0,1190.88,Cash,No
TXN01590,7/26/2023,C0173,S005,P008,5,70.52,15,299.71,UNK,
TXN00479,7/25/2023,C0001,S001,P008,4,40.05,0,160.2,Credit Card,No
TXN01267,7/25/2023,C0046,S003,P003,2,285.39,5,542.24,Credit Card,
TXN00300,7/25/2023,C0052,S003,P016,8,183.93,15,1250.72,Cash,yes
TXN00327,7/24/2023,C0108,S50,P007,2,73.96,0,147.92,Cash,N
TXN00474,7/24/2023,C0107,S003,P010,10,278.86,25,2091.45,Debit Card,No
TXN01325,7/24/2023,C0038,S004,P011,9,89.95,15,688.12,Debit Card,Y
TXN00209,7/23/2023,C0153,S004,P014,8,90.77,10,653.54,Debit Card,no
TXN00303,7/23/2023,C0045,S003,P011,9,81.33,5,695.37,Credit Card,N
TXN00920,7/23/2023,C0168,S005,P020,4,274.38,20,878.02,PayPal,No
TXN00923,7/22/2023,C0192,S001,P007,7,120.28,5,799.86,PayPal,yes
TXN00023,7/21/2023,C0050,S002,P003,3,289.12,0,867.36,UNK,yes
TXN00776,7/21/2023,C0099,S002,P010,1,286.53,5,272.2,Cash,
TXN00935,7/21/2023,C9578,S003,P017,6,139.58,20,669.98,Gift Card,No
TXN01176,7/21/2023,C0140,S001,P016,10,100.77,0,1007.7,Cash,Yes
TXN00360,7/20/2023,C0003,S005,P005,7,285.62,20,1599.47,Credit Card,No
TXN00765,7/20/2023,C0020,S001,P006,9,46,25,310.5,Cash,N
TXN01100,7/20/2023,C0075,S004,P001,5,155.64,25,583.65,Cash,Yes
TXN00015,7/20/2023,C0101,S002,P004,7,23.49,0,164.43,UNK,N
TXN01085,7/19/2023,C0075,S004,P004,1,97.36,25,73.02,Debit Card,FALSE
TXN01315,7/18/2023,C0011,S006,P010,5,89.77,25,336.64,Credit Card,TRUE
TXN01547,7/18/2023,C0134,S002,P008,7,266.05,15,1583,Credit Card,N
TXN00706,7/17/2023,C0071,S003,P002,8,81.51,0,652.08,PayPal,FALSE
TXN01111,7/17/2023,C0079,S001,P020,5,164.25,0,821.25,UNK,No
TXN00205,7/16/2023,C0044,S005,P871,2,278.03,25,417.05,PayPal,No
TXN00305,7/16/2023,C0178,S005,P008,1,231.29,5,219.73,Cash,no
TXN00345,7/16/2023,C0105,S005,P006,2,95.01,20,152.02,Credit Card,Y
TXN00688,7/16/2023,C0134,S001,P006,1,198.33,10,178.5,Cash,Yes
TXN01446,7/16/2023,C0029,S006,P008,3,170.14,0,510.42,Credit Card,FALSE
TXN00669,7/14/2023,C0125,S001,P013,1,211.84,25,158.88,Debit Card,No
TXN01980,7/14/2023,C0134,S004,P020,7,150.1,0,1050.7,Cash,TRUE
TXN00342,7/13/2023,C0043,S003,P017,9,200.96,20,1446.91,Debit Card,No
TXN00985,7/13/2023,C0024,S006,P018,5,279.28,5,1326.58,UNK,Yes
TXN01037,7/13/2023,C0146,S001,P020,7,58.51,5,389.09,Cash,
TXN00659,7/13/2023,C0128,S002,P004,3,183.92,0,551.76,Cash,FALSE
TXN01889,7/13/2023,C0093,S002,P003,3,223.97,10,604.72,Cash,Y
TXN00316,7/12/2023,C0085,S004,P010,2,59.71,0,119.42,Cash,Y
TXN00368,7/12/2023,C0056,S005,P019,6,90.44,20,434.11,Cash,
TXN00843,7/12/2023,C0017,S002,P003,3,212.03,10,572.48,Credit Card,
TXN01438,7/12/2023,C0062,S001,P826,8,97.48,0,779.84,Credit Card,N
TXN00766,7/11/2023,C0003,S002,P017,1,155.26,0,155.26,PayPal,N
TXN00846,7/11/2023,C0187,S55,P010,7,239.71,10,1510.17,UNK,FALSE
TXN00880,7/11/2023,C0042,S004,P019,9,249.92,0,2249.28,Debit Card,N
TXN00993,7/11/2023,C0078,S005,P019,6,281.01,0,1686.06,UNK,no
TXN00145,7/10/2023,C0002,S006,P017,5,129.14,15,548.85,Cash,No
TXN00764,7/10/2023,C0080,S001,P003,10,25.12,0,251.2,Debit Card,N
TXN00565,7/9/2023,C0053,S006,P018,6,11.43,0,68.58,Debit Card,Y
TXN00302,7/8/2023,C0002,S001,P018,2,51.3,25,76.95,Cash,Yes
TXN00576,7/8/2023,C0066,S006,P014,2,240.16,10,432.29,UNK,Y
TXN00374,7/7/2023,C0091,S005,P014,9,283.09,5,2420.42,Credit Card,
TXN00007,7/7/2023,C0103,S003,P016,7,198.17,0,1387.19,Credit Card,N
TXN00046,7/6/2023,C0131,S006,P015,10,181.27,5,1722.07,Credit Card,Y
TXN00408,7/6/2023,C0091,S004,P014,10,240.12,15,2041.02,Gift Card,
TXN01102,7/6/2023,C0163,S002,P020,6,130.09,10,702.49,PayPal,no
TXN01971,7/6/2023,C0150,S005,P019,3,27.27,0,81.81,Cash,
TXN01812,7/5/2023,C9754,S005,P011,8,153.82,0,1230.56,PayPal,FALSE
TXN00045,7/4/2023,C0104,S005,P010,2,72.81,25,109.22,Debit Card,N
TXN00091,7/4/2023,C0130,S002,P020,8,280.72,15,1908.9,Cash,
TXN00400,7/4/2023,C0006,S002,P020,4,30.14,0,120.56,Debit Card,No
TXN01237,7/4/2023,C0046,S006,P004,2,230.86,25,346.29,PayPal,
TXN01860,7/4/2023,C0111,S002,P018,1,244.51,15,207.83,Cash,
TXN01128,7/3/2023,C0065,S001,P001,9,264.41,5,2260.71,Cash,TRUE
TXN01479,7/3/2023,C0060,S006,P725,10,235.51,10,2119.59,Cash,No
TXN01577,7/3/2023,C0028,S002,P013,1,45.24,20,36.19,Cash,yes
TXN01044,7/1/2023,C0095,S94,P019,6,278.33,10,1502.98,Cash,
TXN01116,7/1/2023,C0053,S005,P013,4,72.2,25,216.6,UNK,no
TXN01469,7/1/2023,C0166,S004,P001,10,56.44,0,564.4,PayPal,FALSE
TXN00601,6/30/2023,C0124,S006,P018,4,108.93,10,392.15,Cash,TRUE
TXN00684,6/29/2023,C0026,S002,P005,3,130.4,20,312.96,PayPal,yes
TXN01239,6/29/2023,C0109,S001,P006,3,18.58,0,55.74,UNK,Yes
TXN00866,6/28/2023,C0080,S006,P020,4,104.48,15,355.23,UNK,N
TXN00915,6/28/2023,C0042,S002,P020,8,230.33,25,1381.98,Cash,N
TXN01080,6/27/2023,C0123,S004,P017,6,65.89,20,316.27,Cash,N
TXN01556,6/27/2023,C9563,S006,P013,9,45.25,20,325.8,Gift Card,FALSE
TXN00931,6/26/2023,C0065,S001,P009,8,135.91,0,1087.28,UNK,No
TXN01262,6/26/2023,C9520,S004,P019,3,115.1,5,328.04,Cash,no
TXN01296,6/25/2023,C0104,S001,P017,3,253.79,5,723.3,Cash,
TXN00653,6/25/2023,C9459,S001,P016,3,28.5,15,72.68,Credit Card,TRUE
TXN01582,6/25/2023,C0189,S003,P020,9,265.07,5,2266.35,Gift Card,N
TXN00103,6/24/2023,C0052,S005,P015,1,29.31,10,26.38,Cash,No
TXN00234,6/24/2023,C0031,S83,P015,8,44.37,5,337.21,Credit Card,yes
TXN00580,6/24/2023,C0066,S006,P003,8,172.78,15,1174.9,UNK,no
TXN00840,6/24/2023,C0097,S005,P016,1,127.95,5,121.55,UNK,TRUE
TXN01553,6/24/2023,C0129,S004,P002,5,12.47,5,59.23,PayPal,no
TXN00554,6/23/2023,C0151,S003,P013,7,252.94,0,1770.58,Credit Card,No
TXN00675,6/23/2023,C0083,S002,P008,1,120.55,0,120.55,Debit Card,Y
TXN00036,6/22/2023,C9252,S006,P014,5,253.63,0,1268.15,PayPal,TRUE
TXN00325,6/22/2023,C0196,S67,P012,3,72.84,0,218.52,PayPal,Yes
TXN01850,6/21/2023,C0099,S006,P009,3,26.29,0,78.87,Gift Card,TRUE
TXN00913,6/20/2023,C0094,S002,P018,4,102.86,10,370.3,PayPal,TRUE
TXN00716,6/18/2023,C0039,S006,P010,5,171.32,20,685.28,Credit Card,no
TXN01068,6/18/2023,C0124,S005,P006,3,136.98,20,328.75,Cash,FALSE
TXN01460,6/18/2023,C0016,S002,P005,10,240.5,10,2164.5,Debit Card,no
TXN00617,6/17/2023,C0070,S002,P001,3,264.51,25,595.15,Credit Card,TRUE
TXN00877,6/17/2023,C9115,S004,P017,6,48.38,25,217.71,Debit Card,No
TXN01357,6/17/2023,C0050,S005,P010,8,97.05,0,776.4,UNK,TRUE
TXN01858,6/17/2023,C0133,S004,P018,2,218.3,0,436.6,Credit Card,TRUE
TXN01973,6/17/2023,C0037,S002,P001,9,45.51,10,368.63,UNK,Yes
TXN00301,6/16/2023,C0011,S001,P008,8,190.94,5,1451.14,Cash,
TXN01092,6/16/2023,C0170,S003,P012,1,137.41,20,109.93,UNK,TRUE
TXN00928,6/15/2023,C0143,S001,P020,1,138.5,0,138.5,Credit Card,
TXN01075,6/15/2023,C0119,S002,P008,2,257.46,10,463.43,UNK,no
TXN01132,6/15/2023,C0165,S001,P007,7,117.98,0,825.86,Credit Card,N
TXN00875,6/14/2023,C0155,S003,P979,9,205.64,10,1665.68,Gift Card,No
TXN01391,6/14/2023,C0181,S006,P004,9,124.12,5,1061.23,Debit Card,no
TXN01797,6/14/2023,C0008,S005,P013,4,19.3,0,77.2,Credit Card,FALSE
TXN00171,6/13/2023,C0012,S003,P014,5,106.95,25,401.06,Cash,N
TXN01103,6/13/2023,C0146,S004,P013,6,167.39,0,1004.34,Cash,N
TXN00040,6/13/2023,C0145,S002,P016,6,21.72,25,97.74,Gift Card,Yes
TXN01493,6/13/2023,C0122,S006,P001,6,291.2,5,1659.84,UNK,No
TXN00486,6/12/2023,C0171,S006,P008,4,40.58,0,162.32,Debit Card,No
TXN00593,6/12/2023,C0079,S004,P005,3,52.49,10,141.72,Gift Card,Yes
TXN01236,6/12/2023,C0020,S001,P017,5,52.68,0,263.4,Cash,TRUE
TXN00701,6/12/2023,C0141,S002,P016,7,136.18,0,953.26,Cash,No
TXN01656,6/12/2023,C0107,S005,P016,9,87.43,20,629.5,Credit Card,TRUE
TXN00412,6/11/2023,C9374,S002,P019,7,53.42,0,373.94,UNK,yes
TXN00855,6/11/2023,C0156,S002,P015,5,107.21,20,428.84,Credit Card,N
TXN01835,6/11/2023,C0097,S005,P001,6,75.06,25,337.77,Debit Card,Yes
TXN00532,6/10/2023,C0102,S002,P006,6,106.14,5,605,Credit Card,Yes
TXN00827,6/10/2023,C0012,S002,P007,3,95.55,0,286.65,Cash,Yes
TXN01019,6/10/2023,C0003,S006,P001,2,153.04,20,244.86,Debit Card,N
TXN01222,6/10/2023,C0055,S006,P018,4,177.59,10,639.32,Debit Card,Y
TXN00262,6/10/2023,C0182,S005,P004,3,197.66,15,504.03,Gift Card,TRUE
TXN01336,6/10/2023,C0153,S003,P016,10,153.56,15,1305.26,Gift Card,
TXN00101,6/9/2023,C0022,S001,P020,3,261.94,10,707.24,PayPal,TRUE
TXN01550,6/9/2023,C0152,S004,P003,6,138.37,25,622.67,Credit Card,no
TXN00085,6/8/2023,C0068,S004,P826,9,119.92,0,1079.28,Cash,Y
TXN00403,6/8/2023,C0140,S006,P001,1,39.82,10,35.84,Debit Card,N
TXN00661,6/8/2023,C0087,S006,P013,8,283.76,0,2270.08,Gift Card,TRUE
TXN00083,6/7/2023,C0028,S002,P018,6,243.6,25,1096.2,Debit Card,no
TXN00890,6/7/2023,C0034,S005,P002,9,102.29,0,920.61,Gift Card,no
TXN01421,6/7/2023,C0182,S004,P019,3,96.36,15,245.72,PayPal,
TXN01531,6/7/2023,C9678,S004,P016,1,278.05,10,250.25,Debit Card,FALSE
TXN01653,6/7/2023,C0011,S004,P009,7,193.57,0,1354.99,Cash,Y
TXN01674,6/7/2023,C0007,S003,P014,4,270.11,25,810.33,Debit Card,N
TXN01751,6/7/2023,C9105,S006,P012,5,107.73,0,538.65,Credit Card,Yes
TXN01829,6/7/2023,C0039,S005,P001,6,122,10,658.8,Gift Card,Yes
TXN00806,6/6/2023,C0106,S005,P016,5,224.2,20,896.8,Debit Card,N
TXN01766,6/6/2023,C0170,S005,P002,8,220.44,0,1763.52,PayPal,yes
TXN01841,6/6/2023,C0040,S001,P005,9,241.03,0,2169.27,Debit Card,
TXN00614,6/5/2023,C0019,S005,P017,7,267.93,20,1500.41,Debit Card,Yes
TXN01052,6/5/2023,C0175,S002,P006,6,144.3,5,822.51,Credit Card,Y
TXN01439,6/5/2023,C0073,S001,P003,6,73.16,0,438.96,Cash,
TXN00954,6/4/2023,C0193,S005,P014,1,190.74,0,190.74,Debit Card,Y
TXN01207,6/4/2023,C0164,S003,P012,3,113.51,0,340.53,Credit Card,No
TXN00949,6/4/2023,C0193,S006,P016,1,87.47,15,74.35,Debit Card,
TXN01894,6/4/2023,C9169,S006,P017,2,298.24,0,596.48,Credit Card,FALSE
TXN00687,6/3/2023,C0172,S006,P003,6,184.82,25,831.69,Cash,no
TXN01294,6/3/2023,C0154,S005,P010,5,254.31,15,1080.82,Credit Card,TRUE
TXN01711,6/3/2023,C0038,S006,P001,2,219.72,25,329.58,Credit Card,No
TXN00407,6/2/2023,C0038,S004,P016,2,42.82,20,68.51,Debit Card,no
TXN01827,6/2/2023,C9420,S003,P014,5,86.99,15,369.71,Debit Card,No
TXN01984,6/2/2023,C0033,S006,P020,2,266.13,10,479.03,Gift Card,No
TXN00120,6/1/2023,C0090,S52,P020,5,106.02,0,530.1,Credit Card,FALSE
TXN00396,6/1/2023,C0072,S003,P002,4,296.97,5,1128.49,Cash,no
TXN00616,6/1/2023,C0047,S005,P002,3,166.62,0,499.86,Gift Card,Y
TXN00709,6/1/2023,C0098,S005,P011,2,281.7,25,422.55,PayPal,yes
TXN01188,6/1/2023,C0092,S001,P007,1,27.68,0,27.68,Credit Card,
TXN00466,5/31/2023,C0026,S006,P016,6,297.04,10,1604.02,PayPal,Yes
TXN00109,5/30/2023,C0196,S004,P010,8,226.23,10,1628.86,Cash,N
TXN00387,5/30/2023,C0158,S001,P017,5,213.05,5,1011.99,Credit Card,FALSE
TXN01487,5/30/2023,C0095,S001,P007,6,24.48,0,146.88,Debit Card,TRUE
TXN00356,5/30/2023,C0180,S70,P004,5,299.09,25,1121.59,Credit Card,
TXN00819,5/29/2023,C0185,S003,P009,9,241.84,20,1741.25,Gift Card,yes
TXN01650,5/29/2023,C0072,S006,P020,3,149.08,20,357.79,UNK,yes
TXN01664,5/29/2023,C0096,S001,P019,6,150.94,10,815.08,UNK,No
TXN00280,5/28/2023,C0197,S003,P006,1,188.2,15,159.97,Credit Card,
TXN01180,5/28/2023,C0102,S71,P019,5,229.05,0,1145.25,Credit Card,yes
TXN01476,5/28/2023,C0072,S003,P008,8,285.55,15,1941.74,Debit Card,TRUE
TXN01873,5/28/2023,C0190,S001,P005,1,156.69,25,117.52,Credit Card,TRUE
TXN01806,5/27/2023,C0106,S002,P019,3,95.76,0,287.28,Credit Card,
TXN00281,5/26/2023,C0083,S001,P008,10,179.95,25,1349.63,Debit Card,yes
TXN01090,5/26/2023,C0157,S003,P002,3,90.62,15,231.08,Cash,Y
TXN01832,5/26/2023,C0109,S005,P984,3,53.4,25,120.15,Credit Card,
TXN01947,5/26/2023,C0092,S001,P001,4,163.04,0,652.16,Debit Card,N
TXN01003,5/25/2023,C0134,S005,P007,7,109.94,10,692.62,Debit Card,
TXN01500,5/25/2023,C0072,S003,P016,4,267.65,0,1070.6,PayPal,TRUE
TXN01561,5/25/2023,C0062,S004,P013,7,277.86,25,1458.77,Cash,no
TXN00423,5/24/2023,C0146,S003,P013,7,258.53,0,1809.71,Cash,no
TXN00476,5/24/2023,C0078,S005,P005,10,167.55,10,1507.95,Credit Card,TRUE
TXN00712,5/24/2023,C0134,S006,P012,6,108.07,20,518.74,Debit Card,FALSE
TXN00771,5/24/2023,C0078,S002,P616,8,83.35,20,533.44,Gift Card,TRUE
TXN01541,5/24/2023,C0171,S004,P014,3,230.7,10,622.89,Debit Card,Yes
TXN00043,5/23/2023,C0059,S006,P005,3,55.63,0,166.89,Cash,No
TXN00140,5/23/2023,C0194,S001,P005,8,164.06,20,1049.98,Gift Card,no
TXN01461,5/23/2023,C0058,S001,P005,10,136.17,0,1361.7,Debit Card,TRUE
TXN01516,5/23/2023,C0150,S006,P014,10,77.51,20,620.08,Credit Card,No
TXN00823,5/21/2023,C0012,S004,P003,2,207.48,25,311.22,Gift Card,Y
TXN00401,5/21/2023,C0004,S004,P004,1,231.4,0,231.4,Credit Card,N
TXN00500,5/21/2023,C0134,S006,P004,6,220.22,0,1321.32,PayPal,No
TXN00743,5/21/2023,C0063,S002,P016,8,148.83,0,1190.64,UNK,No
TXN01831,5/21/2023,C0050,S005,P014,1,18.48,0,18.48,Debit Card,
TXN00768,5/20/2023,C9471,S004,P013,9,167.03,20,1202.62,UNK,no
TXN00812,5/20/2023,C0152,S005,P008,10,258.28,0,2582.8,PayPal,Yes
TXN00376,5/20/2023,C0132,S006,P004,7,14.03,5,93.3,Debit Card,FALSE
TXN00961,5/19/2023,C0174,S006,P012,4,212.13,20,678.82,Debit Card,No
TXN01471,5/19/2023,C0176,S005,P005,2,262.01,20,419.22,Credit Card,FALSE
TXN00232,5/17/2023,C0176,S003,P007,2,130.2,0,260.4,Gift Card,Yes
TXN00654,5/17/2023,C0056,S003,P010,6,77.44,20,371.71,Cash,Yes
TXN00156,5/14/2023,C0196,S005,P006,2,211.74,10,381.13,Debit Card,TRUE
TXN01031,5/14/2023,C0128,S002,P004,4,118.15,5,448.97,Debit Card,
TXN01685,5/14/2023,C0170,S006,P015,1,45.78,0,45.78,Debit Card,Y
TXN01918,5/14/2023,C0044,S001,P003,8,69.36,10,499.39,Credit Card,no
TXN00318,5/13/2023,C0123,S004,P007,3,262.43,10,708.56,PayPal,N
TXN00901,5/13/2023,C0132,S003,P005,6,171.65,20,823.92,UNK,
TXN00710,5/12/2023,C0005,S003,P012,3,101.43,20,243.43,Cash,
TXN00137,5/11/2023,C0104,S001,P003,5,164.5,20,658,Gift Card,FALSE
TXN00239,5/11/2023,C0072,S004,P009,10,250.58,10,2255.22,Cash,no
TXN00249,5/11/2023,C0077,S005,P019,1,169.79,0,169.79,Debit Card,No
TXN00354,5/11/2023,C0098,S001,P019,9,65.06,20,468.43,Cash,N
TXN00744,5/11/2023,C0038,S001,P003,10,57.77,20,462.16,Gift Card,yes
TXN00149,5/10/2023,C0072,S005,P009,1,225.01,0,225.01,PayPal,no
TXN00298,5/10/2023,C0066,S004,P015,3,80.51,0,241.53,Cash,yes
TXN00929,5/10/2023,C0136,S001,P009,3,250.05,0,750.15,Credit Card,Yes
TXN00997,5/10/2023,C9591,S003,P001,10,15.24,0,152.4,Cash,
TXN01150,5/10/2023,C0190,S005,P005,2,137.92,25,206.88,Debit Card,N
TXN00953,5/9/2023,C9990,S002,P013,9,212.04,5,1812.94,Cash,yes
TXN01200,5/9/2023,C9926,S005,P001,8,223.27,20,1428.93,Credit Card,yes
TXN01497,5/9/2023,C0095,S004,P008,1,243.1,25,182.33,Credit Card,FALSE
TXN01544,5/9/2023,C0181,S004,P004,3,286.16,5,815.56,UNK,FALSE
TXN01723,5/9/2023,C0149,S001,P002,10,93.25,0,932.5,Gift Card,TRUE
TXN00930,5/8/2023,C9371,S004,P019,8,116.88,10,841.54,Cash,no
TXN01600,5/8/2023,C0009,S003,P008,9,103.88,25,701.19,Debit Card,yes
TXN01917,5/8/2023,C0047,S003,P020,7,134.05,15,797.6,PayPal,no
TXN01157,5/6/2023,C9335,S002,P015,4,126.13,15,428.84,UNK,TRUE
TXN01426,5/6/2023,C0102,S005,P015,7,63.34,10,399.04,Cash,
TXN00122,5/5/2023,C0071,S004,P007,10,26.87,0,268.7,Credit Card,
TXN01909,5/5/2023,C0132,S005,P009,5,241.78,15,1027.57,Credit Card,Y
TXN00911,5/4/2023,C0045,S006,P015,4,278.48,0,1113.92,Cash,N
TXN00553,5/3/2023,C0164,S003,P018,5,295.19,5,1402.15,Cash,no
TXN00596,5/3/2023,C0092,S005,P001,9,270.46,5,2312.43,Debit Card,no
TXN01326,5/3/2023,C0168,S003,P006,3,15.25,5,43.46,Credit Card,TRUE
TXN01361,5/3/2023,C0140,S002,P013,7,48.4,0,338.8,Cash,TRUE
TXN00897,5/3/2023,C0132,S001,P004,8,183.71,0,1469.68,Gift Card,yes
TXN00012,5/2/2023,C0191,S001,P002,9,169.24,0,1523.16,Credit Card,FALSE
TXN00994,5/1/2023,C0117,S001,P005,8,96.07,0,768.56,UNK,N
TXN01038,5/1/2023,C0038,S004,P011,9,211.67,10,1714.53,UNK,FALSE
TXN01697,5/1/2023,C0014,S005,P010,8,115,15,782,UNK,TRUE
TXN00857,4/30/2023,C0110,S001,P007,1,160.87,5,152.83,Debit Card,Yes
TXN01047,4/30/2023,C0082,S002,P002,8,174.31,5,1324.76,Debit Card,Yes
TXN00002,4/29/2023,C0098,S003,P005,4,211.61,0,846.44,UNK,yes
TXN00496,4/29/2023,C0158,S003,P011,7,276.24,5,1837,Gift Card,
TXN00770,4/29/2023,C0106,S003,P011,8,67.62,0,540.96,Cash,TRUE
TXN01499,4/29/2023,C0195,S002,P016,9,277.25,5,2370.49,Debit Card,N
TXN01764,4/29/2023,C0151,S003,P002,9,114.74,0,1032.66,Credit Card,
TXN01961,4/29/2023,C0012,S002,P013,6,293.92,20,1410.82,Debit Card,Yes
TXN00445,4/28/2023,C0008,S002,P005,5,89.36,5,424.46,UNK,yes
TXN00921,4/28/2023,C0013,S006,P007,3,44.24,25,99.54,Cash,Yes
TXN01082,4/28/2023,C0119,S004,P017,10,123.57,15,1050.35,PayPal,Yes
TXN00260,4/27/2023,C0031,S004,P011,6,233.12,10,1258.85,UNK,No
TXN01791,4/26/2023,C0030,S002,P014,5,17.05,0,85.25,Debit Card,no
TXN01051,4/25/2023,C0016,S001,P012,3,245.96,0,737.88,UNK,Yes
TXN01291,4/25/2023,C0129,S001,P013,5,202.36,0,1011.8,Credit Card,No
TXN00304,4/24/2023,C0054,S002,P012,3,282.94,20,679.06,Cash,N
TXN01428,4/23/2023,C0106,S004,P019,8,35.65,20,228.16,Debit Card,FALSE
TXN01480,4/23/2023,C0169,S001,P007,5,268.96,25,1008.6,Credit Card,yes
TXN00416,4/22/2023,C0093,S003,P644,3,167.05,0,501.15,Credit Card,Y
TXN01820,4/22/2023,C0008,S006,P011,10,199.16,5,1892.02,Credit Card,TRUE
TXN01174,4/21/2023,C0160,S002,P017,7,38.77,20,217.11,Cash,FALSE
TXN01828,4/21/2023,C0064,S005,P005,8,206.33,0,1650.64,PayPal,
TXN01896,4/21/2023,C0152,S59,P007,4,103.07,5,391.67,Gift Card,
TXN00061,4/20/2023,C0021,S006,P001,9,287.82,25,1942.79,Credit Card,TRUE
TXN00482,4/20/2023,C0109,S003,P019,7,13.2,10,83.16,PayPal,Yes
TXN00810,4/20/2023,C0152,S002,P006,3,198.06,0,594.18,Gift Card,N
TXN01716,4/20/2023,C0128,S004,P001,10,47.45,0,474.5,UNK,N
TXN00166,4/19/2023,C0153,S002,P007,7,107.83,20,603.85,UNK,N
TXN01183,4/19/2023,C0029,S005,P003,3,243.57,20,584.57,UNK,
TXN01218,4/19/2023,C0002,S003,P018,6,237.47,25,1068.62,Credit Card,N
TXN01442,4/19/2023,C0161,S003,P012,7,70.38,15,418.76,Cash,N
TXN00981,4/18/2023,C0116,S003,P002,2,259.94,20,415.9,Cash,Y
TXN00924,4/17/2023,C0073,S001,P018,7,191.35,0,1339.45,Cash,N
TXN01663,4/17/2023,C0070,S006,P010,2,124.12,15,211,Gift Card,no
TXN00255,4/16/2023,C0183,S004,P019,10,222.01,10,1998.09,PayPal,Y
TXN01445,4/16/2023,C0001,S004,P020,1,204.97,0,204.97,Credit Card,TRUE
TXN01474,4/16/2023,C0142,S006,P011,10,30.76,15,261.46,Cash,Yes
TXN01718,4/16/2023,C0162,S003,P003,7,254.27,25,1334.92,Credit Card,TRUE
TXN01093,4/15/2023,C0122,S006,P009,7,40.7,0,284.9,Cash,FALSE
TXN01448,4/15/2023,C0064,S001,P011,4,102.42,25,307.26,UNK,N
TXN01564,4/15/2023,C0076,S001,P018,7,70.09,20,392.5,Credit Card,
TXN01208,4/14/2023,C0157,S002,P003,9,52.56,5,449.39,Gift Card,no
TXN01415,4/14/2023,C0165,S002,P004,4,55.91,10,201.28,Credit Card,no
TXN01748,4/14/2023,C0078,S001,P020,6,248.1,5,1414.17,Debit Card,FALSE
TXN01058,4/13/2023,C0142,S005,P006,2,289.46,25,434.19,Debit Card,yes
TXN01679,4/13/2023,C0072,S001,P005,3,18.09,0,54.27,Gift Card,Y
TXN00371,4/11/2023,C0057,S001,P004,3,162.68,10,439.24,Debit Card,FALSE
TXN01254,4/11/2023,C0047,S001,P004,8,117.99,20,755.14,Credit Card,TRUE
TXN01136,4/9/2023,C0060,S003,P925,2,291.14,10,524.05,Debit Card,N
TXN00736,4/8/2023,C9131,S006,P017,8,30.04,0,240.32,Debit Card,FALSE
TXN01451,4/8/2023,C0068,S005,P015,5,222.5,0,1112.5,UNK,FALSE
TXN01412,4/8/2023,C0040,S76,P004,6,31.86,15,162.49,Credit Card,No
TXN00080,4/7/2023,C0054,S006,P011,3,192.46,0,577.38,Debit Card,yes
TXN01027,4/7/2023,C0133,S001,P011,4,148.84,5,565.59,Cash,FALSE
TXN01107,4/7/2023,C0045,S003,P017,2,216.26,0,432.52,UNK,TRUE
TXN01339,4/7/2023,C0014,S004,P012,3,61.98,10,167.35,PayPal,yes
TXN01571,4/7/2023,C0052,S002,P012,6,140.1,0,840.6,Debit Card,
TXN01945,4/7/2023,C0096,S006,P012,6,236.02,0,1416.12,Debit Card,
TXN01763,4/6/2023,C0018,S001,P018,2,100.49,15,170.83,Gift Card,N
TXN01418,4/5/2023,C0046,S004,P011,10,255.65,10,2300.85,Cash,no
TXN01964,4/5/2023,C0144,S006,P003,10,95.61,0,956.1,Cash,Yes
TXN00375,4/3/2023,C0020,S001,P002,2,225.59,25,338.39,Debit Card,FALSE
TXN00556,4/3/2023,C0023,S005,P001,3,238.73,5,680.38,Gift Card,yes
TXN00763,4/3/2023,C0041,S006,P009,2,162.32,10,292.18,Debit Card,yes
TXN01855,4/3/2023,C0015,S005,P003,9,82.58,20,594.58,Cash,Y
TXN01921,4/3/2023,C0074,S006,P008,6,216.95,0,1301.7,UNK,Y
TXN01004,4/1/2023,C0185,S002,P007,5,245.17,0,1225.85,Debit Card,Yes
TXN01515,4/1/2023,C9357,S002,P008,1,259.99,20,207.99,PayPal,FALSE
TXN01634,4/1/2023,C0048,S001,P017,1,214.88,0,214.88,Debit Card,Yes
TXN00253,3/31/2023,C0004,S001,P007,1,70.68,0,70.68,UNK,Y
TXN00909,3/31/2023,C0046,S003,P011,5,226.58,15,962.97,Cash,
TXN00900,3/31/2023,C9362,S004,P004,10,161.88,0,1618.8,PayPal,Yes
TXN00898,3/30/2023,C0054,S001,P015,2,104.76,15,178.09,Cash,no
TXN01443,3/30/2023,C0100,S006,P012,1,85.11,0,85.11,Debit Card,yes
TXN01596,3/29/2023,C0160,S001,P007,9,85.61,25,577.87,Cash,
TXN00621,3/28/2023,C0100,S001,P009,6,23.16,5,132.01,UNK,N
TXN01096,3/28/2023,C0013,S004,P002,4,212.1,20,678.72,Credit Card,No
TXN01465,3/28/2023,C0001,S001,P019,6,134.78,20,646.94,Debit Card,yes
TXN01725,3/28/2023,C0069,S006,P004,6,53.01,5,302.16,PayPal,N
TXN00428,3/27/2023,C0071,S003,P015,7,162.19,10,1021.8,Debit Card,no
TXN00207,3/26/2023,C0030,S004,P010,8,75.5,20,483.2,Gift Card,No
TXN00324,3/26/2023,C0063,S004,P009,3,59.47,0,178.41,Debit Card,FALSE
TXN00363,3/26/2023,C0165,S005,P019,10,296.33,25,2222.48,Cash,
TXN00632,3/26/2023,C0130,S005,P008,1,67.62,15,57.48,UNK,FALSE
TXN00735,3/26/2023,C0184,S001,P011,4,185.05,25,555.15,PayPal,Y
TXN01394,3/26/2023,C0125,S005,P003,8,10.85,0,86.8,Debit Card,FALSE
TXN01657,3/26/2023,C0145,S001,P003,8,150.15,15,1021.02,Credit Card,No
TXN01728,3/26/2023,C0064,S001,P006,7,233.05,0,1631.35,Gift Card,
TXN00540,3/25/2023,C0109,S004,P001,3,160.78,0,482.34,Debit Card,Yes
TXN01430,3/25/2023,C0060,S003,P014,8,200.47,5,1523.57,Debit Card,yes
TXN01994,3/25/2023,C0074,S005,P020,7,280.1,15,1666.6,Gift Card,Y
TXN00180,3/24/2023,C0086,S001,P012,1,42.18,15,35.85,Cash,N
TXN01241,3/24/2023,C0050,S001,P001,1,94.45,5,89.73,PayPal,N
TXN01287,3/24/2023,C0146,S002,P018,3,131.42,15,335.12,Gift Card,TRUE
TXN01778,3/22/2023,C0062,S002,P016,10,123.25,0,1232.5,UNK,No
TXN00992,3/21/2023,C0097,S88,P001,2,48.48,15,82.42,UNK,FALSE
TXN01274,3/21/2023,C0044,S003,P011,4,155.29,20,496.93,Credit Card,N
TXN00738,3/20/2023,C0125,S004,P006,7,22.72,0,159.04,PayPal,Y
TXN01387,3/20/2023,C0079,S001,P004,3,281.5,15,717.83,UNK,TRUE
TXN01856,3/20/2023,C0148,S005,P002,8,219.73,5,1669.95,UNK,Yes
TXN00796,3/19/2023,C0071,S005,P001,9,261.88,10,2121.23,PayPal,Y
TXN01178,3/19/2023,C0127,S001,P921,5,101.7,10,457.65,PayPal,No
TXN00455,3/18/2023,C0177,S004,P006,3,179.2,0,537.6,Debit Card,TRUE
TXN01356,3/18/2023,C0027,S003,P011,4,82.93,0,331.72,PayPal,
TXN01843,3/18/2023,C0165,S003,P019,6,194.43,0,1166.58,Debit Card,N
TXN01887,3/18/2023,C0081,S001,P006,2,96.82,15,164.59,Cash,N
TXN00031,3/16/2023,C0129,S006,P003,5,231.93,25,869.74,Credit Card,TRUE
TXN00159,3/16/2023,C0187,S004,P754,3,199.33,0,597.99,Credit Card,N
TXN00425,3/16/2023,C0119,S003,P018,8,41.64,0,333.12,Debit Card,
TXN01084,3/16/2023,C0139,S001,P010,3,65.24,20,156.58,Cash,Yes
TXN01601,3/15/2023,C0195,S005,P019,4,230.03,20,736.1,Debit Card,Y
TXN01648,3/15/2023,C0200,S003,P020,7,137.77,20,771.51,Credit Card,Y
TXN01786,3/15/2023,C0136,S002,P609,2,162.62,20,260.19,Debit Card,No
TXN00589,3/14/2023,C0067,S005,P020,9,217.28,25,1466.64,Credit Card,
TXN01353,3/14/2023,C0115,S005,P019,4,40.3,5,153.14,PayPal,FALSE
TXN01198,3/13/2023,C0162,S003,P010,7,43.18,0,302.26,Credit Card,
TXN00158,3/13/2023,C0052,S002,P004,3,166.78,20,400.27,PayPal,yes
TXN01800,3/13/2023,C0184,S005,P007,7,104.61,0,732.27,Cash,no
TXN01554,3/12/2023,C0186,S004,P004,1,31.9,5,30.31,PayPal,N
TXN01910,3/12/2023,C0138,S001,P001,4,264.46,0,1057.84,Debit Card,Yes
TXN00211,3/11/2023,C0007,S004,P011,3,97.8,0,293.4,UNK,TRUE
TXN00610,3/11/2023,C0180,S003,P012,8,226.71,5,1723,PayPal,no
TXN00672,3/11/2023,C0158,S006,P020,1,202.23,5,192.12,Credit Card,Yes
TXN01170,3/11/2023,C0044,S002,P020,1,220.01,15,187.01,Credit Card,yes
TXN01232,3/11/2023,C0181,S003,P018,7,148.01,0,1036.07,UNK,
TXN01969,3/11/2023,C0047,S006,P002,4,275.89,20,882.85,Debit Card,
TXN01990,3/11/2023,C0135,S002,P011,1,295.62,10,266.06,UNK,N
TXN00087,3/10/2023,C9960,S001,P016,4,38.64,20,123.65,Credit Card,Yes
TXN00625,3/9/2023,C0122,S004,P018,8,48.98,0,391.84,Credit Card,N
TXN00872,3/9/2023,C0015,S003,P020,2,258.77,15,439.91,UNK,Y
TXN01903,3/9/2023,C0013,S002,P007,5,72.49,0,362.45,UNK,TRUE
TXN01585,3/8/2023,C0107,S001,P019,5,39.88,25,149.55,Debit Card,Y
TXN00222,3/7/2023,C0106,S003,P009,10,78.48,5,745.56,Gift Card,yes
TXN00937,3/7/2023,C0036,S004,P529,5,126.87,20,507.48,Credit Card,No
TXN01466,3/7/2023,C0095,S005,P015,10,299.28,0,2992.8,Cash,Y
TXN00749,3/6/2023,C0069,S003,P008,6,278.78,15,1421.78,Cash,yes
TXN01673,3/6/2023,C0069,S001,P001,1,275.11,5,261.35,Debit Card,no
TXN00086,3/6/2023,C0138,S002,P016,9,54.7,10,443.07,Debit Card,No
TXN00883,3/4/2023,C0128,S004,P005,1,115.88,0,115.88,Cash,N
TXN00697,3/3/2023,C0111,S006,P003,6,180.56,15,920.86,Debit Card,yes
TXN01680,3/3/2023,C0029,S002,P013,1,66.72,25,50.04,Credit Card,TRUE
TXN00269,3/3/2023,C0067,S003,P004,8,96.41,0,771.28,UNK,Y
TXN00493,3/2/2023,C0141,S003,P002,4,153.13,0,612.52,Debit Card,No
TXN00908,3/2/2023,C0003,S005,P009,8,56.44,25,338.64,PayPal,
TXN01000,3/2/2023,C0144,S001,P019,6,292.67,0,1756.02,Debit Card,No
TXN00089,3/1/2023,C0069,S006,P010,2,283.94,0,567.88,Debit Card,Y
TXN01671,3/1/2023,C0035,S002,P003,4,76.84,15,261.26,Credit Card,No
TXN01171,2/27/2023,C0127,S006,P019,4,56.27,15,191.32,UNK,No
TXN01216,2/27/2023,C0120,S004,P001,9,210.18,0,1891.62,Cash,N
TXN00224,2/26/2023,C0022,S003,P014,6,204.78,0,1228.68,Cash,Y
TXN00944,2/26/2023,C0170,S001,P009,2,256.39,0,512.78,UNK,FALSE
TXN01221,2/26/2023,C0105,S002,P001,8,279.05,5,2120.78,UNK,yes
TXN01323,2/26/2023,C0155,S003,P001,9,273.29,0,2459.61,PayPal,Yes
TXN01629,2/26/2023,C0176,S005,P004,1,131.61,0,131.61,Debit Card,No
TXN01846,2/26/2023,C0074,S002,P018,10,118.17,25,886.28,Cash,yes
TXN00564,2/25/2023,C0080,S002,P015,7,57.95,0,405.65,Cash,yes
TXN01199,2/25/2023,C0144,S002,P001,2,219.79,0,439.58,Debit Card,No
TXN00142,2/24/2023,C9573,S003,P010,1,78.22,20,62.58,Debit Card,
TXN00655,2/24/2023,C0092,S001,P017,7,221.81,5,1475.04,Cash,N
TXN01411,2/24/2023,C0014,S005,P011,6,273.89,0,1643.34,Cash,N
TXN00998,2/24/2023,C0055,S003,P016,3,155.9,15,397.55,Credit Card,Yes
TXN00388,2/22/2023,C0069,S003,P008,6,269.58,0,1617.48,Gift Card,yes
TXN00772,2/22/2023,C0038,S001,P002,6,144.88,20,695.42,Debit Card,yes
TXN00134,2/21/2023,C0014,S004,P020,10,192.55,25,1444.13,Gift Card,FALSE
TXN00938,2/21/2023,C0125,S001,P002,1,227.22,10,204.5,UNK,No
TXN00114,2/20/2023,C0113,S003,P010,8,58.28,10,419.62,UNK,N
TXN00577,2/20/2023,C0122,S004,P006,5,155.45,0,777.25,Credit Card,yes
TXN01097,2/20/2023,C0125,S001,P008,10,53.8,0,538,Credit Card,no
TXN01359,2/20/2023,C0020,S002,P009,10,196.31,20,1570.48,UNK,yes
TXN01484,2/20/2023,C0185,S003,P009,3,122.43,10,330.56,Gift Card,Y
TXN01524,2/20/2023,C0165,S59,P001,2,39.49,0,78.98,UNK,
TXN00665,2/19/2023,C0013,S004,P018,1,248.89,20,199.11,Cash,FALSE
TXN00737,2/19/2023,C0031,S004,P015,5,257.53,0,1287.65,Debit Card,N
TXN01032,2/18/2023,C0102,S006,P002,6,217.42,5,1239.29,PayPal,no
TXN01140,2/18/2023,C0154,S004,P009,8,76.79,15,522.17,Cash,yes
TXN01414,2/18/2023,C0036,S001,P020,1,256.6,0,256.6,Credit Card,Y
TXN01672,2/18/2023,C0080,S006,P020,4,135.34,5,514.29,Debit Card,TRUE
TXN01201,2/17/2023,C0079,S002,P014,4,257.12,10,925.63,Debit Card,No
TXN01633,2/17/2023,C0170,S003,P020,8,223.15,10,1606.68,Debit Card,N
TXN01681,2/17/2023,C0003,S006,P014,2,291.68,5,554.19,Cash,Yes
TXN01809,2/17/2023,C0023,S003,P011,6,156.9,20,753.12,UNK,FALSE
TXN01005,2/16/2023,C0199,S005,P006,2,145.8,10,262.44,Cash,TRUE
TXN00555,2/15/2023,C0051,S004,P001,5,89.39,15,379.91,Debit Card,TRUE
TXN01165,2/15/2023,C0103,S006,P001,10,60.37,10,543.33,Credit Card,no
TXN00724,2/15/2023,C0198,S006,P016,4,242.56,0,970.24,Gift Card,Y
TXN01133,2/14/2023,C0071,S004,P013,6,57.8,0,346.8,Cash,No
TXN01635,2/14/2023,C0008,S002,P014,6,255.69,25,1150.61,Debit Card,no
TXN01567,2/14/2023,C0013,S006,P004,2,167.53,0,335.06,PayPal,No
TXN01819,2/14/2023,C0149,S002,P005,7,195.67,15,1164.24,PayPal,no
TXN00164,2/13/2023,C0055,S006,P018,3,224.9,5,640.97,Cash,TRUE
TXN01163,2/13/2023,C0032,S92,P001,3,152.22,5,433.83,Debit Card,N
TXN01655,2/13/2023,C0022,S003,P007,9,81.31,0,731.79,Cash,FALSE
TXN01729,2/13/2023,C0037,S001,P002,7,97.18,25,510.2,Credit Card,yes
TXN00976,2/12/2023,C0183,S001,P008,6,218.56,0,1311.36,Cash,Y
TXN00809,2/11/2023,C0108,S003,P002,3,29.94,0,89.82,PayPal,no
TXN00575,2/11/2023,C0096,S88,P004,7,158.66,0,1110.62,Credit Card,
TXN00333,2/10/2023,C0107,S003,P008,6,109.39,5,623.52,Gift Card,Y
TXN00590,2/10/2023,C0184,S006,P014,2,40.05,10,72.09,Debit Card,N
TXN00742,2/10/2023,C0038,S006,P001,6,27.4,0,164.4,UNK,Yes
TXN01039,2/10/2023,C0127,S005,P020,2,224.57,20,359.31,Credit Card,No
TXN01187,2/10/2023,C0031,S005,P009,7,64.37,0,450.59,Gift Card,TRUE
TXN01379,2/10/2023,C0192,S005,P019,2,102.92,0,205.84,UNK,
TXN01523,2/10/2023,C0167,S001,P808,3,85.95,0,257.85,PayPal,no
TXN00162,2/10/2023,C0170,S006,P004,6,151.09,25,679.91,Gift Card,Yes
TXN01857,2/10/2023,C0038,S004,P012,10,290.66,25,2179.95,Cash,no
TXN00311,2/9/2023,C0086,S003,P009,4,214.64,0,858.56,UNK,yes
TXN00795,2/9/2023,C0172,S003,P001,9,76.47,5,653.82,Debit Card,Yes
TXN01545,2/9/2023,C0089,S001,P005,1,52.12,5,49.51,Cash,FALSE
TXN00419,2/8/2023,C0039,S001,P003,4,266.48,0,1065.92,UNK,FALSE
TXN00917,2/8/2023,C0068,S004,P015,9,156,25,1053,Cash,FALSE
TXN01143,2/8/2023,C0130,S002,P018,2,112.26,0,224.52,Credit Card,yes
TXN01770,2/8/2023,C0074,S67,P017,7,144.52,10,910.48,UNK,yes
TXN00824,2/7/2023,C0151,S003,P015,4,37.11,5,141.02,Credit Card,FALSE
TXN01752,2/7/2023,C0151,S002,P016,7,193.02,5,1283.58,Credit Card,
TXN00676,2/6/2023,C0019,S80,P013,5,208.83,20,835.32,PayPal,yes
TXN00888,2/6/2023,C0113,S002,P018,7,139.8,25,733.95,Cash,Yes
TXN01525,2/6/2023,C0044,S001,P020,6,53.28,0,319.68,Debit Card,Y
TXN01491,2/6/2023,C0156,S79,P004,7,270.26,5,1797.23,Debit Card,No
TXN00448,2/4/2023,C0065,S003,P017,6,125.51,0,753.06,Cash,no
TXN00805,2/3/2023,C0164,S003,P014,5,21.29,0,106.45,Cash,yes
TXN01086,2/3/2023,C0167,S006,P019,5,120.61,0,603.05,Debit Card,TRUE
TXN01386,2/3/2023,C0165,S004,P008,9,89.42,10,724.3,UNK,FALSE
TXN01834,2/3/2023,C0154,S002,P013,3,221.15,5,630.28,Gift Card,No
TXN00560,2/2/2023,C0133,S002,P015,10,103.67,20,829.36,Cash,No
TXN01021,2/2/2023,C0165,S004,P002,6,80.84,20,388.03,Cash,No
TXN01399,2/2/2023,C0033,S006,P009,10,180.63,0,1806.3,Debit Card,FALSE
TXN01612,2/2/2023,C0172,S001,P001,10,223.69,0,2236.9,Cash,
TXN01881,2/2/2023,C0007,S005,P002,2,47.34,0,94.68,UNK,Yes
TXN00427,2/2/2023,C0199,S003,P016,4,25.68,0,102.72,Credit Card,yes
TXN00468,2/1/2023,C0190,S004,P003,4,276.99,20,886.37,UNK,TRUE
TXN00975,2/1/2023,C0143,S006,P003,8,112.55,0,900.4,Debit Card,
TXN01505,2/1/2023,C0035,S005,P007,5,254.96,15,1083.58,Gift Card,Y
TXN00782,2/1/2023,C0095,S002,P016,7,180.64,20,1011.58,Gift Card,N
TXN01307,1/31/2023,C9068,S001,P015,7,52.57,0,367.99,Gift Card,Yes
TXN00204,1/30/2023,C0192,S005,P006,9,236.43,5,2021.48,Credit Card,FALSE
TXN00529,1/30/2023,C0130,S004,P011,5,205.75,20,823,Debit Card,yes
TXN01397,1/30/2023,C0109,S006,P001,10,220.54,20,1764.32,UNK,Y
TXN01535,1/30/2023,C0036,S003,P002,3,209.85,0,629.55,Cash,FALSE
TXN01735,1/30/2023,C0023,S003,P016,1,243.15,10,218.84,Credit Card,N
TXN00932,1/28/2023,C0189,S005,P015,7,90.09,0,630.63,Credit Card,FALSE
TXN01401,1/28/2023,C0055,S003,P010,7,273.31,20,1530.54,Debit Card,Yes
TXN00495,1/27/2023,C0051,S004,P001,9,149.83,20,1078.78,Debit Card,
TXN01885,1/27/2023,C0083,S002,P013,3,173.31,0,519.93,Cash,yes
TXN01963,1/27/2023,C0087,S004,P017,1,40.72,0,40.72,PayPal,No
TXN00294,1/25/2023,C0161,S003,P016,4,288.05,0,1152.2,Gift Card,No
TXN00070,1/24/2023,C0061,S006,P003,4,58.4,0,233.6,PayPal,FALSE
TXN00847,1/24/2023,C0188,S002,P017,9,61.75,10,500.18,PayPal,Yes
TXN01376,1/24/2023,C0040,S004,P008,8,44.52,0,356.16,Gift Card,TRUE
TXN01609,1/24/2023,C0123,S003,P020,8,111.71,10,804.31,PayPal,Y
TXN00105,1/23/2023,C9944,S003,P006,1,110.57,15,93.98,UNK,yes
TXN00185,1/23/2023,C0060,S005,P014,10,109.41,15,929.99,UNK,FALSE
TXN01247,1/23/2023,C0140,S95,P019,3,182.56,0,547.68,Cash,yes
TXN01390,1/23/2023,C0056,S005,P007,8,156.75,5,1191.3,PayPal,no
TXN00844,1/22/2023,C0108,S002,P017,7,72.02,10,453.73,PayPal,Yes
TXN01101,1/22/2023,C0003,S005,P017,6,30.7,15,156.57,PayPal,yes
TXN01155,1/22/2023,C0119,S001,P011,4,46.7,20,149.44,Gift Card,No
TXN01592,1/22/2023,C0053,S001,P012,3,292.48,15,745.82,PayPal,Yes
TXN01113,1/21/2023,C0111,S001,P006,1,28.09,15,23.88,UNK,no
TXN01273,1/21/2023,C0127,S005,P010,3,21.94,0,65.82,Credit Card,yes
TXN01568,1/21/2023,C0030,S005,P013,1,255.91,25,191.93,UNK,yes
TXN00606,1/20/2023,C0052,S006,P012,1,103.34,20,82.67,Gift Card,Y
TXN00252,1/19/2023,C9119,S91,P013,10,220.51,10,1984.59,Cash,
TXN01210,1/19/2023,C0026,S001,P006,6,100.19,10,541.03,Gift Card,Yes
TXN01678,1/19/2023,C0037,S005,P018,2,210.1,5,399.19,Debit Card,FALSE
TXN00197,1/18/2023,C0042,S002,P005,6,57.36,10,309.74,Cash,Yes
TXN00410,1/18/2023,C0122,S001,P012,6,256.14,0,1536.84,UNK,
TXN00506,1/18/2023,C0120,S72,P018,4,128.5,0,514,Cash,No
TXN00841,1/18/2023,C0200,S005,P003,1,87.67,0,87.67,Credit Card,FALSE
TXN00987,1/18/2023,C0193,S002,P918,5,283.6,20,1134.4,Credit Card,Yes
TXN01872,1/18/2023,C0111,S005,P010,3,238.42,25,536.45,UNK,no
TXN01883,1/18/2023,C0094,S002,P007,6,127.07,0,762.42,PayPal,N
TXN00398,1/17/2023,C0200,S005,P013,5,262.31,5,1245.97,Credit Card,Y
TXN01589,1/17/2023,C0060,S003,P005,5,10.64,20,42.56,Gift Card,yes
TXN01793,1/17/2023,C0069,S002,P004,7,61.79,20,346.02,Cash,Y
TXN01409,1/16/2023,C0141,S004,P020,7,192.95,15,1148.05,PayPal,Yes
TXN00700,1/15/2023,C0170,S002,P006,4,37.51,20,120.03,Gift Card,Yes
TXN01035,1/15/2023,C0094,S003,P014,7,143.55,0,1004.85,Cash,No
TXN01979,1/15/2023,C0176,S005,P013,2,45.08,20,72.13,UNK,
TXN00551,1/14/2023,C0009,S006,P002,5,89.51,0,447.55,PayPal,TRUE
TXN00970,1/14/2023,C0070,S006,P009,3,195.19,20,468.46,Credit Card,Y
TXN01802,1/14/2023,C0003,S002,P011,1,54.53,5,51.8,Cash,yes
TXN01920,1/14/2023,C0027,S006,P011,8,127.46,0,1019.68,Credit Card,yes
TXN00977,1/13/2023,C9942,S006,P017,2,217.4,20,347.84,UNK,No
TXN01015,1/13/2023,C0149,S003,P002,4,134.24,10,483.26,Debit Card,Y
TXN01322,1/13/2023,C0083,S006,P013,5,210.69,5,1000.78,Cash,
TXN00629,1/12/2023,C0124,S002,P019,7,141.11,5,938.38,PayPal,No
TXN00947,1/12/2023,C0016,S003,P014,8,102.86,0,822.88,Gift Card,
TXN01081,1/11/2023,C9284,S003,P003,3,219.83,5,626.52,Cash,no
TXN01089,1/11/2023,C0057,S004,P003,2,204.39,20,327.02,Credit Card,TRUE
TXN01127,1/11/2023,C0044,S001,P005,8,21.33,20,136.51,Credit Card,Yes
TXN01552,1/11/2023,C0046,S99,P017,4,172.53,0,690.12,Credit Card,no
TXN00792,1/10/2023,C0183,S005,P001,2,150.01,5,285.02,UNK,yes
TXN00967,1/10/2023,C0173,S002,P005,5,62.5,25,234.38,PayPal,yes
TXN01458,1/10/2023,C0173,S006,P009,3,71.65,0,214.95,PayPal,N
TXN00465,1/10/2023,C0122,S004,P016,2,23.1,0,46.2,Gift Card,FALSE
TXN00078,1/9/2023,C0039,S63,P010,8,299.41,25,1796.46,Debit Card,N
TXN00561,1/9/2023,C0122,S006,P006,6,98.82,25,444.69,PayPal,TRUE
TXN01331,1/9/2023,C0034,S006,P014,5,252.85,0,1264.25,Debit Card,N
TXN01407,1/9/2023,C0150,S002,P014,7,37.48,5,249.24,Credit Card,Yes
TXN01983,1/9/2023,C0188,S003,P003,4,218.51,10,786.64,Cash,Y
TXN00804,1/8/2023,C0119,S001,P018,2,181.94,25,272.91,Cash,No
TXN01202,1/8/2023,C0185,S006,P010,8,255.15,10,1837.08,Debit Card,No
TXN01449,1/8/2023,C0112,S006,P012,8,171.39,0,1371.12,Gift Card,Yes
TXN01874,1/8/2023,C0171,S002,P012,6,149.3,15,761.43,Cash,TRUE
TXN01913,1/8/2023,C0024,S004,P005,3,154,0,462,Debit Card,TRUE
TXN00263,1/7/2023,C0122,S005,P009,6,217.41,20,1043.57,Cash,FALSE
TXN00522,1/7/2023,C0007,S003,P019,7,222.31,0,1556.17,Debit Card,No
TXN01288,1/7/2023,C0079,S002,P010,3,18.76,5,53.47,Gift Card,no
TXN01706,1/7/2023,C0114,S003,P012,6,242.21,25,1089.95,Debit Card,FALSE
TXN00033,1/6/2023,C0101,S001,P012,4,129.67,0,518.68,Credit Card,Y
TXN00489,1/6/2023,C0105,S001,P017,8,65.14,5,495.06,Cash,no
TXN01425,1/5/2023,C0071,S004,P018,1,171.22,0,171.22,Gift Card,No
TXN00016,1/5/2023,C0013,S004,P016,9,236.51,0,2128.59,Cash,No
TXN01290,1/3/2023,C0156,S003,P017,5,201.02,5,954.85,Debit Card,TRUE
TXN01352,1/3/2023,C0111,S001,P008,7,65.36,15,388.89,Debit Card,yes
TXN00124,1/2/2023,C0120,S001,P007,10,299.71,20,2397.68,Gift Card,Yes
TXN00821,1/2/2023,C0048,S003,P014,5,211.85,10,953.33,Cash,No
TXN01745,1/2/2023,C0142,S006,P010,8,54.76,5,416.18,Credit Card,Yes
TXN00725,1/2/2023,C0012,S004,P016,4,217.52,0,870.08,Cash,TRUE
TXN00074,1/1/2023,C0195,S003,P018,1,209.45,25,157.09,Credit Card,
