Unique ID,Join Date,Last Source Date,First source,Last source
508828-002,2026-02-16 11:36:00,2026-02-16 11:36:00,@linkedin_organic,@linkedin_organic
219402-003,2026-02-16 10:52:00,-,-,-
670244-004,2026-02-16 10:16:00,-,-,-
511768-005,2026-02-16 09:13:00,2026-02-16 09:09:00,@all-combined-targetscreatives,@all-combined-targetscreatives
464174-006,2026-02-16 09:12:00,2026-02-16 08:37:00,@yt_2_11_2026,@yt_2_11_2026
214573-007,2026-02-16 06:29:00,2026-02-16 09:08:00,@all-combined-targetscreatives,@all-combined-targetscreatives
578373-008,2026-02-16 00:19:00,2026-02-16 00:09:00,@broad,@broad
332805-009,2026-02-15 23:46:00,-,-,-
971739-010,2026-02-15 11:27:00,2026-02-15 11:34:00,@yt_10_20_2025,@yt_10_20_2025
703846-011,2026-02-15 09:27:00,2026-02-15 09:18:00,@yt_10_2_2025,@yt_10_2_2025
570538-012,2026-02-14 12:58:00,-,-,-
679924-013,2026-02-14 00:29:00,2026-02-14 00:43:00,@all-combined-targetscreatives,@all-combined-targetscreatives
507186-014,2026-02-13 22:34:00,-,-,-
404672-015,2026-02-13 20:09:00,2026-02-15 19:40:00,@linkedinbio,@linkedinbio
582284-016,2026-02-13 18:54:00,2026-02-13 18:47:00,@yt_10_20_2025,@yt_10_20_2025
994619-017,2026-02-13 17:37:00,2026-02-13 20:28:00,@lead-list,@google_organic
521515-018,2026-02-13 17:00:00,-,-,-
341091-019,2026-02-13 14:47:00,-,-,-
709757-020,2026-02-13 14:30:00,-,-,-
814729-021,2026-02-13 09:12:00,-,-,-
104092-022,2026-02-12 21:13:00,2026-02-12 20:52:00,@yt_bio,@yt_bio
854887-023,2026-02-12 20:58:00,2026-02-12 20:10:00,@all-combined-targetscreatives,@all-combined-targetscreatives
680327-024,2026-02-12 18:41:00,-,-,-
402937-025,2026-02-12 13:11:00,2026-02-13 14:26:00,@all-combined-targetscreatives,@linkedinbio
732931-026,2026-02-12 11:06:00,-,-,-
541723-027,2026-02-12 10:37:00,2026-02-12 10:33:00,@lead-list,@lead-list
208837-028,2026-02-12 08:37:00,2026-02-12 08:33:00,@broad,@broad
483903-029,2026-02-12 08:05:00,2026-02-12 05:31:00,@lead-list,@lead-list
872432-030,2026-02-12 04:57:00,2026-02-12 04:43:00,@yt_1_2_2026,@yt_11_3_2025
705259-031,2026-02-11 23:21:00,2026-02-11 23:34:00,@lead-list,@yt_bio
395539-032,2026-02-11 22:21:00,2026-02-11 22:16:00,@all-combined-targetscreatives,@all-combined-targetscreatives
146500-033,2026-02-11 21:13:00,2026-02-11 21:06:00,@all-combined-targetscreatives,@all-combined-targetscreatives
430565-034,2026-02-11 19:44:00,-,-,-
671262-035,2026-02-11 16:00:00,2026-02-12 10:01:00,@linkedinbio,@google_organic
287540-036,2026-02-11 13:53:00,2026-02-11 13:53:00,@linkedin_organic,@linkedin_organic
600358-037,2026-02-11 12:18:00,2026-02-15 14:12:00,@yt_10_20_2025,@yt_10_20_2025
975754-038,2026-02-11 12:14:00,2026-02-11 11:52:00,@yt_12_12_2025,@yt_12_12_2025
256944-039,2026-02-11 09:58:00,2026-02-16 09:46:00,@google_organic,@google_organic
163224-040,2026-02-11 09:01:00,2026-02-11 08:55:00,@yt_2_11_2026,@yt_2_11_2026
140739-041,2026-02-11 07:04:00,-,-,-
486126-042,2026-02-11 01:39:00,2026-02-11 01:30:00,@all-combined-targetscreatives,@all-combined-targetscreatives
571844-043,2026-02-10 18:57:00,2026-02-12 18:48:00,@google_organic,@google_organic
548385-044,2026-02-10 16:11:00,2026-02-10 16:42:00,@all-combined-targetscreatives,@all-combined-targetscreatives
871402-045,2026-02-10 14:03:00,2026-02-10 13:54:00,@yt_10_6_2025,@yt_10_6_2025
527356-046,2026-02-10 11:48:00,-,-,-
821547-047,2026-02-10 11:11:00,-,-,-
621674-048,2026-02-10 10:12:00,-,-,-
117554-049,2026-02-10 10:09:00,-,-,-
119033-050,2026-02-10 05:08:00,2026-02-10 04:55:00,@all-combined-targetscreatives,@all-combined-targetscreatives
894068-051,2026-02-09 23:02:00,2026-02-09 22:55:00,@yt_10_2_2025,@yt_10_2_2025
979260-052,2026-02-09 22:43:00,2026-02-09 22:42:00,@all-combined-targetscreatives,@all-combined-targetscreatives
450608-053,2026-02-09 21:36:00,2026-02-12 16:44:00,@yt_10_20_2025,@google_organic
123543-054,2026-02-09 20:21:00,2026-02-09 20:04:00,@yt_10_2_2025,@yt_10_2_2025
764341-055,2026-02-09 11:21:00,-,-,-
433666-056,2026-02-09 10:19:00,2026-02-13 12:50:00,@yt_bio,@google_organic
936516-057,2026-02-08 21:37:00,-,-,-
370107-058,2026-02-08 16:26:00,-,-,-
939739-059,2026-02-08 14:10:00,-,-,-
714300-060,2026-02-08 00:32:00,-,-,-
939979-061,2026-02-07 19:39:00,2026-02-08 16:54:00,@yt_10_2_2025,@yt_10_2_2025
582851-062,2026-02-07 15:25:00,-,-,-
705172-063,2026-02-07 11:01:00,-,-,-
310716-064,2026-02-07 10:35:00,2026-02-07 10:29:00,@linkedin_organic,@linkedin_organic
581738-065,2026-02-07 09:05:00,2026-02-07 08:20:00,@all-combined-targetscreatives,@yt_10_20_2025
734492-066,2026-02-07 08:59:00,-,-,-
937295-067,2026-02-07 01:16:00,2026-02-12 10:11:00,@yt_10_2_2025,@yt_10_2_2025
900013-068,2026-02-06 22:46:00,2026-02-06 22:41:00,@yt_10_2_2025,@yt_10_2_2025
456353-069,2026-02-06 22:14:00,2026-02-06 22:18:00,@yt_12_12_2025,@yt_12_12_2025
704373-070,2026-02-06 21:07:00,2026-02-06 20:54:00,@yt_5_5_2025,@yt_5_5_2025
440038-071,2026-02-06 13:11:00,-,-,-
702701-072,2026-02-06 12:37:00,2026-02-06 12:34:00,@yt_bio,@yt_bio
456904-073,2026-02-06 11:48:00,-,-,-
750830-074,2026-02-06 11:22:00,2026-02-06 11:01:00,@yt_12_12_2025,@yt_12_12_2025
541671-075,2026-02-06 10:19:00,-,-,-
828981-076,2026-02-06 10:13:00,2026-01-30 10:57:00,@all-combined-targetscreatives,@all-combined-targetscreatives
183167-077,2026-02-06 10:07:00,2026-02-11 09:20:00,@yt_10_2_2025,@google_organic
377452-078,2026-02-06 09:16:00,-,-,-
272092-079,2026-02-06 06:43:00,2026-02-07 11:57:00,@yt_2_2_2026,@yt_2_2_2026
941836-080,2026-02-06 00:56:00,2026-02-11 09:40:00,@linkedin_organic,@google_organic
434664-081,2026-02-05 21:24:00,2026-02-05 21:19:00,@yt_2_2_2026,@yt_2_2_2026
746223-082,2026-02-05 18:08:00,-,-,-
233776-083,2026-02-05 16:47:00,2026-02-04 11:35:00,@all-combined-targetscreatives,@all-combined-targetscreatives
692225-084,2026-02-05 16:03:00,2026-02-05 20:05:00,@yt_10_20_2025,@yt_10_20_2025
960885-085,2026-02-05 15:09:00,-,-,-
670496-086,2026-02-05 14:48:00,2026-02-05 13:55:00,@yt_6_30_2025,@yt_6_30_2025
296463-087,2026-02-05 13:23:00,2026-02-05 13:45:00,@yt_12_12_2025,@yt_1_2_2026
449777-088,2026-02-05 12:32:00,-,-,-
494920-089,2026-02-05 12:23:00,-,-,-
696612-090,2026-02-05 11:20:00,-,-,-
346564-091,2026-02-05 10:49:00,-,-,-
765633-092,2026-02-05 10:34:00,-,-,-
412572-093,2026-02-05 10:30:00,-,-,-
395824-094,2026-02-05 09:57:00,-,-,-
991981-095,2026-02-05 09:37:00,-,-,-
247340-096,2026-02-05 04:59:00,2026-02-05 04:46:00,@yt_12_12_2025,@yt_12_12_2025
320664-097,2026-02-04 21:36:00,-,-,-
336990-098,2026-02-04 17:55:00,2026-02-04 17:49:00,@yt_6_30_2025,@yt_6_30_2025
669367-099,2026-02-04 16:13:00,2026-01-29 12:01:00,@all-combined-targetscreatives,@all-combined-targetscreatives
441433-100,2026-02-04 16:13:00,2026-02-04 16:08:00,@google_organic,@all-combined-targetscreatives
727913-101,2026-02-04 16:07:00,-,-,-
900272-102,2026-02-04 16:05:00,-,-,-
750787-103,2026-02-04 15:45:00,-,-,-
954846-104,2026-02-04 15:40:00,2026-02-04 15:23:00,@all-combined-targetscreatives,@all-combined-targetscreatives
483881-105,2026-02-04 14:35:00,2026-02-04 11:11:00,@yt_2_2_2026,@yt_2_2_2026
800056-106,2026-02-04 14:35:00,2026-02-04 15:22:00,@all-combined-targetscreatives,@all-combined-targetscreatives
346132-107,2026-02-04 13:01:00,-,-,-
596837-108,2026-02-04 12:22:00,-,-,-
328044-109,2026-02-04 11:41:00,2026-02-04 11:32:00,@all-combined-targetscreatives,@all-combined-targetscreatives
961857-110,2026-02-04 09:44:00,-,-,-
118884-111,2026-02-04 06:48:00,-,-,-
562152-112,2026-02-03 19:47:00,2026-02-03 19:39:00,@all-combined-targetscreatives,@yt_bio
220589-113,2026-02-03 18:31:00,-,-,-
435842-114,2026-02-03 15:37:00,2026-02-02 20:27:00,@yt_bio,@linkedinbio
769157-115,2026-02-03 14:43:00,2026-01-29 21:57:00,@all-combined-targetscreatives,@all-combined-targetscreatives
600475-116,2026-02-03 13:42:00,-,-,-
236306-117,2026-02-03 13:21:00,-,-,-
747298-118,2026-02-03 09:32:00,-,-,-
570403-119,2026-02-03 07:11:00,2026-01-27 13:23:00,@all-combined-targetscreatives,@all-combined-targetscreatives
239615-120,2026-02-03 06:45:00,2026-02-03 06:43:00,@all-combined-targetscreatives,@all-combined-targetscreatives
857096-121,2026-02-03 04:41:00,2026-01-28 13:14:00,@kedeisha-test-ads,@kedeisha-test-ads
570732-122,2026-02-03 03:54:00,2026-02-03 03:48:00,@all-combined-targetscreatives,@all-combined-targetscreatives
580426-123,2026-02-03 01:30:00,2026-02-03 01:26:00,@all-combined-targetscreatives,@all-combined-targetscreatives
364188-124,2026-02-03 01:21:00,2026-02-12 20:57:00,@yt_1_2_2026,@brave_organic
526083-125,2026-02-02 22:23:00,2026-02-02 22:05:00,@kedeisha-test-ads,@yt_bio
645227-126,2026-02-02 21:39:00,2026-02-02 22:45:00,@yt_10_2_2025,@yt_10_2_2025
788975-127,2026-02-02 19:16:00,-,-,-
640640-128,2026-02-02 19:01:00,2026-02-02 18:53:00,@all-combined-targetscreatives,@all-combined-targetscreatives
767508-129,2026-02-02 18:35:00,-,-,-
276751-130,2026-02-02 17:25:00,-,-,-
114465-131,2026-02-02 16:13:00,2026-01-29 09:13:00,@all-combined-targetscreatives,@all-combined-targetscreatives
576575-132,2026-02-02 15:14:00,2026-02-02 14:52:00,@all-combined-targetscreatives,@all-combined-targetscreatives
520316-133,2026-02-02 15:11:00,-,-,-
844611-134,2026-02-02 15:07:00,-,-,-
712072-135,2026-02-02 14:56:00,-,-,-
100858-136,2026-02-02 14:31:00,2026-02-02 14:17:00,@yt_2_2_2026,@yt_2_2_2026
588220-137,2026-02-02 14:04:00,-,-,-
281542-138,2026-02-02 13:52:00,2026-02-02 14:18:00,@yt_10_2_2025,@yt_10_2_2025
132264-139,2026-02-02 12:18:00,2026-02-02 20:41:00,@all-combined-targetscreatives,@google_organic
120586-140,2026-02-02 12:02:00,2026-02-02 10:48:00,@yt_bio,@google_organic
604514-141,2026-02-02 09:01:00,2026-02-02 07:49:00,@all-combined-targetscreatives,@all-combined-targetscreatives
897368-142,2026-02-02 08:48:00,2026-02-02 16:55:00,@all-combined-targetscreatives,@google_organic
981948-143,2026-02-02 05:32:00,2026-02-02 05:28:00,@all-combined-targetscreatives,@all-combined-targetscreatives
409906-144,2026-02-02 03:53:00,-,-,-
338735-145,2026-02-02 00:41:00,2026-02-03 01:02:00,@yt_10_2_2025,@yt_10_2_2025
570848-146,2026-02-01 23:47:00,2026-02-01 23:42:00,@all-combined-targetscreatives,@all-combined-targetscreatives
950474-147,2026-02-01 21:50:00,2026-02-01 21:50:00,@all-combined-targetscreatives,@all-combined-targetscreatives
866700-148,2026-02-01 21:34:00,2026-02-09 20:54:00,@all-combined-targetscreatives,@all-combined-targetscreatives
230920-149,2026-02-01 21:32:00,-,-,-
920887-150,2026-02-01 21:03:00,-,-,-
226015-151,2026-02-01 17:10:00,2026-02-01 16:46:00,@yt_10_2_2025,@yt_10_2_2025
155089-152,2026-02-01 17:06:00,-,-,-
127759-153,2026-02-01 17:01:00,2026-02-04 22:44:00,@yt_12_12_2025,@google_organic
559268-154,2026-02-01 17:01:00,2026-02-01 15:59:00,@all-combined-targetscreatives,@all-combined-targetscreatives
698503-155,2026-02-01 15:49:00,2026-02-01 15:44:00,@all-combined-targetscreatives,@all-combined-targetscreatives
585834-156,2026-02-01 14:28:00,2026-02-01 14:24:00,@all-combined-targetscreatives,@all-combined-targetscreatives
362938-157,2026-02-01 14:22:00,2026-02-01 13:52:00,@yt_6_30_2025,@yt_6_30_2025
811384-158,2026-02-01 10:57:00,2026-02-01 10:57:00,@linkedinbio,@linkedin_organic
154611-159,2026-02-01 10:57:00,-,-,-
739216-160,2026-02-01 10:55:00,2026-02-01 10:47:00,@yt_10_2_2025,@yt_10_2_2025
477956-161,2026-02-01 10:50:00,2026-02-01 10:20:00,@yt_10_2_2025,@yt_10_2_2025
565202-162,2026-02-01 10:29:00,2026-02-01 10:16:00,@all-combined-targetscreatives,@all-combined-targetscreatives
628033-163,2026-02-01 10:04:00,2026-02-01 10:14:00,@yt_1_12_2026,@yt_1_12_2026
424592-164,2026-02-01 09:44:00,-,-,-
706588-165,2026-02-01 07:15:00,2026-02-01 07:29:00,@all-combined-targetscreatives,@all-combined-targetscreatives
145217-166,2026-02-01 07:11:00,2026-02-01 07:03:00,@all-combined-targetscreatives,@all-combined-targetscreatives
168435-167,2026-02-01 03:46:00,2026-02-01 03:41:00,@all-combined-targetscreatives,@all-combined-targetscreatives
745915-168,2026-01-31 22:43:00,2026-01-31 09:03:00,@all-combined-targetscreatives,@all-combined-targetscreatives
139964-169,2026-01-31 21:43:00,2026-01-29 16:20:00,@all-combined-targetscreatives,@all-combined-targetscreatives
743818-170,2026-01-31 19:45:00,-,-,-
565120-171,2026-01-31 14:54:00,2026-01-31 14:49:00,@all-combined-targetscreatives,@all-combined-targetscreatives
826818-172,2026-01-31 14:23:00,-,-,-
978138-173,2026-01-31 13:09:00,-,-,-
718346-174,2026-01-31 12:58:00,-,-,-
378337-175,2026-01-31 12:50:00,2026-02-01 23:57:00,@all-combined-targetscreatives,@yt_1_26_2026
790459-176,2026-01-31 12:16:00,2026-01-31 12:17:00,@all-combined-targetscreatives,@all-combined-targetscreatives
831813-177,2026-01-31 11:22:00,2026-01-31 11:28:00,@all-combined-targetscreatives,@all-combined-targetscreatives
892166-178,2026-01-31 11:21:00,-,-,-
330748-179,2026-01-31 11:20:00,-,-,-
516524-180,2026-01-31 10:55:00,2026-01-31 10:46:00,@yt_6_30_2025,@yt_6_30_2025
584280-181,2026-01-31 10:33:00,-,-,-
929467-182,2026-01-31 10:09:00,2026-01-31 10:05:00,@all-combined-targetscreatives,@all-combined-targetscreatives
420617-183,2026-01-31 07:54:00,-,-,-
844745-184,2026-01-31 06:49:00,-,-,-
485528-185,2026-01-31 05:08:00,2026-01-31 04:58:00,@yt_10_2_2025,@yt_10_2_2025
298552-186,2026-01-31 04:59:00,2026-01-31 01:34:00,@yt_12_12_2025,@yt_12_12_2025
193372-187,2026-01-30 22:46:00,2026-01-30 22:47:00,@all-combined-targetscreatives,@all-combined-targetscreatives
722068-188,2026-01-30 19:39:00,2026-01-30 19:23:00,@all-combined-targetscreatives,@all-combined-targetscreatives
393765-189,2026-01-30 18:56:00,2026-01-30 18:46:00,@yt_10_2_2025,@yt_10_2_2025
287406-190,2026-01-30 18:55:00,2026-01-30 12:47:00,@linkedinbio,@linkedinbio
250326-191,2026-01-30 17:40:00,2026-02-03 12:10:00,@all-combined-targetscreatives,@linkedinbio
794737-192,2026-01-30 16:40:00,2026-02-03 09:50:00,@yt_1_26_2026,@brave_organic
958350-193,2026-01-30 15:34:00,-,-,-
877114-194,2026-01-30 15:34:00,-,-,-
990859-195,2026-01-30 15:22:00,2026-01-30 15:10:00,@all-combined-targetscreatives,@all-combined-targetscreatives
899864-196,2026-01-30 14:17:00,-,-,-
648958-197,2026-01-30 13:14:00,2026-01-29 10:51:00,@linkedinbio,@linkedinbio
282780-198,2026-01-30 11:31:00,2026-01-30 11:27:00,@kedeisha-test-ads,@kedeisha-test-ads
406012-199,2026-01-30 10:09:00,2026-01-24 12:18:00,@all-combined-targetscreatives,@all-combined-targetscreatives
703811-200,2026-01-30 09:04:00,-,-,-
660303-201,2026-01-30 03:22:00,2026-01-30 11:02:00,@yt_10_2_2025,@yt_10_2_2025
867987-202,2026-01-30 02:03:00,2026-01-30 02:00:00,@all-combined-targetscreatives,@all-combined-targetscreatives
627598-203,2026-01-30 01:28:00,2026-01-30 01:19:00,@all-combined-targetscreatives,@all-combined-targetscreatives
633819-204,2026-01-30 00:04:00,2026-01-30 00:00:00,@all-combined-targetscreatives,@all-combined-targetscreatives
440819-205,2026-01-29 23:12:00,2026-01-29 22:56:00,@all-combined-targetscreatives,@all-combined-targetscreatives
896862-206,2026-01-29 21:35:00,2026-01-30 18:16:00,@all-combined-targetscreatives,@all-combined-targetscreatives
321265-207,2026-01-29 20:18:00,2026-02-02 11:45:00,@linkedinbio,@yt_2_2_2026
352345-208,2026-01-29 19:27:00,2026-01-23 19:34:00,@all-combined-targetscreatives,@all-combined-targetscreatives
921084-209,2026-01-29 18:17:00,-,-,-
785251-210,2026-01-29 17:17:00,2026-01-29 17:18:00,@yt_12_12_2025,@linkedin_organic
130511-211,2026-01-29 17:09:00,-,-,-
836946-212,2026-01-29 16:08:00,-,-,-
721394-213,2026-01-29 14:42:00,2026-01-29 14:42:00,@all-combined-targetscreatives,@all-combined-targetscreatives
119882-214,2026-01-29 14:19:00,-,-,-
681410-215,2026-01-29 12:12:00,2026-01-29 12:02:00,@yt_12_12_2025,@yt_12_12_2025
503701-216,2026-01-29 11:06:00,2026-01-29 11:01:00,@yt_10_23_2025,@yt_10_23_2025
338117-217,2026-01-29 10:41:00,-,-,-
524991-218,2026-01-29 10:39:00,2026-02-05 06:57:00,@yt_1_2_2026,@yt_1_2_2026
847950-219,2026-01-29 10:00:00,2026-01-29 09:57:00,@all-combined-targetscreatives,@all-combined-targetscreatives
748094-220,2026-01-28 21:54:00,2026-01-28 21:40:00,@yt_10_2_2025,@yt_10_2_2025
966277-221,2026-01-28 20:43:00,2026-01-28 20:11:00,@yt_1_26_2026,@yt_1_26_2026
981170-222,2026-01-28 20:27:00,2026-01-29 22:37:00,@yt_bio,@yt_6_6_2025
182398-223,2026-01-28 19:44:00,2026-01-29 18:54:00,@yt_1_2_2026,@yt_1_2_2026
943697-224,2026-01-28 19:03:00,2026-01-28 18:59:00,@all-combined-targetscreatives,@all-combined-targetscreatives
254027-225,2026-01-28 19:03:00,-,-,-
613219-226,2026-01-28 19:02:00,2026-01-28 18:57:00,@all-combined-targetscreatives,@all-combined-targetscreatives
571027-227,2026-01-28 17:00:00,-,-,-
435206-228,2026-01-28 16:57:00,2026-01-28 16:52:00,@all-combined-targetscreatives,@all-combined-targetscreatives
822640-229,2026-01-28 16:20:00,2026-01-28 16:04:00,@yt_10_2_2025,@yt_1_2_2026
413798-230,2026-01-28 16:14:00,2026-01-28 16:10:00,@all-combined-targetscreatives,@all-combined-targetscreatives
638463-231,2026-01-28 16:01:00,2026-01-28 16:08:00,@yt_12_12_2025,@google_organic
563883-232,2026-01-28 16:00:00,2026-01-28 15:55:00,@all-combined-targetscreatives,@all-combined-targetscreatives
390368-233,2026-01-28 09:55:00,-,-,-
350192-234,2026-01-28 09:41:00,-,-,-
160075-235,2026-01-28 09:35:00,2026-01-28 09:31:00,@linkedinbio,@linkedinbio
369931-236,2026-01-28 08:59:00,-,-,-
396126-237,2026-01-28 07:32:00,2026-01-21 09:18:00,@all-combined-targetscreatives,@all-combined-targetscreatives
362723-238,2026-01-28 06:56:00,2026-01-28 06:47:00,@all-combined-targetscreatives,@all-combined-targetscreatives
757961-239,2026-01-28 06:30:00,2026-01-24 09:46:00,@all-combined-targetscreatives,@all-combined-targetscreatives
324383-240,2026-01-27 22:02:00,2026-01-28 19:28:00,@yt_10_2_2025,@yt_10_2_2025
644957-241,2026-01-27 21:57:00,2026-01-27 21:51:00,@all-combined-targetscreatives,@all-combined-targetscreatives
489538-242,2026-01-27 21:42:00,2026-01-27 21:35:00,@all-combined-targetscreatives,@all-combined-targetscreatives
368972-243,2026-01-27 21:34:00,2026-01-27 21:26:00,@all-combined-targetscreatives,@all-combined-targetscreatives
773631-244,2026-01-27 17:30:00,2026-01-27 17:16:00,@all-combined-targetscreatives,@all-combined-targetscreatives
478899-245,2026-01-27 14:59:00,2026-01-27 14:50:00,@yt_1_2_2026,@yt_1_2_2026
218501-246,2026-01-27 14:27:00,2026-01-27 14:20:00,@yt_9_6_2025,@yt_9_6_2025
958464-247,2026-01-27 14:13:00,-,-,-
463980-248,2026-01-27 13:42:00,-,-,-
721492-249,2026-01-27 13:01:00,2026-02-01 16:57:00,@yt_10_2_2025,@yt_10_2_2025
857433-250,2026-01-27 12:41:00,2026-01-29 13:08:00,@linkedinbio,@linkedinbio
942292-251,2026-01-27 12:09:00,2026-01-30 13:35:00,@yt_10_2_2025,@welcome_sequence
183072-252,2026-01-27 11:06:00,2026-01-27 11:12:00,@all-combined-targetscreatives,@all-combined-targetscreatives
563010-253,2026-01-27 10:23:00,2026-01-27 12:05:00,@all-combined-targetscreatives,@all-combined-targetscreatives
128820-254,2026-01-27 09:07:00,2026-01-27 08:59:00,@kedeisha-test-ads,@kedeisha-test-ads
273927-255,2026-01-27 08:33:00,2026-01-28 07:52:00,@yt_10_2_2025,@yt_10_2_2025
481169-256,2026-01-27 07:56:00,2026-01-27 08:20:00,@all-combined-targetscreatives,@all-combined-targetscreatives
795291-257,2026-01-27 07:15:00,2026-01-27 06:58:00,@all-combined-targetscreatives,@all-combined-targetscreatives
506329-258,2026-01-27 05:29:00,2026-01-27 05:31:00,@yt_9_22_2025,@yt_10_20_2025
117388-259,2026-01-26 22:37:00,2026-01-25 00:11:00,@yt_bio,@yt_bio
933904-260,2026-01-26 22:31:00,2026-01-26 22:24:00,@all-combined-targetscreatives,@all-combined-targetscreatives
280726-261,2026-01-26 20:08:00,2026-01-26 19:59:00,@all-combined-targetscreatives,@all-combined-targetscreatives
832406-262,2026-01-26 20:06:00,2026-01-26 20:03:00,@all-combined-targetscreatives,@all-combined-targetscreatives
469976-263,2026-01-26 18:52:00,2026-01-26 18:50:00,@all-combined-targetscreatives,@all-combined-targetscreatives
438699-264,2026-01-26 16:55:00,2026-01-26 16:52:00,@yt_6_30_2025,@yt_6_30_2025
347355-265,2026-01-26 12:56:00,-,-,-
798743-266,2026-01-26 11:01:00,2026-01-26 10:51:00,@yt_1_26_2026,@yt_bio
908934-267,2026-01-26 10:49:00,2026-01-25 22:10:00,@all-combined-targetscreatives,@all-combined-targetscreatives
101187-268,2026-01-26 09:54:00,-,-,-
956766-269,2026-01-26 01:41:00,-,-,-
456480-270,2026-01-26 01:20:00,2026-01-27 05:51:00,@yt_12_12_2025,@yt_12_12_2025
831737-271,2026-01-25 11:20:00,2026-01-25 11:18:00,@all-combined-targetscreatives,@all-combined-targetscreatives
122724-272,2026-01-25 07:37:00,2026-01-25 07:31:00,@all-combined-targetscreatives,@all-combined-targetscreatives
317897-273,2026-01-25 07:09:00,2026-01-25 07:06:00,@all-combined-targetscreatives,@all-combined-targetscreatives
340979-274,2026-01-25 05:45:00,-,-,-
583277-275,2026-01-24 23:27:00,2026-01-24 23:20:00,@yt_bio,@yt_bio
900965-276,2026-01-24 22:49:00,2026-01-24 22:45:00,@all-combined-targetscreatives,@all-combined-targetscreatives
994140-277,2026-01-24 21:33:00,2026-01-24 21:33:00,@linkedin_organic,@linkedin_organic
622482-278,2026-01-24 19:44:00,2026-01-28 09:38:00,@all-combined-targetscreatives,@all-combined-targetscreatives
952519-279,2026-01-24 17:52:00,2026-01-24 17:48:00,@all-combined-targetscreatives,@all-combined-targetscreatives
327303-280,2026-01-24 17:35:00,2026-01-24 17:32:00,@yt_10_23_2025,@yt_10_23_2025
844172-281,2026-01-24 12:17:00,2026-01-25 08:27:00,@yt_12_12_2025,@yt_12_12_2025
968139-282,2026-01-24 11:48:00,-,-,-
481519-283,2026-01-24 10:34:00,-,-,-
436831-284,2026-01-24 10:32:00,2026-01-24 10:26:00,@all-combined-targetscreatives,@all-combined-targetscreatives
569684-285,2026-01-24 09:57:00,2026-01-24 09:53:00,@all-combined-targetscreatives,@all-combined-targetscreatives
537159-286,2026-01-24 09:48:00,2026-01-24 08:44:00,@yt_10_2_2025,@yt_10_2_2025
598884-287,2026-01-24 08:15:00,-,-,-
613444-288,2026-01-23 23:57:00,2026-01-29 10:16:00,@linkedinbio,@linkedinbio
708938-289,2026-01-23 23:47:00,-,-,-
245701-290,2026-01-23 23:32:00,2026-01-23 23:24:00,@all-combined-targetscreatives,@all-combined-targetscreatives
104557-291,2026-01-23 18:59:00,2026-01-23 18:54:00,@linkedin_organic,@linkedin_organic
252279-292,2026-01-23 18:03:00,2026-01-23 18:01:00,@all-combined-targetscreatives,@all-combined-targetscreatives
245953-293,2026-01-23 17:35:00,2026-01-23 17:31:00,@all-combined-targetscreatives,@all-combined-targetscreatives
546435-294,2026-01-23 17:31:00,-,-,-
403083-295,2026-01-23 16:24:00,2026-01-23 16:17:00,@all-combined-targetscreatives,@all-combined-targetscreatives
754613-296,2026-01-23 16:08:00,2026-01-21 17:15:00,@all-combined-targetscreatives,@all-combined-targetscreatives
485983-297,2026-01-23 13:47:00,-,-,-
560142-298,2026-01-23 12:55:00,2026-01-23 13:11:00,@yt_5_15_2025,@bing_organic
290254-299,2026-01-23 12:54:00,2026-01-23 12:51:00,@all-combined-targetscreatives,@all-combined-targetscreatives
472565-300,2026-01-23 12:42:00,2026-01-23 13:47:00,@yt_10_2_2025,@yt_10_2_2025
752163-301,2026-01-23 11:55:00,2026-01-23 11:53:00,@yt_bio,@yt_1_19_2026
346568-302,2026-01-23 11:35:00,2026-01-23 11:32:00,@all-combined-targetscreatives,@all-combined-targetscreatives
790115-303,2026-01-23 09:47:00,2026-01-23 09:34:00,@all-combined-targetscreatives,@all-combined-targetscreatives
495190-304,2026-01-23 09:11:00,-,-,-
391064-305,2026-01-23 08:03:00,2026-01-23 08:04:00,@linkedinbio,@linkedin_organic
374948-306,2026-01-23 07:57:00,2026-01-23 07:55:00,@all-combined-targetscreatives,@all-combined-targetscreatives
265478-307,2026-01-23 06:38:00,-,-,-
892684-308,2026-01-22 23:00:00,2026-01-22 22:05:00,@all-combined-targetscreatives,@all-combined-targetscreatives
178355-309,2026-01-22 22:59:00,2026-02-04 09:40:00,@kedeisha-test-ads,@kedeisha-test-ads
707023-310,2026-01-22 22:54:00,2026-01-22 23:01:00,@yt_1_2_2026,@google_organic
848793-311,2026-01-22 21:07:00,2026-01-22 20:57:00,@yt_bio,@yt_bio
174180-312,2026-01-22 19:06:00,2026-01-22 18:55:00,@all-combined-targetscreatives,@all-combined-targetscreatives
968215-313,2026-01-22 17:10:00,2026-01-22 17:04:00,@yt_bio,@yt_bio
674947-314,2026-01-22 16:35:00,2026-01-26 15:51:00,@kedeisha-test-google-cert,@google_organic
270745-315,2026-01-22 16:34:00,-,-,-
731871-316,2026-01-22 16:21:00,2026-01-22 16:13:00,@all-combined-targetscreatives,@all-combined-targetscreatives
225344-317,2026-01-22 15:41:00,2026-01-21 10:42:00,@all-combined-targetscreatives,@all-combined-targetscreatives
197535-318,2026-01-22 14:42:00,2026-01-22 14:35:00,@all-combined-targetscreatives,@all-combined-targetscreatives
540075-319,2026-01-22 14:37:00,2026-01-22 14:35:00,@all-combined-targetscreatives,@all-combined-targetscreatives
778658-320,2026-01-22 14:26:00,-,-,-
542383-321,2026-01-22 14:24:00,-,-,-
718894-322,2026-01-22 07:16:00,-,-,-
285703-323,2026-01-22 07:05:00,-,-,-
613723-324,2026-01-21 21:18:00,2026-01-21 21:12:00,@yt_10_2_2025,@yt_10_2_2025
198487-325,2026-01-21 21:02:00,-,-,-
178782-326,2026-01-21 19:37:00,-,-,-
886207-327,2026-01-21 19:20:00,2026-01-21 19:16:00,@kedeisha-test-ads,@google_organic
988474-328,2026-01-21 18:40:00,-,-,-
429446-329,2026-01-21 18:25:00,2026-01-21 18:15:00,@all-combined-targetscreatives,@all-combined-targetscreatives
626939-330,2026-01-21 18:16:00,2026-01-21 05:48:00,@all-combined-targetscreatives,@all-combined-targetscreatives
804825-331,2026-01-21 18:13:00,2026-01-21 18:09:00,@all-combined-targetscreatives,@all-combined-targetscreatives
726977-332,2026-01-21 18:07:00,2026-02-05 18:09:00,@yt_bio,@yt_bio
286735-333,2026-01-21 17:55:00,-,-,-
762683-334,2026-01-21 17:39:00,2026-01-21 17:41:00,@yt_10_2_2025,@yt_1_12_2026
324814-335,2026-01-21 17:33:00,-,-,-
290727-336,2026-01-21 17:25:00,2026-01-21 17:20:00,@all-combined-targetscreatives,@all-combined-targetscreatives
920246-337,2026-01-21 16:57:00,2026-01-21 16:54:00,@all-combined-targetscreatives,@all-combined-targetscreatives
637879-338,2026-01-21 16:25:00,2026-01-21 16:22:00,@all-combined-targetscreatives,@all-combined-targetscreatives
981755-339,2026-01-21 15:38:00,-,-,-
368719-340,2026-01-21 15:01:00,-,-,-
567088-341,2026-01-21 14:47:00,-,-,-
604713-342,2026-01-21 14:36:00,-,-,-
483944-343,2026-01-21 13:51:00,2026-01-21 13:51:00,@all-combined-targetscreatives,@all-combined-targetscreatives
479191-344,2026-01-21 13:29:00,-,-,-
819187-345,2026-01-21 13:20:00,2026-01-21 13:17:00,@all-combined-targetscreatives,@all-combined-targetscreatives
189360-346,2026-01-21 12:26:00,2026-01-28 01:12:00,@all-combined-targetscreatives,@all-combined-targetscreatives
821009-347,2026-01-21 11:29:00,2026-01-21 11:25:00,@all-combined-targetscreatives,@all-combined-targetscreatives
661183-348,2026-01-21 10:48:00,-,-,-
509559-349,2026-01-21 10:34:00,2026-01-21 10:29:00,@all-combined-targetscreatives,@all-combined-targetscreatives
861084-350,2026-01-21 10:01:00,2026-01-21 09:58:00,@all-combined-targetscreatives,@all-combined-targetscreatives
197666-351,2026-01-21 09:34:00,2026-01-21 09:51:00,@all-combined-targetscreatives,@all-combined-targetscreatives
661409-352,2026-01-21 09:13:00,-,-,-
481185-353,2026-01-21 08:53:00,2026-01-21 08:47:00,@all-combined-targetscreatives,@all-combined-targetscreatives
929854-354,2026-01-21 08:34:00,2026-01-21 15:42:00,@yt_1_19_2026,@yt_1_19_2026
696657-355,2026-01-21 06:43:00,2026-01-21 02:56:00,@all-combined-targetscreatives,@all-combined-targetscreatives
290979-356,2026-01-21 06:03:00,2026-01-21 05:58:00,@all-combined-targetscreatives,@all-combined-targetscreatives
943634-357,2026-01-20 23:51:00,-,-,-
668752-358,2026-01-20 23:27:00,-,-,-
697576-359,2026-01-20 21:40:00,2026-01-20 21:36:00,@kedeisha-test-google-cert,@kedeisha-test-google-cert
685908-360,2026-01-20 20:02:00,2026-01-20 19:53:00,@yt_1_12_2026,@yt_1_12_2026
976123-361,2026-01-20 18:54:00,2026-01-20 18:52:00,@crtx-pm-us-audience-01072026,@crtx-pm-us-audience-01072026
579955-362,2026-01-20 17:12:00,2026-01-20 17:07:00,@yt_1_2_2026,@yt_1_2_2026
865384-363,2026-01-20 15:12:00,2026-01-20 15:32:00,@yt_10_2_2025,@yt_10_2_2025
931261-364,2026-01-20 14:30:00,2026-01-20 20:30:00,@yt_12_12_2025,@yt_12_12_2025
795395-365,2026-01-20 14:13:00,2026-01-22 16:44:00,@crtx-pm-us-audience-01072026,@crtx-pm-us-audience-01072026
683098-366,2026-01-20 12:04:00,-,-,-
265826-367,2026-01-20 12:00:00,2026-01-20 11:44:00,@kedeisha-test-google-cert,@kedeisha-test-google-cert
430035-368,2026-01-20 11:07:00,2026-01-20 11:01:00,@kedeisha-test-google-cert,@kedeisha-test-google-cert
491776-369,2026-01-20 10:44:00,-,-,-
126912-370,2026-01-20 09:57:00,2026-01-20 09:25:00,@yt_5_15_2025,@yt_5_15_2025
323106-371,2026-01-20 08:20:00,2026-01-20 11:35:00,@kedeisha-test-google-cert,@kedeisha-test-google-cert
828595-372,2026-01-20 08:07:00,2026-01-20 08:03:00,@yt_1_19_2026,@yt_1_19_2026
136847-373,2026-01-20 07:20:00,-,-,-
244177-374,2026-01-20 06:55:00,-,-,-
253417-375,2026-01-20 06:35:00,2026-01-20 06:36:00,@yt_1_19_2026,@yt_1_19_2026
202803-376,2026-01-20 01:19:00,-,-,-
612962-377,2026-01-19 23:33:00,2026-01-19 23:27:00,@lead-list,@lead-list
993359-378,2026-01-19 20:51:00,2026-01-19 20:45:00,@yt_1_19_2026,@yt_1_19_2026
989078-379,2026-01-19 18:53:00,-,-,-
332113-380,2026-01-19 17:41:00,-,-,-
509673-381,2026-01-19 17:12:00,2026-01-19 16:33:00,@yt_12_12_2025,@yt_6_30_2025
992594-382,2026-01-19 17:07:00,2026-01-19 17:22:00,@crtx-pm-us-audience-01072026,@crtx-pm-us-audience-01072026
651220-383,2026-01-19 16:17:00,-,-,-
752824-384,2026-01-19 15:38:00,-,-,-
305504-385,2026-01-19 13:05:00,2026-01-14 16:39:00,@yt_6_30_2025,@yt_6_30_2025
280152-386,2026-01-19 12:39:00,-,-,-
777735-387,2026-01-19 11:53:00,2026-01-19 11:48:00,@kedeisha-test-google-cert,@kedeisha-test-google-cert
398744-388,2026-01-19 11:50:00,-,-,-
191955-389,2026-01-19 09:55:00,2026-01-18 15:43:00,@yt_10_23_2025,@yt_10_2_2025
740731-390,2026-01-19 09:54:00,2026-01-19 09:50:00,@kedeisha-test-google-cert,@kedeisha-test-google-cert
406778-391,2026-01-19 08:54:00,2026-01-19 08:49:00,@yt_bio,@yt_bio
840770-392,2026-01-19 08:28:00,2026-01-19 07:59:00,@yt_12_17_2025,@yt_12_17_2025
143205-393,2026-01-19 01:48:00,2026-01-19 01:49:00,@kedeisha-test-google-cert,@kedeisha-test-google-cert
397368-394,2026-01-19 00:17:00,2026-01-19 00:09:00,@yt_10_2_2025,@yt_10_2_2025
597023-395,2026-01-18 23:39:00,2026-01-18 23:34:00,@linkedin_organic,@linkedin_organic
135946-396,2026-01-18 23:34:00,2026-01-18 23:31:00,@kedeisha-test-google-cert,@kedeisha-test-google-cert
855122-397,2026-01-18 21:32:00,2026-01-18 21:23:00,@kedeisha-test-google-cert,@kedeisha-test-google-cert
726293-398,2026-01-18 16:49:00,2026-01-18 16:57:00,@yt_12_12_2025,@yt_12_12_2025
695205-399,2026-01-18 01:19:00,2026-01-18 21:32:00,@yt_10_2_2025,@yt_10_2_2025
215478-400,2026-01-17 18:59:00,2026-01-17 18:33:00,@yt_12_12_2025,@yt_12_12_2025
186371-401,2026-01-17 16:36:00,-,-,-
802568-402,2026-01-17 15:55:00,-,-,-
392421-403,2026-01-17 15:31:00,2026-01-19 15:54:00,@yt_10_2_2025,@google_organic
539194-404,2026-01-17 15:11:00,-,-,-
435654-405,2026-01-17 07:45:00,2026-01-17 07:39:00,@yt_12_12_2025,@yt_12_12_2025
751227-406,2026-01-17 07:13:00,2026-01-17 07:20:00,@yt_10_2_2025,@yt_10_2_2025
389820-407,2026-01-17 04:43:00,2026-01-30 10:39:00,@yt_12_12_2025,@google_organic
281621-408,2026-01-16 20:05:00,2026-01-16 20:06:00,@yt_9_22_2025,@yt_9_22_2025
939058-409,2026-01-16 18:36:00,-,-,-
246846-410,2026-01-16 14:58:00,-,-,-
479645-411,2026-01-16 13:22:00,-,-,-
414736-412,2026-01-16 13:08:00,-,-,-
160862-413,2026-01-16 11:49:00,-,-,-
508547-414,2026-01-16 07:42:00,2026-01-14 18:01:00,@google_organic,@google_organic
578430-415,2026-01-16 06:27:00,2026-01-20 06:53:00,@google_organic,@google_organic
967402-416,2026-01-16 06:11:00,2026-01-16 05:51:00,@yt_10_2_2025,@yt_10_2_2025
562353-417,2026-01-16 02:13:00,2026-01-27 14:54:00,@yt_12_12_2025,@welcome_sequence
844598-418,2026-01-15 20:44:00,-,-,-
698824-419,2026-01-15 19:55:00,2026-01-23 11:05:00,@yt_bio,@welcome_sequence
266552-420,2026-01-15 18:03:00,2026-01-15 17:51:00,@yt_10_20_2025,@yt_10_20_2025
215072-421,2026-01-15 16:21:00,2026-01-15 16:14:00,@yt_bio,@yt_bio
671457-422,2026-01-15 14:20:00,2026-01-27 13:47:00,@linkedinbio,@linkedinbio
351500-423,2026-01-15 13:10:00,2026-01-15 13:06:00,@yt_12_12_2025,@yt_10_20_2025
620390-424,2026-01-15 10:46:00,-,-,-
293838-425,2026-01-15 10:30:00,-,-,-
672736-426,2026-01-15 10:29:00,2026-01-15 10:23:00,@yt_12_12_2025,@yt_12_12_2025
449313-427,2026-01-15 10:00:00,2026-01-19 17:40:00,@google_organic,@google_organic
792847-428,2026-01-15 09:50:00,-,-,-
987818-429,2026-01-15 08:09:00,2026-01-15 08:00:00,@yt_10_20_2025,@yt_10_20_2025
108313-430,2026-01-15 00:37:00,-,-,-
702498-431,2026-01-14 21:53:00,2026-01-14 21:56:00,@yt_bio,@yt_bio
629435-432,2026-01-14 21:50:00,2026-01-14 21:45:00,@crtx-pm-us-audience-01072026,@crtx-pm-us-audience-01072026
842453-433,2026-01-14 19:22:00,2026-01-15 12:59:00,@yt_1_12_2026,@google_organic
568251-434,2026-01-14 17:10:00,2026-01-15 12:43:00,@yt_10_2_2025,@yt_10_2_2025
929889-435,2026-01-14 15:09:00,2026-01-14 15:12:00,@yt_1_12_2026,@yt_1_12_2026
947435-436,2026-01-14 14:44:00,2026-01-14 14:43:00,@crtx-pm-us-audience-01072026,@crtx-pm-us-audience-01072026
363711-437,2026-01-14 14:13:00,2026-01-14 13:50:00,@yt_1_2_2026,@yt_1_2_2026
924038-438,2026-01-14 14:02:00,-,-,-
901261-439,2026-01-14 13:19:00,-,-,-
372387-440,2026-01-14 08:32:00,2026-01-14 08:57:00,@yt_12_12_2025,@yt_12_12_2025
465353-441,2026-01-14 03:03:00,2026-01-12 14:53:00,@yt_10_2_2025,@yt_10_2_2025
398495-442,2026-01-14 02:54:00,2026-01-21 01:52:00,@yt_10_20_2025,@kedeisha-test-ads
386191-443,2026-01-14 02:49:00,2026-01-14 02:38:00,@yt_1_12_2026,@yt_1_12_2026
249392-444,2026-01-13 18:08:00,-,-,-
877299-445,2026-01-13 16:09:00,2026-01-13 15:52:00,@yt_10_20_2025,@yt_10_20_2025
476115-446,2026-01-13 14:37:00,-,-,-
288435-447,2026-01-13 11:19:00,-,-,-
311665-448,2026-01-13 07:36:00,2026-01-13 07:21:00,@crtx-pm-us-audience-01072026,@crtx-pm-us-audience-01072026
179832-449,2026-01-13 07:15:00,2026-01-13 07:16:00,@yt_6_30_2025,@yt_6_30_2025
255171-450,2026-01-13 00:34:00,2026-01-12 18:20:00,@yt_1_12_2026,@yt_1_12_2026
335822-451,2026-01-12 22:45:00,2026-01-12 21:48:00,@yt_12_3_2025,@yt_11_24_2025
963456-452,2026-01-12 19:49:00,-,-,-
341526-453,2026-01-12 16:15:00,-,-,-
208485-454,2026-01-12 15:39:00,-,-,-
504043-455,2026-01-12 15:21:00,-,-,-
689742-456,2026-01-12 14:37:00,-,-,-
118915-457,2026-01-12 14:03:00,2026-01-12 13:53:00,@yt_bio,@yt_bio
969245-458,2026-01-12 11:20:00,2026-01-15 15:32:00,@yt_bio,@google_organic
802188-459,2026-01-12 10:20:00,2026-01-09 15:41:00,@yt_10_2_2025,@yt_10_2_2025
455095-460,2026-01-12 10:14:00,-,-,-
555439-461,2026-01-12 10:02:00,-,-,-
785976-462,2026-01-12 06:14:00,2026-01-13 11:54:00,@yt_6_30_2025,@yt_6_30_2025
307036-463,2026-01-12 03:13:00,2026-01-12 03:00:00,@yt_12_12_2025,@yt_12_12_2025
282684-464,2026-01-12 00:45:00,-,-,-
492499-465,2026-01-12 00:40:00,2026-01-13 11:08:00,@yt_6_30_2025,@yt_1_2_2026
750736-466,2026-01-12 00:17:00,2026-01-12 00:10:00,@yt_12_12_2025,@yt_12_12_2025
808949-467,2026-01-11 23:33:00,2026-01-14 06:39:00,@yt_10_2_2025,@yt_10_2_2025
686396-468,2026-01-11 23:28:00,2026-01-10 10:05:00,@yt_12_12_2025,@yt_12_12_2025
942082-469,2026-01-11 12:59:00,-,-,-
205934-470,2026-01-11 06:24:00,2026-01-11 06:11:00,@yt_10_2_2025,@yt_10_2_2025
700690-471,2026-01-10 17:34:00,2026-01-10 17:29:00,@yt_10_2_2025,@yt_1_2_2026
196331-472,2026-01-10 12:30:00,-,-,-
824460-473,2026-01-10 12:07:00,2026-01-14 20:35:00,@google_organic,@google_organic
732132-474,2026-01-10 09:33:00,2026-01-10 09:25:00,@yt_10_20_2025,@yt_10_20_2025
782476-475,2026-01-09 21:21:00,2026-01-05 17:36:00,@yt_bio,@yt_bio
926162-476,2026-01-09 21:21:00,-,-,-
841719-477,2026-01-09 20:31:00,2026-01-09 20:12:00,@yt_10_2_2025,@yt_10_2_2025
205889-478,2026-01-09 20:14:00,2026-01-11 16:14:00,@yt_10_2_2025,@google_organic
954424-479,2026-01-09 17:24:00,-,-,-
581258-480,2026-01-09 11:39:00,-,-,-
977199-481,2026-01-09 09:15:00,-,-,-
885709-482,2026-01-09 09:04:00,-,-,-
562228-483,2026-01-09 07:52:00,2026-01-09 07:43:00,@yt_10_23_2025,@yt_10_23_2025
399403-484,2026-01-09 00:54:00,2026-01-09 09:11:00,@kedeisha-test-google-cert,@kedeisha-test-google-cert
453374-485,2026-01-08 22:09:00,2026-01-08 21:52:00,@yt_10_2_2025,@yt_10_2_2025
253305-486,2026-01-08 20:02:00,-,-,-
398070-487,2026-01-08 19:14:00,-,-,-
782336-488,2026-01-08 18:08:00,-,-,-
787479-489,2026-01-08 15:48:00,2026-01-08 15:39:00,@yt_10_2_2025,@yt_10_2_2025
571648-490,2026-01-08 14:53:00,-,-,-
586283-491,2026-01-08 14:42:00,2026-01-08 12:53:00,@kedeisha-test-google-cert,@kedeisha-test-google-cert
217970-492,2026-01-08 14:18:00,2026-01-08 14:15:00,@yt_1_2_2026,@yt_1_2_2026
839331-493,2026-01-08 13:05:00,-,-,-
968599-494,2026-01-08 12:58:00,-,-,-
223537-495,2026-01-08 10:39:00,-,-,-
247482-496,2026-01-08 07:39:00,-,-,-
699664-497,2026-01-08 06:47:00,-,-,-
721519-498,2026-01-08 06:33:00,-,-,-
684726-499,2026-01-07 20:37:00,-,-,-
104555-500,2026-01-07 20:20:00,2026-01-07 20:12:00,@yt_bio,@yt_bio
488639-501,2026-01-07 19:44:00,2026-01-07 19:42:00,@yt_10_23_2025,@yt_10_23_2025
555774-502,2026-01-07 19:35:00,2026-01-07 19:30:00,@yt_9_30_2025,@yt_9_30_2025
804603-503,2026-01-07 19:18:00,2026-01-07 19:27:00,@yt_10_2_2025,@google_organic
652902-504,2026-01-07 16:56:00,-,-,-
172829-505,2026-01-07 16:03:00,2026-01-07 15:26:00,@kedeisha-test-google-cert,@kedeisha-test-google-cert
538686-506,2026-01-07 15:23:00,2026-01-07 15:14:00,@yt_10_2_2025,@yt_10_2_2025
408098-507,2026-01-07 15:13:00,2026-01-07 15:00:00,@yt_10_23_2025,@yt_10_23_2025
159137-508,2026-01-07 15:11:00,-,-,-
379976-509,2026-01-07 14:47:00,-,-,-
468791-510,2026-01-07 14:13:00,-,-,-
524022-511,2026-01-07 12:11:00,2026-01-24 11:42:00,@yt_bio,@yt_bio
776622-512,2026-01-07 12:07:00,-,-,-
171526-513,2026-01-07 12:07:00,2026-01-11 21:10:00,@linkedin_organic,@linkedin_organic
303100-514,2026-01-07 11:57:00,2026-01-07 11:57:00,@yt_10_30_2025,@yt_10_30_2025
656700-515,2026-01-07 11:20:00,2026-01-07 11:38:00,@yt_12_12_2025,@kedeisha-test-google-cert
868167-516,2026-01-07 09:49:00,-,-,-
867298-517,2026-01-07 09:49:00,-,-,-
550957-518,2026-01-07 08:23:00,-,-,-
775350-519,2026-01-07 07:32:00,-,-,-
621433-520,2026-01-07 01:22:00,2026-01-10 09:48:00,@yt_10_2_2025,@google_organic
429807-521,2026-01-07 01:22:00,-,-,-
133284-522,2026-01-06 22:17:00,-,-,-
265351-523,2026-01-06 18:52:00,2026-01-06 18:52:00,@kedeisha-test-google-cert,@kedeisha-test-google-cert
651473-524,2026-01-06 16:56:00,-,-,-
353954-525,2026-01-06 15:46:00,-,-,-
170456-526,2026-01-06 14:52:00,-,-,-
200314-527,2026-01-06 13:53:00,-,-,-
505307-528,2026-01-06 12:51:00,-,-,-
189138-529,2026-01-06 11:52:00,-,-,-
883718-530,2026-01-06 09:48:00,-,-,-
780228-531,2026-01-06 09:19:00,-,-,-
770562-532,2026-01-06 08:11:00,-,-,-
317503-533,2026-01-06 07:38:00,-,-,-
668737-534,2026-01-06 02:37:00,-,-,-
328477-535,2026-01-06 01:15:00,2026-01-06 01:03:00,@yt_12_12_2025,@yt_bio
586649-536,2026-01-05 23:50:00,-,-,-
355299-537,2026-01-05 22:10:00,-,-,-
728826-538,2026-01-05 20:48:00,-,-,-
198715-539,2026-01-05 20:12:00,2026-01-06 12:29:00,@calendly,@calendly
771223-540,2026-01-05 18:41:00,-,-,-
862746-541,2026-01-05 17:43:00,-,-,-
194299-542,2026-01-05 17:34:00,-,-,-
322381-543,2026-01-05 15:18:00,2026-01-05 15:18:00,@yt_10_2_2025,@yt_10_2_2025
418929-544,2026-01-05 14:49:00,2026-01-05 14:46:00,@kedeisha-test-google-cert,@kedeisha-test-google-cert
291062-545,2026-01-05 14:37:00,-,-,-
101236-546,2026-01-05 13:38:00,-,-,-
411188-547,2026-01-05 13:13:00,2026-01-05 13:33:00,@yt_12_12_2025,@linkedin_organic
605731-548,2026-01-05 12:52:00,2026-01-05 12:43:00,@yt_10_23_2025,@yt_10_23_2025
788699-549,2026-01-05 12:26:00,2026-01-05 12:27:00,@kedeisha-test-google-cert,@yahoo_organic
188349-550,2026-01-05 11:53:00,2026-01-05 11:31:00,@yt_12_12_2025,@yt_12_12_2025
400074-551,2026-01-05 10:33:00,2026-01-05 10:30:00,@google_organic,@google_organic
154650-552,2026-01-05 08:39:00,2026-01-05 08:37:00,@kedeisha-test-google-cert,@kedeisha-test-google-cert
731676-553,2026-01-05 08:08:00,-,-,-
534753-554,2026-01-05 08:02:00,-,-,-
616568-555,2026-01-05 06:54:00,-,-,-
743698-556,2026-01-05 06:54:00,-,-,-
931090-557,2026-01-05 06:54:00,2026-01-05 06:49:00,@yt_12_12_2025,@yt_12_12_2025
377683-558,2026-01-05 06:06:00,2026-01-05 13:19:00,@yt_1_2_2026,@google_organic
435992-559,2026-01-05 03:57:00,2026-01-05 03:52:00,@yt_10_2_2025,@yt_10_2_2025
990978-560,2026-01-05 01:18:00,2026-01-04 13:56:00,@yt_10_2_2025,@google_organic
790877-561,2026-01-05 01:00:00,-,-,-
674236-562,2026-01-05 00:59:00,2026-01-05 01:06:00,@yt_10_2_2025,@yt_10_2_2025
600799-563,2026-01-05 00:53:00,2026-01-05 00:54:00,@kedeisha-test-google-cert,@yahoo_organic
479468-564,2026-01-04 23:32:00,2026-01-04 23:32:00,@kedeisha-test-google-cert,@kedeisha-test-google-cert
570235-565,2026-01-04 22:44:00,2026-01-04 22:35:00,@yt_10_2_2025,@yt_10_2_2025
185028-566,2026-01-04 19:05:00,2026-01-04 19:04:00,@kedeisha-test-google-cert,@kedeisha-test-google-cert
448820-567,2026-01-04 18:00:00,2026-01-05 18:03:00,@yt_bio,@google_organic
900780-568,2026-01-04 17:22:00,2026-01-04 17:14:00,@kedeisha-test-google-cert,@google_organic
812429-569,2026-01-04 17:21:00,2026-01-04 17:11:00,@yt_10_2_2025,@yt_10_2_2025
400403-570,2026-01-04 12:45:00,-,-,-
670951-571,2026-01-04 09:46:00,2026-01-04 09:43:00,@kedeisha-test-google-cert,@kedeisha-test-google-cert
868455-572,2026-01-04 07:16:00,2026-01-04 07:14:00,@kedeisha-test-google-cert,@kedeisha-test-google-cert
391426-573,2026-01-03 23:36:00,2026-01-04 02:08:00,@kedeisha-test-google-cert,@yt_bio
527354-574,2026-01-03 16:15:00,2026-01-03 16:12:00,@kedeisha-test-google-cert,@kedeisha-test-google-cert
891289-575,2026-01-03 13:54:00,2026-01-05 22:09:00,@kedeisha-test-google-cert,@google_organic
661853-576,2026-01-03 07:15:00,2026-01-03 07:18:00,@kedeisha-test-google-cert,@yahoo_organic
441597-577,2026-01-03 03:19:00,2026-01-03 03:15:00,@kedeisha-test-google-cert,@kedeisha-test-google-cert
629079-578,2026-01-02 18:45:00,-,-,-
182795-579,2026-01-02 18:45:00,-,-,-
787725-580,2026-01-02 16:03:00,2026-01-02 15:58:00,@yt_1_2_2026,@yt_1_2_2026
745618-581,2026-01-02 15:41:00,2026-01-02 15:43:00,@kedeisha-test-google-cert,@kedeisha-test-google-cert
332471-582,2026-01-02 11:42:00,2026-01-02 11:41:00,@kedeisha-test-google-cert,@kedeisha-test-google-cert
423214-583,2026-01-02 11:13:00,2026-01-02 10:56:00,@yt_12_3_2025,@linkedinbio
159187-584,2026-01-02 08:48:00,2026-01-02 08:33:00,@yt_10_20_2025,@yt_10_20_2025
520014-585,2026-01-02 08:46:00,2026-01-02 08:42:00,@kedeisha-test-google-cert,@kedeisha-test-google-cert
377989-586,2026-01-02 08:36:00,2026-01-02 08:36:00,@kedeisha-test-google-cert,@kedeisha-test-google-cert
757803-587,2026-01-02 08:10:00,2026-01-02 08:07:00,@kedeisha-test-google-cert,@kedeisha-test-google-cert
120809-588,2026-01-02 08:10:00,2026-01-02 08:06:00,@kedeisha-test-google-cert,@kedeisha-test-google-cert
459910-589,2026-01-02 08:03:00,2026-01-02 07:43:00,@yt_12_17_2025,@yt_12_17_2025
710955-590,2026-01-02 03:53:00,-,-,-
818447-591,2026-01-01 21:59:00,2026-01-01 21:55:00,@yt_10_2_2025,@yt_10_2_2025
995875-592,2026-01-01 21:04:00,2026-01-01 20:03:00,@yt_10_20_2025,@yt_10_20_2025
136708-593,2026-01-01 19:48:00,2026-01-08 18:00:00,@yt_10_23_2025,@yt_4_9_2025
317157-594,2026-01-01 17:27:00,-,-,-
704651-595,2026-01-01 17:16:00,-,-,-
356369-596,2026-01-01 16:58:00,-,-,-
220905-597,2026-01-01 16:55:00,2026-01-01 16:58:00,@yt_10_2_2025,@yt_10_2_2025
351563-598,2026-01-01 13:17:00,-,-,-
894387-599,2026-01-01 12:36:00,2026-01-05 13:07:00,@yt_6_30_2025,@linkedin_organic
944214-600,2026-01-01 10:06:00,2026-01-01 09:15:00,@yt_10_2_2025,@yt_10_2_2025
881108-601,2026-01-01 09:18:00,2026-01-02 02:12:00,@kedeisha-test-google-cert,@kedeisha-test-google-cert
245350-602,2026-01-01 04:34:00,2026-01-01 04:37:00,@kedeisha-test-google-cert,@yahoo_organic
684064-603,2026-01-01 03:48:00,2026-01-01 03:46:00,@kedeisha-test-google-cert,@kedeisha-test-google-cert
998106-604,2025-12-31 21:11:00,2025-12-31 21:04:00,@yt_10_2_2025,@yt_10_2_2025
570757-605,2025-12-31 17:03:00,-,-,-
735014-606,2025-12-31 11:40:00,2025-12-31 11:37:00,@kedeisha-test-google-cert,@kedeisha-test-google-cert
758589-607,2025-12-31 09:09:00,2025-12-31 09:10:00,@kedeisha-test-google-cert,@yahoo_organic
981339-608,2025-12-31 08:30:00,2025-12-31 08:32:00,@kedeisha-test-google-cert,@yahoo_organic
683976-609,2025-12-31 07:44:00,-,-,-
316250-610,2025-12-31 05:35:00,-,-,-
737767-611,2025-12-31 00:22:00,-,-,-
734301-612,2025-12-30 23:38:00,2025-12-30 23:34:00,@kedeisha-test-google-cert,@kedeisha-test-google-cert
430018-613,2025-12-30 21:43:00,-,-,-
264762-614,2025-12-30 18:44:00,2025-12-30 18:42:00,@kedeisha-test-google-cert,@kedeisha-test-google-cert
450420-615,2025-12-30 17:43:00,2025-12-31 14:36:00,@yt_10_20_2025,@google_organic
798430-616,2025-12-30 14:46:00,-,-,-
762536-617,2025-12-30 14:07:00,2025-12-30 10:58:00,@yt_4_9_2025,@yt_4_9_2025
329584-618,2025-12-30 12:45:00,2025-12-30 12:37:00,@yt_10_2_2025,@yt_10_2_2025
218808-619,2025-12-30 12:41:00,-,-,-
978918-620,2025-12-30 07:31:00,2025-12-31 09:59:00,@yt_12_3_2025,@google_organic
362688-621,2025-12-30 06:25:00,2025-12-30 06:21:00,@yt_bio,@yt_bio
250141-622,2025-12-30 00:32:00,-,-,-
847996-623,2025-12-29 23:17:00,2026-01-20 21:04:00,@yt_10_23_2025,@google_organic
697592-624,2025-12-29 20:07:00,2025-12-29 20:00:00,@bing_organic,@bing_organic
928417-625,2025-12-29 18:28:00,-,-,-
826535-626,2025-12-29 18:25:00,2025-12-29 18:20:00,@yt_10_23_2025,@yt_12_12_2025
401319-627,2025-12-29 17:50:00,-,-,-
940518-628,2025-12-29 17:13:00,2025-12-26 18:07:00,@yt_12_3_2025,@yt_6_30_2025
875410-629,2025-12-29 15:41:00,2025-12-29 15:36:00,@yt_bio,@yt_bio
809172-630,2025-12-29 14:51:00,-,-,-
197810-631,2025-12-29 14:41:00,2025-12-29 14:36:00,@yt_10_2_2025,@yt_10_2_2025
281042-632,2025-12-29 14:19:00,2025-12-29 14:14:00,@yt_12_12_2025,@yt_12_12_2025
138462-633,2025-12-29 12:36:00,2025-12-29 12:27:00,@yt_10_2_2025,@yt_10_2_2025
273210-634,2025-12-29 11:57:00,-,-,-
343359-635,2025-12-29 10:39:00,2025-12-29 10:33:00,@yt_4_9_2025,@yt_4_9_2025
963237-636,2025-12-29 10:10:00,2026-01-02 20:01:00,@yt_10_20_2025,@google_organic
852545-637,2025-12-29 09:05:00,2025-12-29 08:59:00,@yt_9_10_2025,@yt_9_10_2025
668079-638,2025-12-29 03:56:00,2025-12-29 02:28:00,@yt_bio,@yt_bio
550214-639,2025-12-28 16:47:00,2025-12-26 13:38:00,@yt_6_30_2025,@yt_6_30_2025
788706-640,2025-12-28 15:45:00,-,-,-
526645-641,2025-12-28 15:05:00,2025-12-28 10:31:00,@yt_12_12_2025,@yt_12_12_2025
200804-642,2025-12-28 13:32:00,-,-,-
607621-643,2025-12-28 11:20:00,-,-,-
263616-644,2025-12-27 19:28:00,2025-12-29 18:56:00,@yt_10_2_2025,@google_organic
121121-645,2025-12-27 15:28:00,2025-12-27 15:12:00,@yt_10_20_2025,@yt_10_20_2025
929500-646,2025-12-27 15:07:00,2025-12-27 14:59:00,@yt_5_15_2025,@yt_5_15_2025
625298-647,2025-12-27 05:04:00,-,-,-
845660-648,2025-12-26 15:22:00,2025-12-26 15:03:00,@yt_5_15_2025,@yt_5_15_2025
226651-649,2025-12-26 13:17:00,-,-,-
356455-650,2025-12-26 12:03:00,-,-,-
453426-651,2025-12-26 09:25:00,-,-,-
946139-652,2025-12-26 08:04:00,2025-12-26 07:22:00,@yt_9_25_2025,@yt_9_25_2025
917401-653,2025-12-26 07:44:00,-,-,-
810510-654,2025-12-25 08:15:00,-,-,-
624768-655,2025-12-25 08:00:00,2025-12-25 08:02:00,@yt_10_2_2025,@yt_10_2_2025
680871-656,2025-12-24 16:46:00,2025-12-24 15:13:00,@yt_10_23_2025,@yt_10_23_2025
890201-657,2025-12-24 16:39:00,2025-12-24 15:30:00,@yt_12_12_2025,@yt_12_12_2025
458959-658,2025-12-24 13:36:00,-,-,-
534238-659,2025-12-24 08:15:00,2025-12-24 08:04:00,@google_organic,@google_organic
934341-660,2025-12-24 07:25:00,2025-12-23 17:29:00,@yt_10_23_2025,@yt_10_23_2025
797942-661,2025-12-23 23:45:00,-,-,-
364043-662,2025-12-23 20:41:00,-,-,-
556669-663,2025-12-23 20:22:00,2025-12-23 20:25:00,@yt_10_23_2025,@yt_10_23_2025
895948-664,2025-12-23 15:27:00,2025-12-23 15:12:00,@linkedinbio,@linkedinbio
858938-665,2025-12-23 15:09:00,-,-,-
318217-666,2025-12-23 13:18:00,2025-12-23 16:52:00,@yt_10_2_2025,@yt_4_9_2025
988734-667,2025-12-23 13:03:00,2025-12-23 13:00:00,@linkedinbio,@linkedin_organic
712770-668,2025-12-23 11:38:00,-,-,-
820442-669,2025-12-23 10:31:00,-,-,-
644495-670,2025-12-23 09:56:00,-,-,-
409880-671,2025-12-23 08:11:00,-,-,-
904152-672,2025-12-23 00:40:00,2025-12-23 00:37:00,@google_organic,@yt_9_22_2025
566523-673,2025-12-22 18:31:00,-,-,-
889108-674,2025-12-22 18:17:00,2025-12-22 18:10:00,@linkedinbio,@linkedinbio
170616-675,2025-12-22 17:30:00,2026-01-23 11:36:00,@yt_12_3_2025,@linkedinbio
422623-676,2025-12-22 17:12:00,2025-12-22 17:11:00,@linkedin_organic,@linkedin_organic
905628-677,2025-12-22 16:42:00,-,-,-
336305-678,2025-12-22 14:43:00,2025-12-22 14:35:00,@yt_10_23_2025,@yt_10_23_2025
585257-679,2025-12-22 11:55:00,-,-,-
846044-680,2025-12-21 16:34:00,2025-12-21 16:25:00,@yt_10_2_2025,@yt_10_2_2025
553730-681,2025-12-21 14:35:00,2025-12-21 14:02:00,@linkedin_organic,@linkedin_organic
912107-682,2025-12-21 12:54:00,-,-,-
527535-683,2025-12-21 08:35:00,2025-12-21 08:17:00,@yt_bio,@yt_bio
252540-684,2025-12-20 20:01:00,-,-,-
896464-685,2025-12-20 17:34:00,-,-,-
931245-686,2025-12-20 15:15:00,2025-12-20 15:12:00,@yt_9_30_2025,@yt_9_30_2025
483303-687,2025-12-20 13:23:00,2025-12-23 15:01:00,@yt_bio,@yt_bio
675433-688,2025-12-20 08:07:00,2025-12-20 08:05:00,@yt_10_20_2025,@yt_10_20_2025
454094-689,2025-12-20 05:04:00,2025-12-20 04:57:00,@yt_10_6_2025,@yt_10_6_2025
376407-690,2025-12-19 19:15:00,-,-,-
511567-691,2025-12-19 17:44:00,2025-12-19 17:38:00,@yt_12_3_2025,@yt_12_3_2025
631098-692,2025-12-19 16:03:00,-,-,-
619866-693,2025-12-19 15:22:00,-,-,-
334604-694,2025-12-19 15:21:00,2025-12-19 15:17:00,@yt_bio,@linkedin_organic
795915-695,2025-12-19 14:33:00,-,-,-
360892-696,2025-12-19 13:58:00,-,-,-
986580-697,2025-12-19 13:53:00,2025-12-19 13:52:00,@yt_12_12_2025,@linkedin_organic
561383-698,2025-12-19 11:10:00,2025-12-19 09:15:00,@yt_10_2_2025,@yt_10_2_2025
835416-699,2025-12-19 11:00:00,2025-12-27 08:58:00,@google_organic,@google_organic
109117-700,2025-12-19 09:53:00,-,-,-
511573-701,2025-12-19 08:30:00,2025-12-19 08:16:00,@yt_10_2_2025,@yt_10_2_2025
511694-702,2025-12-19 08:01:00,2025-12-23 08:10:00,@kedeisha-test-google-cert,@kedeisha-test-google-cert
787171-703,2025-12-19 06:14:00,2025-12-19 06:11:00,@kedeisha-test-google-cert,@kedeisha-test-google-cert
362766-704,2025-12-19 04:04:00,-,-,-
434843-705,2025-12-19 04:03:00,2025-12-19 04:08:00,@yt_12_3_2025,@yt_12_3_2025
793410-706,2025-12-19 01:44:00,2025-12-19 01:43:00,@yt_10_2_2025,@linkedinbio
193935-707,2025-12-18 21:38:00,-,-,-
513194-708,2025-12-18 21:02:00,2025-12-18 21:06:00,@kedeisha-test-google-cert,@kedeisha-test-google-cert
184037-709,2025-12-18 18:20:00,2025-12-18 18:02:00,@yt_10_23_2025,@yt_10_23_2025
375223-710,2025-12-18 17:15:00,-,-,-
474491-711,2025-12-18 16:55:00,2025-12-16 20:18:00,@yt_12_12_2025,@yt_12_12_2025
430567-712,2025-12-18 14:16:00,2025-12-18 14:11:00,@yt_10_23_2025,@yt_10_23_2025
972278-713,2025-12-18 13:01:00,2025-12-16 00:50:00,@kedeisha-test-google-cert,@kedeisha-test-google-cert
579077-714,2025-12-18 12:46:00,-,-,-
394541-715,2025-12-18 10:28:00,-,-,-
492621-716,2025-12-17 23:38:00,-,-,-
772684-717,2025-12-17 21:48:00,2025-12-17 21:38:00,@yt_bio,@linkedinbio
583061-718,2025-12-17 15:36:00,-,-,-
114670-719,2025-12-17 14:41:00,2025-12-17 14:36:00,@yt_10_2_2025,@yt_10_2_2025
592924-720,2025-12-17 12:44:00,-,-,-
594304-721,2025-12-17 11:03:00,-,-,-
348989-722,2025-12-17 10:25:00,2025-12-17 10:19:00,@yt_bio,@yt_bio
605018-723,2025-12-17 09:45:00,2025-12-17 09:42:00,@kedeisha-test-google-cert,@kedeisha-test-google-cert
574929-724,2025-12-17 07:42:00,2025-12-17 07:27:00,@yt_12_12_2025,@yt_12_12_2025
748743-725,2025-12-17 07:12:00,2025-12-17 07:06:00,@yt_10_2_2025,@yt_10_2_2025
717935-726,2025-12-17 01:30:00,2025-12-17 01:25:00,@yt_12_15_2025,@yt_12_15_2025
244966-727,2025-12-17 00:25:00,-,-,-
338242-728,2025-12-17 00:25:00,2025-12-17 00:19:00,@yt_12_12_2025,@yt_12_12_2025
696322-729,2025-12-16 23:47:00,-,-,-
848708-730,2025-12-16 23:15:00,-,-,-
525255-731,2025-12-16 22:41:00,-,-,-
930291-732,2025-12-16 22:41:00,2025-12-18 11:50:00,@yt_10_2_2025,@google_organic
249727-733,2025-12-16 20:42:00,2026-01-06 16:55:00,@kedeisha-test-google-cert,@welcome_sequence
355250-734,2025-12-16 20:24:00,-,-,-
461915-735,2025-12-16 16:51:00,2025-12-16 16:47:00,@linkedinbio,@linkedinbio
745012-736,2025-12-16 16:13:00,2025-12-16 16:04:00,@yt_10_23_2025,@yt_10_20_2025
357254-737,2025-12-16 14:56:00,2025-12-16 15:21:00,@linkedin_organic,@linkedinbio
350081-738,2025-12-16 14:39:00,-,-,-
312430-739,2025-12-16 14:13:00,-,-,-
637108-740,2025-12-16 12:40:00,-,-,-
707160-741,2025-12-16 12:36:00,-,-,-
178446-742,2025-12-16 10:47:00,-,-,-
314488-743,2025-12-16 10:12:00,2025-12-16 10:09:00,@kedeisha-test-google-cert,@kedeisha-test-google-cert
167311-744,2025-12-16 09:41:00,2025-12-16 09:12:00,@yt_10_2_2025,@yt_10_2_2025
979793-745,2025-12-16 09:08:00,2025-12-16 07:41:00,@yt_12_12_2025,@yt_12_12_2025
278831-746,2025-12-16 06:26:00,2026-01-06 09:07:00,@kedeisha-test-google-cert,@kedeisha-test-google-cert
766146-747,2025-12-16 06:07:00,-,-,-
808352-748,2025-12-16 05:03:00,2025-12-16 04:53:00,@yt_10_23_2025,@yt_10_23_2025
448081-749,2025-12-16 01:20:00,2025-12-16 01:17:00,@kedeisha-test-google-cert,@kedeisha-test-google-cert
828553-750,2025-12-15 21:13:00,2025-12-15 21:16:00,@kedeisha-test-google-cert,@kedeisha-test-google-cert
693054-751,2025-12-15 21:07:00,2025-12-15 21:03:00,@kedeisha-test-google-cert,@kedeisha-test-google-cert
669730-752,2025-12-15 20:28:00,2025-12-15 20:25:00,@kedeisha-test-google-cert,@kedeisha-test-google-cert
590047-753,2025-12-15 19:23:00,-,-,-
238394-754,2025-12-15 15:54:00,-,-,-
919751-755,2025-12-15 15:42:00,-,-,-
962686-756,2025-12-15 12:39:00,2025-12-15 12:34:00,@yt_12_12_2025,@yt_12_12_2025
756247-757,2025-12-15 12:39:00,2025-12-15 12:36:00,@yt_12_12_2025,@yt_12_12_2025
561847-758,2025-12-15 12:01:00,-,-,-
352814-759,2025-12-15 11:54:00,2025-12-31 15:23:00,@google_organic,@linkedinbio
847699-760,2025-12-15 11:46:00,-,-,-
366356-761,2025-12-15 08:07:00,2025-12-15 07:57:00,@kedeisha-test-google-cert,@kedeisha-test-google-cert
503723-762,2025-12-15 02:00:00,2025-12-15 01:57:00,@kedeisha-test-google-cert,@kedeisha-test-google-cert
460142-763,2025-12-15 00:45:00,2025-12-15 00:46:00,@kedeisha-test-google-cert,@kedeisha-test-google-cert
875040-764,2025-12-14 21:03:00,2025-12-15 14:23:00,@google_organic,@google_organic
275191-765,2025-12-14 20:42:00,2025-12-14 20:37:00,@yt_12_3_2025,@yt_12_3_2025
226310-766,2025-12-14 17:38:00,2025-12-14 17:34:00,@kedeisha-test-google-cert,@kedeisha-test-google-cert
772245-767,2025-12-14 17:30:00,2025-12-14 17:24:00,@us-25-40-schedule-event-google-cert-bootcamp-focus,@us-25-40-schedule-event-google-cert-bootcamp-focus
134858-768,2025-12-14 16:37:00,2025-12-14 16:29:00,@yt_10_2_2025,@yt_10_2_2025
184551-769,2025-12-14 16:25:00,2025-12-14 15:46:00,@yt_12_12_2025,@yt_12_12_2025
361595-770,2025-12-14 14:35:00,-,-,-
898336-771,2025-12-14 14:08:00,2025-12-26 13:56:00,@yt_8_22_2025,@google_organic
398817-772,2025-12-14 11:43:00,2025-12-14 11:38:00,@yt_12_12_2025,@yt_12_12_2025
914123-773,2025-12-14 11:08:00,2025-12-15 22:00:00,@kedeisha-test-google-cert,@kedeisha-test-google-cert
605521-774,2025-12-14 10:59:00,2025-12-14 11:01:00,@yt_12_12_2025,@yt_12_12_2025
925184-775,2025-12-14 10:14:00,-,-,-
406852-776,2025-12-14 07:49:00,2025-12-14 07:27:00,@yt_10_2_2025,@yt_10_2_2025
870053-777,2025-12-13 23:58:00,2025-12-13 23:51:00,@yt_11_24_2025,@yt_12_12_2025
963776-778,2025-12-13 16:50:00,2025-12-13 16:50:00,@yt_10_20_2025,@yt_10_20_2025
117013-779,2025-12-13 15:40:00,-,-,-
530538-780,2025-12-13 13:52:00,-,-,-
325757-781,2025-12-13 13:20:00,2025-12-16 09:56:00,@yt_12_3_2025,@google_organic
724812-782,2025-12-13 13:15:00,-,-,-
440123-783,2025-12-13 12:43:00,2025-12-13 12:38:00,@yt_12_12_2025,@yt_12_12_2025
637130-784,2025-12-13 03:20:00,-,-,-
215631-785,2025-12-13 02:14:00,2025-12-13 02:09:00,@yt_12_12_2025,@yt_12_12_2025
932286-786,2025-12-13 01:20:00,2025-12-13 01:11:00,@yt_11_5_2025,@yt_12_12_2025
242013-787,2025-12-12 18:57:00,2025-12-11 17:41:00,@yt_9_22_2025,@yt_9_22_2025
910473-788,2025-12-12 14:49:00,2025-12-12 14:47:00,@yt_12_12_2025,@yt_12_12_2025
839470-789,2025-12-12 14:41:00,2025-12-05 15:13:00,@linkedin_organic,@linkedin_organic
173837-790,2025-12-12 11:12:00,-,-,-
467494-791,2025-12-12 10:23:00,2025-12-12 10:16:00,@yt_12_12_2025,@yt_12_12_2025
123251-792,2025-12-12 09:21:00,2025-12-15 20:55:00,@linkedin_organic,@linkedinbio
817744-793,2025-12-12 06:27:00,2025-12-12 06:12:00,@yt_10_2_2025,@yt_10_2_2025
618757-794,2025-12-11 21:45:00,-,-,-
518829-795,2025-12-11 21:44:00,2025-12-11 21:42:00,@yt_10_20_2025,@yt_10_20_2025
993487-796,2025-12-11 16:47:00,2025-12-11 16:42:00,@yt_10_23_2025,@yt_10_23_2025
177597-797,2025-12-11 13:29:00,-,-,-
209784-798,2025-12-11 12:18:00,-,-,-
109646-799,2025-12-11 12:18:00,2025-12-11 12:12:00,@yt_7_15_2025,@yt_7_15_2025
843684-800,2025-12-11 11:58:00,-,-,-
846951-801,2025-12-11 05:59:00,2025-12-14 23:36:00,@yt_10_2_2025,@linkedin_organic
465823-802,2025-12-11 05:27:00,2025-12-11 05:23:00,@yt_10_2_2025,@yt_10_2_2025
271682-803,2025-12-11 03:57:00,-,-,-
830254-804,2025-12-11 01:24:00,-,-,-
718390-805,2025-12-10 17:05:00,2025-12-10 17:02:00,@yt_11_24_2025,@welcome_sequence
701010-806,2025-12-10 15:00:00,-,-,-
140430-807,2025-12-10 13:42:00,2025-12-10 13:38:00,@yt_10_2_2025,@yt_10_2_2025
594218-808,2025-12-10 12:06:00,2025-12-21 13:39:00,@yt_10_2_2025,@google_organic
267244-809,2025-12-10 10:33:00,2025-12-10 10:26:00,@google_organic,@google_organic
162452-810,2025-12-10 10:05:00,2025-12-09 19:07:00,@yt_12_3_2025,@yt_12_3_2025
191968-811,2025-12-10 09:45:00,-,-,-
564363-812,2025-12-10 09:42:00,-,-,-
387920-813,2025-12-10 07:32:00,2025-12-10 07:32:00,@linkedinbio,@linkedin_organic
388483-814,2025-12-09 21:33:00,2025-12-09 21:27:00,@yt_10_2_2025,@yt_10_2_2025
320305-815,2025-12-09 19:56:00,-,-,-
623922-816,2025-12-09 17:01:00,2025-12-09 16:56:00,@yt_11_20_2025,@yt_11_20_2025
667244-817,2025-12-09 16:12:00,2025-12-09 14:22:00,@yt_11_17_2025,@yt_11_17_2025
977589-818,2025-12-09 14:58:00,-,-,-
816454-819,2025-12-09 14:58:00,-,-,-
400050-820,2025-12-09 12:48:00,2025-12-09 12:51:00,@yt_11_24_2025,@yt_11_24_2025
576467-821,2025-12-09 11:51:00,2025-12-09 11:45:00,@yt_10_2_2025,@yt_10_2_2025
952927-822,2025-12-09 11:39:00,2025-12-09 11:29:00,@yt_8_28_2025,@yt_4_9_2025
981402-823,2025-12-09 10:10:00,2025-12-09 13:40:00,@yt_6_30_2025,@linkedinbio
554588-824,2025-12-09 07:40:00,2025-12-09 07:24:00,@yt_10_2_2025,@yt_10_2_2025
962290-825,2025-12-08 21:40:00,2025-12-12 12:57:00,@yt_12_5_2025,@google_organic
329707-826,2025-12-08 19:40:00,2025-12-08 18:29:00,@yt_bio,@yt_bio
394662-827,2025-12-08 16:59:00,-,-,-
816547-828,2025-12-08 16:59:00,-,-,-
894781-829,2025-12-08 16:37:00,2025-12-08 16:20:00,@yt_10_2_2025,@yt_10_2_2025
911289-830,2025-12-08 15:07:00,2025-12-08 16:36:00,@yt_bio,@welcome_sequence
965578-831,2025-12-08 14:02:00,-,-,-
208876-832,2025-12-08 13:50:00,2025-12-10 15:19:00,@google_organic,@google_organic
230236-833,2025-12-08 13:12:00,-,-,-
565463-834,2025-12-08 11:56:00,-,-,-
775188-835,2025-12-08 11:53:00,2025-12-08 11:42:00,@yt_10_23_2025,@yt_10_23_2025
719667-836,2025-12-08 11:23:00,-,-,-
221024-837,2025-12-08 11:18:00,-,-,-
181338-838,2025-12-08 11:10:00,2025-12-05 16:01:00,@yt_bio,@yt_11_17_2025
126922-839,2025-12-08 11:07:00,-,-,-
195561-840,2025-12-08 09:55:00,-,-,-
758942-841,2025-12-08 09:55:00,2025-12-08 09:46:00,@yt_10_20_2025,@yt_10_20_2025
307188-842,2025-12-08 05:36:00,2025-12-08 05:30:00,@yt_10_2_2025,@yt_10_2_2025
273726-843,2025-12-07 17:28:00,-,-,-
973197-844,2025-12-07 15:39:00,2025-12-07 14:51:00,@yt_10_20_2025,@yt_10_20_2025
954081-845,2025-12-07 15:14:00,2025-12-06 11:16:00,@yt_10_2_2025,@yt_10_2_2025
819121-846,2025-12-07 12:30:00,-,-,-
198296-847,2025-12-07 12:01:00,2025-12-07 11:26:00,@yt_10_23_2025,@yt_10_23_2025
905549-848,2025-12-07 11:10:00,2025-12-07 10:56:00,@yt_10_2_2025,@yt_10_2_2025
269600-849,2025-12-07 05:26:00,2025-12-07 05:21:00,@yt_10_2_2025,@yt_10_2_2025
284484-850,2025-12-06 23:35:00,-,-,-
673213-851,2025-12-06 18:38:00,2025-12-06 18:29:00,@yt_bio,@yt_bio
191484-852,2025-12-06 18:30:00,2025-12-06 18:34:00,@yt_10_2_2025,@yt_9_25_2025
484443-853,2025-12-06 17:43:00,2025-12-06 17:39:00,@yt_12_3_2025,@yt_12_5_2025
820491-854,2025-12-06 11:17:00,2025-12-06 11:18:00,@yt_bio,@yt_bio
905495-855,2025-12-06 07:51:00,-,-,-
741641-856,2025-12-06 01:28:00,-,-,-
959694-857,2025-12-05 22:19:00,-,-,-
400938-858,2025-12-05 17:19:00,2025-12-05 16:34:00,@yt_10_20_2025,@yt_10_20_2025
354455-859,2025-12-05 16:26:00,2025-12-05 17:00:00,@yt_bio,@yt_bio
670042-860,2025-12-05 07:07:00,-,-,-
108286-861,2025-12-05 00:14:00,2025-12-05 00:24:00,@yt_11_24_2025,@google_organic
563181-862,2025-12-04 21:23:00,2025-12-04 21:14:00,@yt_10_2_2025,@yt_10_2_2025
388735-863,2025-12-04 21:04:00,2025-12-04 20:51:00,@yt_10_2_2025,@yt_10_2_2025
826967-864,2025-12-04 20:52:00,2025-12-04 20:45:00,@yt_10_2_2025,@yt_10_2_2025
275408-865,2025-12-04 18:29:00,2025-12-04 18:25:00,@yt_bio,@yt_4_9_2025
417731-866,2025-12-04 15:13:00,2025-12-04 15:10:00,@linkedin_organic,@linkedin_organic
642046-867,2025-12-04 15:05:00,2025-12-05 20:25:00,@yt_10_2_2025,@google_organic
152615-868,2025-12-04 15:00:00,-,-,-
584827-869,2025-12-04 13:13:00,2025-12-06 12:05:00,@linkedinbio,@google_organic
294758-870,2025-12-04 11:23:00,2025-12-04 06:43:00,@linkedinbio,@linkedin_organic
184242-871,2025-12-04 09:08:00,2025-12-08 14:07:00,@yt_6_6_2025,@google_organic
169233-872,2025-12-03 23:12:00,2025-12-03 23:07:00,@yt_12_3_2025,@yt_12_3_2025
153703-873,2025-12-03 22:09:00,2025-12-03 21:48:00,@yt_11_24_2025,@yt_11_24_2025
606932-874,2025-12-03 21:12:00,2025-12-03 21:09:00,@linkedin_organic,@linkedin_organic
975220-875,2025-12-03 21:10:00,2025-12-03 21:02:00,@yt_10_2_2025,@yt_10_2_2025
406821-876,2025-12-03 18:46:00,2025-12-13 15:09:00,@yt_12_3_2025,@welcome_sequence
409036-877,2025-12-03 17:15:00,-,-,-
445245-878,2025-12-03 14:56:00,-,-,-
461971-879,2025-12-03 13:19:00,2025-12-03 12:52:00,@yt_12_3_2025,@yt_12_3_2025
360245-880,2025-12-03 12:22:00,-,-,-
249522-881,2025-12-03 12:22:00,2025-12-03 12:58:00,@linkedin_organic,@linkedinbio
459324-882,2025-12-03 10:52:00,-,-,-
907771-883,2025-12-03 10:09:00,2025-12-03 08:29:00,@yt_10_2_2025,@yt_10_2_2025
471144-884,2025-12-03 09:00:00,2025-12-03 08:56:00,@yt_12_3_2025,@yt_12_3_2025
678871-885,2025-12-03 08:58:00,2025-12-01 06:59:00,@linkedin_organic,@linkedinbio
263543-886,2025-12-03 08:08:00,-,-,-
378438-887,2025-12-03 06:53:00,-,-,-
779224-888,2025-12-02 21:43:00,2025-12-02 21:51:00,@instagrambio,@yt_bio
205322-889,2025-12-02 21:18:00,2025-12-02 21:08:00,@yt_10_23_2025,@yt_10_23_2025
249079-890,2025-12-02 19:25:00,2025-12-02 19:06:00,@yt_10_20_2025,@yt_10_20_2025
487664-891,2025-12-02 18:27:00,-,-,-
175396-892,2025-12-02 16:46:00,-,-,-
886039-893,2025-12-02 16:11:00,2025-12-02 16:02:00,@yt_10_2_2025,@yt_10_2_2025
173434-894,2025-12-02 13:48:00,2025-12-02 13:57:00,@yt_10_2_2025,@yt_10_20_2025
541678-895,2025-12-02 11:59:00,2025-12-02 11:51:00,@yt_11_30_2025,@yt_11_30_2025
416468-896,2025-12-02 11:30:00,-,-,-
294346-897,2025-12-02 10:35:00,2025-12-02 10:31:00,@yt_10_23_2025,@yt_10_23_2025
893695-898,2025-12-02 08:47:00,-,-,-
146508-899,2025-12-01 23:17:00,2025-12-01 23:13:00,@yt_11_30_2025,@yt_11_30_2025
977590-900,2025-12-01 18:47:00,2025-12-05 11:32:00,@yt_11_30_2025,@google_organic
136233-901,2025-12-01 18:25:00,2025-12-01 18:07:00,@yt_10_2_2025,@yt_10_6_2025
907762-902,2025-12-01 18:03:00,2025-12-01 17:58:00,@yt_10_20_2025,@yt_10_20_2025
424976-903,2025-12-01 14:45:00,-,-,-
771062-904,2025-12-01 14:45:00,-,-,-
513631-905,2025-12-01 14:45:00,-,-,-
345109-906,2025-12-01 14:45:00,-,-,-
625526-907,2025-12-01 14:45:00,-,-,-
561909-908,2025-12-01 14:45:00,-,-,-
688144-909,2025-12-01 14:45:00,-,-,-
976119-910,2025-12-01 14:45:00,-,-,-
183995-911,2025-12-01 14:45:00,-,-,-
262744-912,2025-12-01 14:45:00,-,-,-
474655-913,2025-12-01 14:45:00,-,-,-
373742-914,2025-12-01 14:45:00,-,-,-
854332-915,2025-12-01 14:45:00,-,-,-
475758-916,2025-12-01 14:45:00,-,-,-
511619-917,2025-12-01 14:45:00,-,-,-
545609-918,2025-12-01 14:45:00,-,-,-
438746-919,2025-12-01 14:45:00,-,-,-
699975-920,2025-12-01 14:45:00,-,-,-
216948-921,2025-12-01 14:45:00,-,-,-
345627-922,2025-12-01 14:45:00,-,-,-
386692-923,2025-12-01 14:45:00,-,-,-
282042-924,2025-12-01 14:45:00,-,-,-
571453-925,2025-12-01 14:45:00,-,-,-
397518-926,2025-12-01 14:45:00,-,-,-
184560-927,2025-12-01 14:45:00,-,-,-
651251-928,2025-12-01 14:45:00,-,-,-
805508-929,2025-12-01 14:45:00,-,-,-
871444-930,2025-12-01 14:45:00,-,-,-
674600-931,2025-12-01 14:45:00,-,-,-
196198-932,2025-12-01 14:45:00,-,-,-
370668-933,2025-12-01 14:45:00,-,-,-
324891-934,2025-12-01 14:45:00,-,-,-
211363-935,2025-12-01 14:45:00,-,-,-
733012-936,2025-12-01 14:45:00,-,-,-
540174-937,2025-12-01 14:45:00,-,-,-
291049-938,2025-12-01 14:45:00,-,-,-
856671-939,2025-12-01 14:45:00,-,-,-
256797-940,2025-12-01 14:45:00,-,-,-
764882-941,2025-12-01 14:45:00,-,-,-
721360-942,2025-12-01 14:45:00,2026-01-06 21:02:00,@yt_1_2_2026,@yt_1_2_2026
942967-943,2025-12-01 14:45:00,-,-,-
954887-944,2025-12-01 14:45:00,-,-,-
237215-945,2025-12-01 14:45:00,-,-,-
407667-946,2025-12-01 14:45:00,-,-,-
657650-947,2025-12-01 14:45:00,-,-,-
460027-948,2025-12-01 14:45:00,-,-,-
938474-949,2025-12-01 14:45:00,-,-,-
763092-950,2025-12-01 14:45:00,-,-,-
296566-951,2025-12-01 14:45:00,-,-,-
305056-952,2025-12-01 14:44:00,-,-,-
510176-953,2025-12-01 14:44:00,-,-,-
582278-954,2025-12-01 14:44:00,-,-,-
889395-955,2025-12-01 14:44:00,-,-,-
111680-956,2025-12-01 14:44:00,-,-,-
888741-957,2025-12-01 14:44:00,-,-,-
184132-958,2025-12-01 14:44:00,-,-,-
242543-959,2025-12-01 14:44:00,-,-,-
669005-960,2025-12-01 14:44:00,-,-,-
535626-961,2025-12-01 14:44:00,-,-,-
726951-962,2025-12-01 14:44:00,-,-,-
388358-963,2025-12-01 14:44:00,-,-,-
240453-964,2025-12-01 14:44:00,-,-,-
834006-965,2025-12-01 14:44:00,-,-,-
700274-966,2025-12-01 14:44:00,-,-,-
397619-967,2025-12-01 14:44:00,-,-,-
951120-968,2025-12-01 14:44:00,-,-,-
518243-969,2025-12-01 14:44:00,-,-,-
587720-970,2025-12-01 14:44:00,-,-,-
860376-971,2025-12-01 14:44:00,-,-,-
627580-972,2025-12-01 14:44:00,-,-,-
680050-973,2025-12-01 14:44:00,-,-,-
435499-974,2025-12-01 14:44:00,-,-,-
988583-975,2025-12-01 14:44:00,-,-,-
810576-976,2025-12-01 14:44:00,-,-,-
764117-977,2025-12-01 14:44:00,-,-,-
128559-978,2025-12-01 14:44:00,-,-,-
677478-979,2025-12-01 14:44:00,-,-,-
233345-980,2025-12-01 14:44:00,-,-,-
322125-981,2025-12-01 14:44:00,-,-,-
406960-982,2025-12-01 14:44:00,-,-,-
141342-983,2025-12-01 14:44:00,-,-,-
385522-984,2025-12-01 14:44:00,-,-,-
946793-985,2025-12-01 14:44:00,-,-,-
700891-986,2025-12-01 14:44:00,-,-,-
326362-987,2025-12-01 13:23:00,-,-,-
738342-988,2025-12-01 11:15:00,2025-12-03 22:41:00,@yt_bio,@yt_bio
387796-989,2025-12-01 10:22:00,2025-12-01 10:13:00,@linkedin_organic,@linkedin_organic
991735-990,2025-12-01 10:04:00,2025-12-01 09:59:00,@yt_10_2_2025,@yt_10_2_2025
744214-991,2025-12-01 08:34:00,-,-,-
528271-992,2025-12-01 08:34:00,2025-12-01 08:29:00,@yt_10_2_2025,@yt_10_2_2025
572160-993,2025-12-01 06:14:00,2025-12-02 09:07:00,@yt_11_3_2025,@yt_bio
434587-994,2025-12-01 06:14:00,-,-,-
895653-995,2025-12-01 05:53:00,2025-12-01 05:54:00,@yt_bio,@yt_bio
442790-996,2025-12-01 00:39:00,2025-12-01 00:33:00,@yt_10_2_2025,@yt_10_23_2025
288233-997,2025-11-30 22:06:00,2025-11-30 21:59:00,@yt_6_6_2025,@yt_6_6_2025
592267-998,2025-11-30 21:44:00,2025-11-30 21:40:00,@main-campaign-120236232597580703,@main-campaign-120236232597580703
603697-999,2025-11-30 20:50:00,-,-,-
519899-1000,2025-11-30 20:44:00,-,-,-
653876-1001,2025-11-30 20:33:00,2025-11-30 20:29:00,@main-campaign-120236509489230703,@main-campaign-120236509489230703
351575-1002,2025-11-30 19:50:00,-,-,-
571451-1003,2025-11-30 18:23:00,2025-11-30 18:19:00,@main-campaign-120236509489230703,@main-campaign-120236509489230703
591856-1004,2025-11-30 18:07:00,2025-11-30 16:58:00,@main-campaign-120236232597580703,@welcome_sequence
878606-1005,2025-11-30 16:09:00,2025-11-30 16:06:00,@main-campaign-120236509489230703,@main-campaign-120236509489230703
623254-1006,2025-11-30 15:07:00,2025-11-30 14:58:00,@yt_10_2_2025,@yt_10_2_2025
572917-1007,2025-11-30 14:00:00,2025-11-30 13:52:00,@main-campaign-120236509489230703,@main-campaign-120236509489230703
218679-1008,2025-11-30 09:44:00,2025-11-30 09:38:00,@main-campaign-120236232597580703,@main-campaign-120236232597580703
691856-1009,2025-11-30 06:29:00,2025-11-30 06:23:00,@main-campaign-120236232597580703,@main-campaign-120236232597580703
552319-1010,2025-11-30 02:21:00,2025-11-30 15:32:00,@yt_9_22_2025,@google_organic
994415-1011,2025-11-29 23:08:00,2025-11-29 22:49:00,@yt_10_2_2025,@yt_10_2_2025
717128-1012,2025-11-29 17:19:00,2025-11-29 17:17:00,@yt_11_5_2025,@yt_11_5_2025
934296-1013,2025-11-29 15:40:00,2025-11-29 15:30:00,@yt_10_2_2025,@yt_10_2_2025
977467-1014,2025-11-29 09:15:00,2025-11-29 09:11:00,@main-campaign-120236509489230703,@main-campaign-120236509489230703
938477-1015,2025-11-29 07:19:00,2025-11-29 07:19:00,@yt_6_30_2025,@yt_6_30_2025
246650-1016,2025-11-29 05:11:00,2025-12-02 04:04:00,@yt_bio,@welcome_sequence
396443-1017,2025-11-28 22:56:00,2025-11-28 22:54:00,@yt_7_15_2025,@google_organic
948239-1018,2025-11-28 18:27:00,-,-,-
347816-1019,2025-11-28 15:10:00,2025-11-28 14:59:00,@main-campaign-120236509489230703,@main-campaign-120236509489230703
433431-1020,2025-11-28 13:40:00,2025-11-28 13:27:00,@main-campaign-120236509489230703,@main-campaign-120236509489230703
638088-1021,2025-11-28 12:02:00,-,-,-
396531-1022,2025-11-28 11:37:00,-,-,-
481857-1023,2025-11-28 11:36:00,2025-11-28 11:33:00,@yt_10_2_2025,@yt_10_2_2025
306976-1024,2025-11-28 09:58:00,2025-11-28 09:56:00,@linkedinbio,@linkedin_organic
300906-1025,2025-11-28 09:35:00,2025-11-28 09:32:00,@yt_10_2_2025,@yt_10_2_2025
170856-1026,2025-11-28 07:20:00,2025-11-28 07:12:00,@main-campaign-120236509489230703,@main-campaign-120236509489230703
960196-1027,2025-11-28 05:44:00,2026-01-27 17:23:00,@yt_10_2_2025,@kit_email_sequence_qualified
796550-1028,2025-11-28 03:07:00,2025-11-28 03:03:00,@yt_10_20_2025,@yt_11_3_2025
583438-1029,2025-11-27 22:52:00,-,-,-
336629-1030,2025-11-27 20:17:00,2025-11-27 19:56:00,@yt_10_2_2025,@yt_10_2_2025
234294-1031,2025-11-27 14:49:00,2025-11-27 14:49:00,@yt_10_2_2025,@yt_10_2_2025
965383-1032,2025-11-27 13:31:00,-,-,-
388277-1033,2025-11-27 12:25:00,2025-11-29 10:50:00,@yt_10_23_2025,@google_organic
864225-1034,2025-11-27 10:47:00,2025-11-30 19:36:00,@yt_11_3_2025,@google_organic
285408-1035,2025-11-27 09:07:00,-,-,-
795665-1036,2025-11-27 08:09:00,2025-11-27 08:05:00,@yt_10_2_2025,@yt_10_2_2025
858925-1037,2025-11-27 08:06:00,-,-,-
742443-1038,2025-11-27 08:06:00,2025-11-27 08:05:00,@yt_10_2_2025,@yt_10_2_2025
407478-1039,2025-11-27 07:34:00,-,-,-
622527-1040,2025-11-27 05:09:00,2025-11-27 05:04:00,@yt_10_2_2025,@yt_10_2_2025
493729-1041,2025-11-26 21:34:00,2026-02-12 12:03:00,@main-campaign-120236232597580703,@crtx-pm-us-audience-01072026
242548-1042,2025-11-26 20:19:00,2025-11-26 20:16:00,@yt_10_2_2025,@yt_10_20_2025
550300-1043,2025-11-26 14:34:00,2025-11-26 14:28:00,@yt_9_22_2025,@linkedinbio
188627-1044,2025-11-26 13:31:00,-,-,-
382427-1045,2025-11-26 10:32:00,-,-,-
481596-1046,2025-11-26 10:32:00,2025-11-26 10:26:00,@yt_11_17_2025,@yt_11_17_2025
311704-1047,2025-11-26 10:17:00,-,-,-
625217-1048,2025-11-26 10:07:00,-,-,-
232994-1049,2025-11-26 09:15:00,2025-11-26 08:55:00,@yt_10_2_2025,@yt_10_2_2025
878108-1050,2025-11-26 08:54:00,2025-12-17 08:11:00,@linkedin_organic,@linkedinbio
652247-1051,2025-11-26 08:32:00,2025-11-27 12:46:00,@yt_10_2_2025,@welcome_sequence
467586-1052,2025-11-26 07:54:00,2025-11-30 10:56:00,@yt_10_20_2025,@yt_6_30_2025
607904-1053,2025-11-26 06:27:00,-,-,-
533723-1054,2025-11-26 06:26:00,2025-11-26 06:21:00,@main-campaign-120236232597580703,@main-campaign-120236232597580703
972477-1055,2025-11-26 04:34:00,2025-11-30 11:18:00,@main-campaign-120236232597580703,@main-campaign-120236232597580703
286839-1056,2025-11-26 04:16:00,-,-,-
921724-1057,2025-11-26 04:08:00,2025-11-26 04:00:00,@main-campaign-120236509489230703,@main-campaign-120236509489230703
239865-1058,2025-11-26 03:23:00,2025-11-26 03:15:00,@yt_10_2_2025,@yt_10_2_2025
725954-1059,2025-11-26 01:11:00,2025-11-26 01:02:00,@yt_10_2_2025,@yt_8_22_2025
130623-1060,2025-11-25 23:36:00,2025-11-26 11:51:00,@yt_11_24_2025,@yt_11_24_2025
268542-1061,2025-11-25 14:27:00,2025-11-25 14:10:00,@yt_10_23_2025,@yt_10_23_2025
292593-1062,2025-11-25 13:56:00,2025-11-25 13:48:00,@yt_10_2_2025,@yt_10_2_2025
319725-1063,2025-11-25 12:11:00,2025-11-25 11:45:00,@yt_10_2_2025,@yt_10_2_2025
907743-1064,2025-11-25 10:43:00,2025-11-25 10:37:00,@main-campaign-120236509489230703,@main-campaign-120236509489230703
153809-1065,2025-11-25 10:23:00,-,-,-
448048-1066,2025-11-25 10:11:00,2025-11-25 16:16:00,@google_organic,@linkedin_organic
628996-1067,2025-11-25 07:53:00,2025-11-25 07:35:00,@yt_10_2_2025,@yt_10_2_2025
776195-1068,2025-11-25 07:44:00,2025-11-25 07:35:00,@main-campaign-120236509489230703,@main-campaign-120236509489230703
324832-1069,2025-11-25 06:38:00,-,-,-
369428-1070,2025-11-25 06:03:00,2025-11-25 05:33:00,@yt_11_24_2025,@yt_11_24_2025
882194-1071,2025-11-25 02:49:00,2025-11-25 02:49:00,@yt_bio,@yt_bio
457686-1072,2025-11-24 22:59:00,2025-11-24 22:57:00,@main-campaign-120236232597580703,@main-campaign-120236232597580703
971425-1073,2025-11-24 22:53:00,2025-11-24 21:02:00,@yt_bio,@yt_bio
143001-1074,2025-11-24 20:48:00,2025-11-24 21:06:00,@yt_10_2_2025,@google_organic
118097-1075,2025-11-24 19:20:00,2025-11-23 20:32:00,@yt_10_2_2025,@yt_10_2_2025
171031-1076,2025-11-24 19:14:00,2025-11-24 19:05:00,@yt_10_2_2025,@yt_10_2_2025
117249-1077,2025-11-24 19:04:00,2025-11-24 18:43:00,@yt_5_15_2025,@yt_5_15_2025
738733-1078,2025-11-24 19:04:00,2025-11-24 17:54:00,@yt_9_22_2025,@welcome_sequence
800397-1079,2025-11-24 16:32:00,-,-,-
806580-1080,2025-11-24 12:36:00,2025-11-24 12:27:00,@yt_11_3_2025,@yt_11_3_2025
783667-1081,2025-11-24 07:29:00,-,-,-
637604-1082,2025-11-24 07:29:00,2025-11-24 07:26:00,@yt_10_2_2025,@yt_10_2_2025
793459-1083,2025-11-24 05:48:00,2025-11-24 05:43:00,@yt_11_20_2025,@yt_11_20_2025
909672-1084,2025-11-24 03:27:00,2025-11-21 05:57:00,@yt_10_23_2025,@yt_10_23_2025
883661-1085,2025-11-24 01:41:00,2025-11-24 01:32:00,@yt_11_17_2025,@yt_11_17_2025
354128-1086,2025-11-23 20:19:00,2025-11-23 20:21:00,@main-campaign-120236232597580703,@main-campaign-120236232597580703
970110-1087,2025-11-23 19:46:00,2025-11-23 19:42:00,@yt_10_2_2025,@yt_10_2_2025
107492-1088,2025-11-23 19:44:00,2025-11-23 19:27:00,@yt_6_30_2025,@yt_6_30_2025
489402-1089,2025-11-23 16:51:00,2025-11-23 16:44:00,@yt_bio,@yt_bio
629188-1090,2025-11-23 12:31:00,2025-11-23 12:16:00,@yt_10_2_2025,@yt_10_2_2025
571841-1091,2025-11-23 07:11:00,-,-,-
553178-1092,2025-11-23 07:08:00,-,-,-
891557-1093,2025-11-23 02:42:00,2025-11-23 02:29:00,@main-campaign-120236232597580703,@main-campaign-120236232597580703
745452-1094,2025-11-22 21:45:00,2025-11-22 21:32:00,@yt_10_2_2025,@yt_10_2_2025
729487-1095,2025-11-22 15:43:00,-,-,-
581795-1096,2025-11-22 15:16:00,-,-,-
894354-1097,2025-11-22 15:16:00,2025-11-22 15:25:00,@yt_10_23_2025,@yt_10_23_2025
855271-1098,2025-11-22 13:54:00,2025-11-22 13:49:00,@yt_4_9_2025,@yt_4_9_2025
723360-1099,2025-11-22 13:20:00,2025-11-19 11:04:00,@yt_10_20_2025,@yt_5_15_2025
766667-1100,2025-11-22 04:07:00,-,-,-
290272-1101,2025-11-21 21:51:00,-,-,-
614694-1102,2025-11-21 19:25:00,-,-,-
191473-1103,2025-11-21 18:17:00,2025-11-21 18:15:00,@yt_10_20_2025,@yt_10_20_2025
270715-1104,2025-11-21 16:37:00,-,-,-
775574-1105,2025-11-21 16:13:00,-,-,-
647424-1106,2025-11-21 15:37:00,2025-11-24 16:39:00,@linkedin_organic,@linkedin_organic
683082-1107,2025-11-21 12:58:00,-,-,-
934841-1108,2025-11-21 12:49:00,-,-,-
435537-1109,2025-11-21 12:48:00,-,-,-
883432-1110,2025-11-21 12:03:00,-,-,-
119899-1111,2025-11-21 10:48:00,2025-11-21 10:41:00,@yt_9_22_2025,@yt_9_22_2025
768514-1112,2025-11-21 10:46:00,2025-11-21 11:33:00,@yt_11_20_2025,@yt_11_20_2025
411036-1113,2025-11-21 07:12:00,2025-11-22 09:47:00,@yt_10_2_2025,@google_organic
223590-1114,2025-11-21 01:46:00,2025-11-21 01:42:00,@instagrambio,@instagrambio
861232-1115,2025-11-20 23:56:00,2025-11-20 23:40:00,@yt_11_20_2025,@yt_11_20_2025
608050-1116,2025-11-20 23:42:00,2025-11-20 23:49:00,@yt_9_22_2025,@yt_9_22_2025
497212-1117,2025-11-20 22:13:00,2025-11-20 21:30:00,@yt_10_20_2025,@yt_10_20_2025
265981-1118,2025-11-20 12:48:00,2025-11-23 13:56:00,@yt_11_20_2025,@google_organic
279665-1119,2025-11-20 10:47:00,-,-,-
180050-1120,2025-11-20 10:47:00,2025-11-20 10:46:00,@yt_10_2_2025,@yt_10_2_2025
565986-1121,2025-11-20 10:18:00,2025-11-20 10:11:00,@yt_10_23_2025,@yt_11_5_2025
565527-1122,2025-11-20 09:37:00,-,-,-
503731-1123,2025-11-20 09:09:00,-,-,-
531756-1124,2025-11-20 08:38:00,2025-11-20 08:40:00,@linkedin_organic,@linkedin_organic
370851-1125,2025-11-20 06:32:00,-,-,-
825177-1126,2025-11-20 01:31:00,2025-11-20 01:20:00,@yt_11_3_2025,@yt_11_3_2025
699354-1127,2025-11-19 21:10:00,2025-11-19 20:58:00,@linkedinbio,@google_organic
889654-1128,2025-11-19 20:09:00,2026-02-13 19:48:00,@linkedinbio,@yt_bio
384480-1129,2025-11-19 19:26:00,2025-11-19 19:21:00,@yt_11_17_2025,@yt_11_17_2025
961943-1130,2025-11-19 18:52:00,2025-11-20 06:10:00,@linkedinbio,@linkedin_organic
403627-1131,2025-11-19 17:17:00,-,-,-
432110-1132,2025-11-19 14:14:00,-,-,-
172221-1133,2025-11-19 12:44:00,-,-,-
381044-1134,2025-11-19 12:44:00,2025-11-20 14:57:00,@linkedinbio,@google_organic
188851-1135,2025-11-19 12:15:00,-,-,-
991929-1136,2025-11-19 10:55:00,-,-,-
120304-1137,2025-11-19 10:51:00,-,-,-
905048-1138,2025-11-19 10:49:00,2025-11-19 08:12:00,@linkedinbio,@linkedin_organic
767629-1139,2025-11-19 07:00:00,-,-,-
160757-1140,2025-11-19 05:27:00,2025-11-19 05:35:00,@yt_6_6_2025,@yt_8_22_2025
491679-1141,2025-11-19 04:16:00,2025-11-19 04:08:00,@yt_10_2_2025,@yt_10_2_2025
841151-1142,2025-11-19 03:09:00,2025-11-19 03:04:00,@yt_10_2_2025,@yt_10_2_2025
941496-1143,2025-11-18 22:22:00,-,-,-
363909-1144,2025-11-18 21:15:00,-,-,-
454728-1145,2025-11-18 20:55:00,2025-11-18 20:51:00,@yt_11_17_2025,@yt_11_17_2025
305389-1146,2025-11-18 18:51:00,2025-11-18 18:33:00,@yt_10_2_2025,@yt_10_2_2025
570031-1147,2025-11-18 18:14:00,-,-,-
181390-1148,2025-11-18 15:44:00,2025-11-17 20:11:00,@yt_11_17_2025,@welcome_sequence
464652-1149,2025-11-18 15:13:00,2025-11-24 15:59:00,@yt_10_20_2025,@google_organic
543007-1150,2025-11-18 13:44:00,2025-11-18 13:40:00,@yt_10_27_2025,@yt_10_27_2025
117542-1151,2025-11-18 12:47:00,-,-,-
162468-1152,2025-11-18 12:41:00,-,-,-
251766-1153,2025-11-18 12:33:00,2025-11-18 12:03:00,@linkedin_organic,@linkedin_organic
825758-1154,2025-11-18 11:25:00,-,-,-
555889-1155,2025-11-18 11:14:00,-,-,-
663638-1156,2025-11-18 10:08:00,2026-02-11 11:32:00,@google_organic,@google_organic
555519-1157,2025-11-18 09:00:00,-,-,-
486229-1158,2025-11-18 07:59:00,2025-11-19 18:19:00,@yt_11_17_2025,@yt_5_15_2025
510304-1159,2025-11-18 05:20:00,-,-,-
413095-1160,2025-11-18 03:43:00,2025-12-02 08:34:00,@yt_9_22_2025,@yt_11_24_2025
657496-1161,2025-11-17 16:27:00,2025-11-17 15:37:00,@yt_11_17_2025,@yt_11_17_2025
871388-1162,2025-11-17 16:17:00,-,-,-
466616-1163,2025-11-17 16:13:00,-,-,-
599095-1164,2025-11-17 15:40:00,2025-11-17 15:30:00,@yt_10_20_2025,@yt_10_20_2025
867168-1165,2025-11-17 14:02:00,-,-,-
823245-1166,2025-11-17 14:01:00,2025-11-17 14:01:00,@yt_10_23_2025,@yt_10_23_2025
675324-1167,2025-11-17 12:57:00,2025-11-17 12:46:00,@yt_11_17_2025,@yt_11_17_2025
132750-1168,2025-11-17 12:55:00,2025-11-17 12:34:00,@yt_10_2_2025,@yt_10_2_2025
763522-1169,2025-11-17 12:08:00,-,-,-
139543-1170,2025-11-17 11:52:00,-,-,-
606931-1171,2025-11-17 11:50:00,2025-11-17 11:46:00,@yt_10_2_2025,@yt_10_2_2025
308602-1172,2025-11-17 11:14:00,2025-11-17 10:40:00,@yt_9_22_2025,@yt_9_22_2025
480599-1173,2025-11-17 11:08:00,2025-11-17 13:39:00,@yt_11_17_2025,@yt_11_17_2025
926611-1174,2025-11-17 10:17:00,-,-,-
890686-1175,2025-11-17 09:24:00,2025-11-17 09:15:00,@yt_11_17_2025,@yt_11_17_2025
783237-1176,2025-11-17 03:36:00,2025-12-01 16:52:00,@yt_10_2_2025,@google_organic
892302-1177,2025-11-16 23:02:00,2025-11-16 23:05:00,@yt_5_15_2025,@yt_5_15_2025
731159-1178,2025-11-16 20:55:00,2025-11-16 20:49:00,@linkedin_organic,@linkedin_organic
495528-1179,2025-11-16 15:48:00,-,-,-
680232-1180,2025-11-16 14:28:00,2025-12-04 09:36:00,@google_organic,@google_organic
511487-1181,2025-11-16 13:54:00,-,-,-
509878-1182,2025-11-16 11:02:00,2025-11-16 10:59:00,@yt_10_20_2025,@yt_10_20_2025
800198-1183,2025-11-16 09:34:00,2025-11-16 09:30:00,@yt_10_2_2025,@yt_10_2_2025
105212-1184,2025-11-15 20:41:00,2025-11-15 20:33:00,@linkedinbio,@linkedinbio
462008-1185,2025-11-15 19:36:00,2025-11-15 19:26:00,@yt_bio,@yt_bio
838855-1186,2025-11-15 15:55:00,-,-,-
379862-1187,2025-11-15 12:35:00,-,-,-
272401-1188,2025-11-15 10:49:00,2025-11-15 10:39:00,@yt_9_22_2025,@yt_9_22_2025
192291-1189,2025-11-15 01:45:00,-,-,-
404138-1190,2025-11-15 01:16:00,-,-,-
374759-1191,2025-11-14 23:03:00,2025-11-14 22:57:00,@yt_11_3_2025,@yt_11_3_2025
624394-1192,2025-11-14 16:01:00,2025-11-16 16:46:00,@yt_10_2_2025,@linkedinbio
197922-1193,2025-11-14 15:46:00,2025-11-15 16:20:00,@yt_10_2_2025,@linkedin_organic
696543-1194,2025-11-14 13:36:00,2025-11-14 13:33:00,@yt_6_30_2025,@linkedin_organic
184302-1195,2025-11-14 10:07:00,-,-,-
952987-1196,2025-11-14 09:03:00,2025-11-14 08:43:00,@yt_11_3_2025,@yt_11_3_2025
957247-1197,2025-11-14 08:57:00,-,-,-
714062-1198,2025-11-14 08:40:00,-,-,-
168956-1199,2025-11-14 08:34:00,2025-11-14 08:52:00,@yt_10_27_2025,@yt_6_30_2025
392236-1200,2025-11-14 04:38:00,-,-,-
777133-1201,2025-11-14 02:15:00,2025-11-14 02:15:00,@yt_11_3_2025,@yt_11_3_2025
201761-1202,2025-11-14 00:50:00,2025-11-16 19:17:00,@yt_10_20_2025,@linkedin_organic
647547-1203,2025-11-13 22:15:00,2025-11-13 22:10:00,@yt_10_2_2025,@yt_10_2_2025
947549-1204,2025-11-13 16:36:00,2025-11-13 16:31:00,@yt_7_15_2025,@yt_7_15_2025
422583-1205,2025-11-13 16:28:00,2025-11-13 16:27:00,@linkedin_organic,@linkedin_organic
982208-1206,2025-11-13 16:26:00,2025-11-13 16:21:00,@linkedinbio,@linkedinbio
237552-1207,2025-11-13 15:41:00,2025-11-13 15:15:00,@yt_10_2_2025,@yt_10_2_2025
222342-1208,2025-11-13 12:10:00,-,-,-
646948-1209,2025-11-13 10:42:00,2025-11-13 10:37:00,@yt_10_2_2025,@yt_10_2_2025
592599-1210,2025-11-13 08:05:00,-,-,-
338221-1211,2025-11-13 08:05:00,2025-11-13 08:02:00,@yt_10_20_2025,@yt_10_20_2025
750842-1212,2025-11-13 06:08:00,2025-11-13 06:03:00,@yt_10_20_2025,@yt_10_20_2025
228826-1213,2025-11-13 00:40:00,2025-11-13 00:47:00,@yt_10_20_2025,@yt_10_20_2025
161338-1214,2025-11-12 19:48:00,2025-11-12 19:34:00,@yt_10_23_2025,@yt_10_23_2025
497937-1215,2025-11-12 18:10:00,2025-11-12 18:39:00,@linkedinbio,@linkedinbio
534123-1216,2025-11-12 18:03:00,2025-11-12 17:56:00,@yt_11_3_2025,@yt_11_3_2025
180666-1217,2025-11-12 16:08:00,2025-11-12 16:07:00,@yt_bio,@linkedin_organic
374935-1218,2025-11-12 14:35:00,-,-,-
436066-1219,2025-11-12 12:25:00,-,-,-
104708-1220,2025-11-12 12:15:00,2025-11-12 12:10:00,@yt_5_15_2025,@yt_5_15_2025
863103-1221,2025-11-12 11:08:00,2025-11-13 09:34:00,@yt_9_30_2025,@welcome_sequence
720104-1222,2025-11-12 10:40:00,2025-11-12 10:29:00,@yt_10_2_2025,@yt_10_2_2025
767036-1223,2025-11-12 10:38:00,-,-,-
578799-1224,2025-11-12 09:46:00,2025-11-12 09:29:00,@yt_10_23_2025,@yt_10_23_2025
322182-1225,2025-11-12 09:30:00,-,-,-
102182-1226,2025-11-12 08:27:00,-,-,-
392391-1227,2025-11-12 03:10:00,-,-,-
234626-1228,2025-11-12 02:01:00,2025-11-12 01:48:00,@yt_10_2_2025,@yt_10_2_2025
946065-1229,2025-11-11 23:26:00,2025-11-11 22:28:00,@yt_11_5_2025,@yt_11_5_2025
581525-1230,2025-11-11 21:20:00,-,-,-
162931-1231,2025-11-11 18:25:00,-,-,-
952636-1232,2025-11-11 18:21:00,2025-11-09 16:39:00,@linkedinbio,@linkedinbio
597009-1233,2025-11-11 17:31:00,2025-11-11 17:28:00,@yt_10_27_2025,@yt_10_27_2025
816837-1234,2025-11-11 16:55:00,-,-,-
596401-1235,2025-11-11 16:20:00,2025-11-13 09:31:00,@yt_11_3_2025,@google_organic
315193-1236,2025-11-11 15:39:00,2025-11-11 15:30:00,@yt_10_20_2025,@yt_10_20_2025
469829-1237,2025-11-11 14:04:00,2025-11-12 13:01:00,@yt_6_30_2025,@main-campaign
982450-1238,2025-11-11 12:37:00,-,-,-
419619-1239,2025-11-11 10:24:00,2025-11-11 10:00:00,@yt_bio,@yt_bio
950851-1240,2025-11-11 08:49:00,2025-11-11 08:26:00,@yt_11_3_2025,@yt_11_3_2025
252815-1241,2025-11-11 05:57:00,-,-,-
374713-1242,2025-11-11 05:57:00,2025-11-13 19:48:00,@yt_10_2_2025,@yt_10_2_2025
948739-1243,2025-11-11 04:57:00,2026-01-30 01:45:00,@kit_email_sequence_qualified,@kit_email_sequence_qualified
653203-1244,2025-11-11 00:18:00,-,-,-
371665-1245,2025-11-10 20:27:00,2025-11-10 21:02:00,@yt_11_3_2025,@yt_10_2_2025
262462-1246,2025-11-10 19:47:00,-,-,-
758888-1247,2025-11-10 19:37:00,2025-11-10 19:45:00,@yt_10_2_2025,@yt_10_2_2025
673571-1248,2025-11-10 18:21:00,2025-11-10 18:17:00,@yt_10_2_2025,@yt_10_2_2025
512004-1249,2025-11-10 17:17:00,2025-11-10 17:00:00,@yt_10_20_2025,@google_organic
292347-1250,2025-11-10 16:40:00,2025-11-10 14:24:00,@yt_10_2_2025,@yt_11_3_2025
249264-1251,2025-11-10 15:37:00,2025-11-10 15:31:00,@yt_11_3_2025,@yt_11_3_2025
344875-1252,2025-11-10 12:20:00,2025-11-11 10:47:00,@yt_11_3_2025,@google_organic
908481-1253,2025-11-10 11:34:00,-,-,-
983134-1254,2025-11-09 18:27:00,-,-,-
436571-1255,2025-11-09 16:37:00,2025-11-11 16:32:00,@yt_10_2_2025,@google_organic
518026-1256,2025-11-09 16:01:00,-,-,-
725347-1257,2025-11-09 15:04:00,2025-11-09 14:55:00,@yt_10_20_2025,@linkedin_organic
123304-1258,2025-11-09 15:01:00,2025-11-09 15:05:00,@main-campaign,@main-campaign
962300-1259,2025-11-09 08:01:00,-,-,-
797410-1260,2025-11-09 07:27:00,2025-11-09 07:27:00,@linkedinbio,@linkedin_organic
794160-1261,2025-11-08 17:05:00,-,-,-
578392-1262,2025-11-08 13:28:00,2025-11-09 15:56:00,@yt_10_2_2025,@google_organic
515359-1263,2025-11-08 13:20:00,2025-11-08 13:01:00,@yt_10_23_2025,@yt_10_2_2025
536762-1264,2025-11-08 12:01:00,-,-,-
898909-1265,2025-11-08 11:42:00,2025-11-08 11:33:00,@yt_bio,@yt_bio
674641-1266,2025-11-08 11:27:00,2025-11-08 11:26:00,@yt_10_20_2025,@yt_10_20_2025
588950-1267,2025-11-08 10:12:00,2025-11-11 15:45:00,@yt_4_9_2025,@google_organic
314242-1268,2025-11-08 08:39:00,-,-,-
810019-1269,2025-11-08 07:15:00,-,-,-
139580-1270,2025-11-08 05:53:00,2025-11-08 05:43:00,@yt_10_2_2025,@yt_10_2_2025
339420-1271,2025-11-08 00:22:00,2026-01-20 13:43:00,@yt_10_23_2025,@yt_1_19_2026
404581-1272,2025-11-07 20:26:00,2025-11-07 20:30:00,@yt_10_6_2025,@yt_10_6_2025
231121-1273,2025-11-07 17:40:00,-,-,-
780336-1274,2025-11-07 15:45:00,2025-11-08 18:29:00,@yt_11_5_2025,@yt_10_2_2025
423452-1275,2025-11-07 15:38:00,2025-11-07 15:37:00,@linkedinsetter,@linkedinsetter
313359-1276,2025-11-07 14:19:00,2025-11-08 18:45:00,@google_organic,@google_organic
509326-1277,2025-11-07 12:05:00,2025-11-07 12:00:00,@yt_bio,@yt_bio
553143-1278,2025-11-07 02:39:00,2025-11-07 02:35:00,@yt_bio,@welcome_sequence
923585-1279,2025-11-06 21:22:00,-,-,-
619957-1280,2025-11-06 21:20:00,2025-11-06 21:15:00,@yt_5_15_2025,@yt_5_15_2025
484765-1281,2025-11-06 16:56:00,2025-11-06 17:14:00,@linkedinbio,@linkedinbio
287717-1282,2025-11-06 16:55:00,-,-,-
255070-1283,2025-11-06 14:24:00,-,-,-
983097-1284,2025-11-06 13:56:00,-,-,-
315944-1285,2025-11-06 13:15:00,2025-11-10 21:10:00,@yt_10_2_2025,@linkedinbio
774243-1286,2025-11-06 13:01:00,-,-,-
302215-1287,2025-11-06 10:50:00,-,-,-
617872-1288,2025-11-06 10:18:00,2025-11-06 09:48:00,@linkedin_organic,@linkedinbio
782668-1289,2025-11-06 10:08:00,2025-11-06 10:08:00,@yt_10_27_2025,@linkedin_organic
689269-1290,2025-11-06 08:44:00,2025-11-06 08:15:00,@yt_bio,@linkedinbio
119632-1291,2025-11-06 07:46:00,-,-,-
544244-1292,2025-11-06 07:44:00,2025-11-06 07:33:00,@yt_10_2_2025,@yt_10_2_2025
117164-1293,2025-11-06 05:37:00,-,-,-
283484-1294,2025-11-06 04:13:00,-,-,-
836429-1295,2025-11-05 22:24:00,2025-11-05 21:49:00,@yt_4_9_2025,@yt_4_9_2025
261131-1296,2025-11-05 17:45:00,2025-11-07 22:23:00,@linkedinbio,@google_organic
611387-1297,2025-11-05 16:36:00,2025-11-05 16:30:00,@yt_11_5_2025,@yt_11_5_2025
714194-1298,2025-11-05 16:24:00,-,-,-
732042-1299,2025-11-05 16:10:00,2025-11-05 16:07:00,@yt_10_2_2025,@yt_11_5_2025
536010-1300,2025-11-05 15:36:00,-,-,-
634404-1301,2025-11-05 14:42:00,2025-11-16 08:00:00,@google_organic,@google_organic
554022-1302,2025-11-05 14:30:00,2025-11-06 00:17:00,@yt_11_3_2025,@yt_5_15_2025
364482-1303,2025-11-05 14:25:00,2025-11-05 14:13:00,@yt_10_20_2025,@yt_10_20_2025
411570-1304,2025-11-05 11:30:00,2025-11-05 11:22:00,@yt_10_30_2025,@yt_10_30_2025
264453-1305,2025-11-05 11:09:00,-,-,-
979354-1306,2025-11-05 10:51:00,-,-,-
455307-1307,2025-11-05 10:48:00,-,-,-
773439-1308,2025-11-05 10:16:00,2025-11-05 10:05:00,@yt_10_23_2025,@yt_10_23_2025
272966-1309,2025-11-04 21:47:00,2025-11-04 21:43:00,@yt_10_2_2025,@yt_10_2_2025
395375-1310,2025-11-04 17:57:00,-,-,-
180859-1311,2025-11-04 16:46:00,-,-,-
506930-1312,2025-11-04 16:15:00,-,-,-
738529-1313,2025-11-04 14:06:00,2025-11-04 13:38:00,@yt_10_2_2025,@yt_10_2_2025
560362-1314,2025-11-04 11:42:00,2025-11-04 11:09:00,@yt_bio,@yt_bio
346840-1315,2025-11-04 11:26:00,2025-11-04 11:11:00,@main-campaign,@main-campaign
834201-1316,2025-11-04 10:53:00,2025-11-04 10:49:00,@yt_10_2_2025,@yt_10_2_2025
892152-1317,2025-11-04 10:45:00,2025-11-04 10:44:00,@linkedin_organic,@linkedin_organic
363070-1318,2025-11-04 10:31:00,2025-11-04 22:51:00,@linkedinbio,@linkedin_organic
160149-1319,2025-11-04 10:01:00,-,-,-
754313-1320,2025-11-04 09:00:00,2025-11-04 08:21:00,@yt_10_2_2025,@yt_10_2_2025
257022-1321,2025-11-04 05:53:00,2026-02-05 08:42:00,@google_organic,@google_organic
215763-1322,2025-11-03 22:44:00,2026-01-07 07:10:00,@yt_12_12_2025,@yt_12_12_2025
544937-1323,2025-11-03 20:28:00,2025-11-03 20:24:00,@yt_10_2_2025,@yt_10_2_2025
122427-1324,2025-11-03 20:27:00,-,-,-
376284-1325,2025-11-03 19:45:00,-,-,-
611973-1326,2025-11-03 19:45:00,2025-11-03 19:45:00,@linkedin_organic,@linkedin_organic
678397-1327,2025-11-03 18:22:00,-,-,-
728607-1328,2025-11-03 18:21:00,2025-11-03 18:09:00,@yt_bio,@yt_bio
248638-1329,2025-11-03 18:21:00,-,-,-
582863-1330,2025-11-03 18:21:00,2025-11-03 18:16:00,@yt_10_20_2025,@yt_10_20_2025
268517-1331,2025-11-03 17:54:00,2025-11-03 17:45:00,@yt_11_3_2025,@yt_11_3_2025
730168-1332,2025-11-03 16:57:00,-,-,-
197658-1333,2025-11-03 16:50:00,-,-,-
805751-1334,2025-11-03 16:45:00,2025-11-03 16:37:00,@yt_10_20_2025,@yt_10_20_2025
682726-1335,2025-11-03 16:25:00,2025-11-03 16:19:00,@yt_10_20_2025,@linkedinbio
404748-1336,2025-11-03 15:35:00,2025-11-23 00:03:00,@yt_11_17_2025,@welcome_sequence
299918-1337,2025-11-03 14:23:00,2025-11-07 07:10:00,@yt_10_20_2025,@google_organic
449689-1338,2025-11-03 13:10:00,2025-11-03 12:43:00,@yt_11_3_2025,@yt_11_3_2025
797634-1339,2025-11-03 13:10:00,2025-11-03 12:56:00,@yt_11_3_2025,@yt_11_3_2025
502401-1340,2025-11-03 12:56:00,2025-11-01 00:16:00,@google_organic,@google_organic
257213-1341,2025-11-03 12:53:00,2025-11-03 13:01:00,@yt_10_30_2025,@linkedinsetter
802918-1342,2025-11-03 11:39:00,-,-,-
722222-1343,2025-11-03 11:05:00,-,-,-
138700-1344,2025-11-03 11:00:00,-,-,-
246491-1345,2025-11-03 09:44:00,2025-11-04 11:54:00,@yt_11_3_2025,@google_organic
993749-1346,2025-11-03 08:25:00,2025-10-30 16:05:00,@yt_10_2_2025,@yt_10_2_2025
293413-1347,2025-11-03 08:21:00,2025-11-03 08:22:00,@yt_10_20_2025,@yt_10_20_2025
119488-1348,2025-11-03 06:30:00,2025-11-03 06:43:00,@yt_10_2_2025,@yt_10_2_2025
503159-1349,2025-11-03 03:47:00,2025-11-03 03:33:00,@yt_8_29_2025,@yt_8_29_2025
274641-1350,2025-11-03 01:49:00,2025-11-03 01:43:00,@yt_10_2_2025,@yt_10_2_2025
204208-1351,2025-11-02 22:58:00,2025-11-03 01:44:00,@yt_10_2_2025,@yt_10_2_2025
415872-1352,2025-11-02 19:32:00,2025-11-02 19:18:00,@yt_9_22_2025,@yt_9_22_2025
992199-1353,2025-11-02 17:00:00,2025-11-02 16:47:00,@yt_9_22_2025,@yt_9_22_2025
957826-1354,2025-11-02 15:52:00,-,-,-
572618-1355,2025-11-02 14:36:00,-,-,-
388804-1356,2025-11-02 14:08:00,2025-11-06 19:41:00,@yt_bio,@google_organic
750502-1357,2025-11-02 13:52:00,2025-11-01 13:46:00,@main-campaign,@main-campaign
475403-1358,2025-11-02 13:21:00,2025-11-02 13:16:00,@yt_10_6_2025,@yt_10_6_2025
481805-1359,2025-11-02 11:08:00,2025-11-02 11:16:00,@yt_10_20_2025,@yt_10_20_2025
332188-1360,2025-11-02 09:10:00,2025-11-02 13:25:00,@yt_10_27_2025,@google_organic
860214-1361,2025-11-02 08:16:00,-,-,-
155318-1362,2025-11-02 07:12:00,2025-11-02 06:45:00,@yt_10_2_2025,@yt_10_2_2025
582428-1363,2025-11-02 05:47:00,-,-,-
611420-1364,2025-11-01 19:51:00,2025-11-04 16:45:00,@yt_bio,@google_organic
931244-1365,2025-11-01 19:23:00,2025-11-01 17:09:00,@yt_10_2_2025,@yt_10_2_2025
200985-1366,2025-11-01 16:50:00,2025-11-01 16:48:00,@main-campaign,@main-campaign
649424-1367,2025-11-01 11:52:00,2025-11-01 11:46:00,@main-campaign,@main-campaign
866106-1368,2025-11-01 04:38:00,2025-11-01 04:40:00,@yt_9_10_2025,@yt_9_10_2025
559610-1369,2025-11-01 04:26:00,2025-11-01 04:28:00,@yt_10_2_2025,@yt_10_2_2025
579584-1370,2025-11-01 01:44:00,2025-11-01 01:46:00,@yt_10_2_2025,@yt_10_2_2025
899826-1371,2025-11-01 01:05:00,2025-11-01 00:59:00,@yt_10_20_2025,@yt_10_20_2025
629772-1372,2025-10-31 22:34:00,2025-10-31 22:23:00,@yt_9_22_2025,@yt_9_22_2025
909657-1373,2025-10-31 20:03:00,2025-11-03 12:44:00,@yt_9_25_2025,@google_organic
678459-1374,2025-10-31 15:49:00,2025-10-31 15:39:00,@yt_10_23_2025,@yt_10_23_2025
690263-1375,2025-10-31 14:35:00,2025-10-31 14:26:00,@linkedin_organic,@linkedin_organic
869225-1376,2025-10-31 13:50:00,2025-10-31 13:46:00,@yt_10_2_2025,@yt_10_2_2025
523297-1377,2025-10-31 13:36:00,-,-,-
113533-1378,2025-10-31 13:17:00,-,-,-
281300-1379,2025-10-31 13:05:00,2025-11-02 23:36:00,@yt_10_2_2025,@google_organic
381634-1380,2025-10-31 12:09:00,-,-,-
682096-1381,2025-10-31 11:36:00,2025-10-31 11:28:00,@main-campaign,@main-campaign
684871-1382,2025-10-31 11:31:00,-,-,-
325964-1383,2025-10-31 11:16:00,2025-11-03 07:05:00,@yt_10_30_2025,@google_organic
231655-1384,2025-10-31 10:20:00,-,-,-
705698-1385,2025-10-31 09:43:00,-,-,-
299096-1386,2025-10-31 09:33:00,2025-10-31 09:21:00,@yt_10_27_2025,@main-campaign
786084-1387,2025-10-31 09:30:00,2025-10-31 09:23:00,@yt_10_30_2025,@yt_10_30_2025
855673-1388,2025-10-31 08:46:00,2025-11-03 09:01:00,@yt_10_2_2025,@google_organic
437313-1389,2025-10-31 07:43:00,2025-10-31 07:38:00,@yt_10_2_2025,@yt_10_2_2025
882598-1390,2025-10-31 06:50:00,2025-10-31 06:41:00,@yt_10_2_2025,@yt_10_2_2025
782292-1391,2025-10-31 02:52:00,2025-11-10 18:08:00,@yt_10_2_2025,@yt_4_9_2025
230485-1392,2025-10-31 01:15:00,2025-10-31 01:04:00,@yt_bio,@yt_bio
262202-1393,2025-10-31 00:44:00,2025-10-31 00:32:00,@yt_10_30_2025,@yt_10_30_2025
951930-1394,2025-10-30 23:37:00,2025-11-02 21:24:00,@yt_10_20_2025,@skool
678353-1395,2025-10-30 22:56:00,2025-10-30 23:01:00,@main-campaign,@main-campaign
631072-1396,2025-10-30 21:20:00,2025-10-30 21:12:00,@yt_10_30_2025,@yt_10_30_2025
275379-1397,2025-10-30 20:44:00,-,-,-
667407-1398,2025-10-30 20:44:00,2025-10-30 20:40:00,@yt_10_2_2025,@yt_10_2_2025
311997-1399,2025-10-30 20:27:00,2025-10-30 20:17:00,@yt_10_6_2025,@yt_10_6_2025
105063-1400,2025-10-30 20:03:00,2025-10-30 19:59:00,@yt_10_2_2025,@yt_10_2_2025
106163-1401,2025-10-30 19:47:00,2025-10-30 19:32:00,@yt_10_30_2025,@yt_10_30_2025
206682-1402,2025-10-30 17:03:00,2025-10-30 16:49:00,@yt_10_30_2025,@yt_10_30_2025
729091-1403,2025-10-30 15:34:00,-,-,-
143386-1404,2025-10-30 13:41:00,2025-10-30 13:36:00,@yt_10_2_2025,@yt_10_2_2025
819432-1405,2025-10-30 12:42:00,-,-,-
346092-1406,2025-10-30 11:15:00,2025-10-24 22:14:00,@linkedinbio,@linkedin_organic
255151-1407,2025-10-30 11:03:00,2026-01-10 03:22:00,@google_organic,@google_organic
594201-1408,2025-10-30 10:54:00,2025-10-30 09:49:00,@yt_10_2_2025,@yt_10_2_2025
778009-1409,2025-10-30 10:50:00,-,-,-
675437-1410,2025-10-30 09:32:00,2025-10-30 09:46:00,@yt_10_2_2025,@yt_10_2_2025
903836-1411,2025-10-30 08:32:00,2025-10-30 08:32:00,@linkedinbio,@linkedin_organic
398109-1412,2025-10-30 08:08:00,2025-10-30 08:02:00,@yt_10_30_2025,@yt_10_30_2025
862636-1413,2025-10-30 07:37:00,-,-,-
768277-1414,2025-10-30 07:08:00,2025-10-30 07:05:00,@linkedin_organic,@linkedin_organic
884493-1415,2025-10-30 01:17:00,2025-10-30 01:11:00,@yt_bio,@yt_bio
634199-1416,2025-10-29 19:57:00,2025-10-30 01:24:00,@yt_10_20_2025,@main-campaign
467922-1417,2025-10-29 18:52:00,2025-11-15 19:34:00,@yt_7_15_2025,@yt_10_20_2025
493813-1418,2025-10-29 16:04:00,-,-,-
559396-1419,2025-10-29 16:00:00,2025-10-30 16:29:00,@yt_10_2_2025,@yt_10_2_2025
896510-1420,2025-10-29 14:00:00,2025-10-29 13:55:00,@yt_10_2_2025,@yt_10_2_2025
942063-1421,2025-10-29 10:51:00,2025-10-29 10:39:00,@yt_10_2_2025,@yt_10_2_2025
373747-1422,2025-10-29 09:37:00,2025-10-29 09:40:00,@yt_10_20_2025,@yt_bio
454283-1423,2025-10-29 09:15:00,-,-,-
822045-1424,2025-10-29 08:29:00,2025-11-14 13:57:00,@linkedin_organic,@google_organic
918118-1425,2025-10-29 07:55:00,2025-10-29 07:35:00,@yt_10_20_2025,@yt_10_20_2025
751964-1426,2025-10-29 06:28:00,-,-,-
505759-1427,2025-10-29 00:07:00,2025-10-28 23:57:00,@yt_10_2_2025,@yt_10_2_2025
607045-1428,2025-10-28 22:15:00,2025-10-28 22:03:00,@yt_bio,@yt_bio
638908-1429,2025-10-28 21:03:00,2025-10-28 20:53:00,@yt_10_2_2025,@yt_10_2_2025
581305-1430,2025-10-28 17:30:00,2025-10-28 17:30:00,@linkedin_organic,@linkedin_organic
764710-1431,2025-10-28 16:01:00,2025-10-28 15:56:00,@yt_10_2_2025,@yt_10_2_2025
565138-1432,2025-10-28 15:29:00,-,-,-
114036-1433,2025-10-28 14:57:00,2025-10-28 14:52:00,@yt_10_2_2025,@yt_10_2_2025
793495-1434,2025-10-28 14:26:00,2025-10-28 14:19:00,@yt_bio,@yt_bio
628318-1435,2025-10-28 13:58:00,2025-10-31 13:40:00,@yt_bio,@google_organic
572113-1436,2025-10-28 13:58:00,-,-,-
554517-1437,2025-10-28 10:45:00,2025-11-03 11:45:00,@google_organic,@google_organic
707004-1438,2025-10-28 10:43:00,-,-,-
883811-1439,2025-10-28 10:31:00,2025-10-28 10:05:00,@yt_10_23_2025,@yt_bio
876239-1440,2025-10-28 10:17:00,2025-10-31 08:46:00,@yt_10_2_2025,@google_organic
540313-1441,2025-10-28 09:54:00,-,-,-
740382-1442,2025-10-28 09:48:00,2025-10-28 09:46:00,@linkedin_organic,@linkedin_organic
567793-1443,2025-10-28 09:24:00,2025-10-28 09:17:00,@yt_10_20_2025,@yt_10_20_2025
838637-1444,2025-10-28 09:00:00,2025-10-29 19:40:00,@yt_bio,@yt_5_15_2025
621588-1445,2025-10-28 08:39:00,-,-,-
855814-1446,2025-10-28 05:19:00,2025-10-26 15:49:00,@yt_10_23_2025,@yt_10_23_2025
299974-1447,2025-10-28 05:06:00,2025-10-28 04:55:00,@yt_10_2_2025,@yt_10_2_2025
436897-1448,2025-10-28 04:42:00,2025-10-31 16:17:00,@linkedin_organic,@google_organic
547468-1449,2025-10-27 21:14:00,2025-10-27 21:08:00,@yt_10_23_2025,@yt_10_23_2025
183257-1450,2025-10-27 20:30:00,-,-,-
974534-1451,2025-10-27 20:09:00,2025-10-27 20:01:00,@yt_10_2_2025,@yt_10_2_2025
477003-1452,2025-10-27 19:08:00,2025-10-27 19:01:00,@yt_10_2_2025,@yt_10_2_2025
854663-1453,2025-10-27 18:45:00,-,-,-
689679-1454,2025-10-27 18:30:00,-,-,-
571727-1455,2025-10-27 14:45:00,2025-10-27 14:35:00,@linkedinbio,@linkedinbio
955077-1456,2025-10-27 13:20:00,2025-10-27 14:37:00,@yt_10_2_2025,@yt_10_2_2025
859170-1457,2025-10-27 12:54:00,-,-,-
284721-1458,2025-10-27 12:50:00,2025-10-30 15:35:00,@yt_10_2_2025,@google_organic
883816-1459,2025-10-27 12:39:00,-,-,-
154675-1460,2025-10-27 11:42:00,2025-10-27 11:39:00,@linkedin_organic,@linkedin_organic
833784-1461,2025-10-27 11:36:00,2025-10-27 11:14:00,@yt_10_2_2025,@yt_10_2_2025
555471-1462,2025-10-27 11:20:00,2025-10-27 11:11:00,@yt_10_2_2025,@yt_10_2_2025
753520-1463,2025-10-27 11:16:00,2025-10-28 16:59:00,@yt_4_9_2025,@welcome_sequence
677463-1464,2025-10-27 10:58:00,-,-,-
409201-1465,2025-10-27 10:56:00,2025-10-27 10:22:00,@yt_4_9_2025,@yt_4_9_2025
772260-1466,2025-10-27 10:31:00,-,-,-
175419-1467,2025-10-27 09:47:00,2025-10-27 09:33:00,@yt_10_23_2025,@yt_10_23_2025
738557-1468,2025-10-27 09:37:00,-,-,-
289923-1469,2025-10-27 09:27:00,-,-,-
118593-1470,2025-10-27 09:07:00,2025-10-27 08:58:00,@yt_10_27_2025,@yt_10_27_2025
616935-1471,2025-10-27 07:25:00,2025-10-27 07:20:00,@yt_10_2_2025,@yt_bio
930971-1472,2025-10-27 05:58:00,2025-10-27 05:43:00,@yt_5_15_2025,@yt_5_15_2025
646272-1473,2025-10-27 04:52:00,2025-10-27 04:34:00,@yt_10_2_2025,@yt_10_2_2025
428813-1474,2025-10-27 04:52:00,-,-,-
739608-1475,2025-10-26 22:39:00,-,-,-
773140-1476,2025-10-26 22:25:00,2025-10-26 22:19:00,@yt_bio,@yt_bio
349313-1477,2025-10-26 21:55:00,2025-10-26 21:45:00,@yt_10_2_2025,@yt_10_2_2025
379798-1478,2025-10-26 21:05:00,2025-10-26 20:50:00,@yt_5_15_2025,@yt_5_15_2025
219916-1479,2025-10-26 20:32:00,-,-,-
131488-1480,2025-10-26 16:31:00,-,-,-
157904-1481,2025-10-26 15:29:00,2025-10-26 15:00:00,@yt_10_2_2025,@yt_10_2_2025
828948-1482,2025-10-26 11:10:00,2025-10-26 11:02:00,@yt_10_20_2025,@yt_10_20_2025
436643-1483,2025-10-26 09:46:00,2025-10-26 09:38:00,@main-campaign,@main-campaign
734938-1484,2025-10-26 07:51:00,2025-10-26 07:45:00,@yt_10_2_2025,@yt_5_15_2025
812959-1485,2025-10-25 19:39:00,2025-10-25 19:36:00,@yt_10_2_2025,@yt_10_2_2025
535417-1486,2025-10-25 19:38:00,2025-10-25 19:30:00,@yt_10_23_2025,@yt_10_23_2025
166576-1487,2025-10-25 19:35:00,2025-10-25 18:55:00,@yt_10_2_2025,@yt_10_2_2025
323249-1488,2025-10-25 16:41:00,-,-,-
746726-1489,2025-10-25 15:49:00,2025-10-25 15:38:00,@yt_10_2_2025,@yt_10_2_2025
916860-1490,2025-10-25 15:41:00,2025-10-25 15:19:00,@yt_bio,@yt_bio
669311-1491,2025-10-25 13:37:00,2025-10-29 12:51:00,@yt_10_2_2025,@google_organic
593628-1492,2025-10-25 10:52:00,2025-10-25 10:45:00,@yt_10_2_2025,@yt_10_2_2025
173617-1493,2025-10-25 08:15:00,-,-,-
988430-1494,2025-10-25 07:52:00,2025-10-25 07:47:00,@yt_10_2_2025,@yt_10_2_2025
197300-1495,2025-10-25 07:08:00,2025-10-25 06:50:00,@yt_10_2_2025,@yt_10_2_2025
118360-1496,2025-10-25 05:06:00,2025-10-25 05:28:00,@yt_10_2_2025,@yt_10_2_2025
165088-1497,2025-10-25 03:46:00,-,-,-
656202-1498,2025-10-25 02:27:00,-,-,-
682563-1499,2025-10-25 00:35:00,2025-10-25 00:08:00,@yt_10_2_2025,@yt_10_2_2025
792642-1500,2025-10-24 22:54:00,2025-10-24 22:49:00,@yt_10_2_2025,@yt_10_2_2025
977970-1501,2025-10-24 21:16:00,-,-,-
828272-1502,2025-10-24 20:31:00,2025-10-24 20:26:00,@main-campaign,@main-campaign
515627-1503,2025-10-24 18:55:00,2025-10-24 19:08:00,@yt_10_2_2025,@yt_10_2_2025
558755-1504,2025-10-24 18:35:00,2025-10-24 17:32:00,@yt_8_22_2025,@yt_8_22_2025
970389-1505,2025-10-24 17:48:00,-,-,-
328760-1506,2025-10-24 17:43:00,2025-10-24 17:31:00,@yt_10_2_2025,@yt_10_2_2025
604124-1507,2025-10-24 15:40:00,2025-10-24 15:34:00,@yt_bio,@yt_bio
177240-1508,2025-10-24 15:30:00,2025-10-24 15:29:00,@yt_10_2_2025,@linkedin_organic
132643-1509,2025-10-24 15:23:00,2025-10-24 15:19:00,@yt_10_20_2025,@yt_10_2_2025
808926-1510,2025-10-24 15:04:00,2025-10-28 08:36:00,@main-campaign,@main-campaign
531775-1511,2025-10-24 14:58:00,2025-10-28 12:27:00,@yt_6_23_2025,@yt_4_9_2025
194840-1512,2025-10-24 14:50:00,-,-,-
221262-1513,2025-10-24 14:46:00,2025-10-24 13:53:00,@yt_bio,@yt_bio
228310-1514,2025-10-24 14:33:00,-,-,-
339567-1515,2025-10-24 13:33:00,2025-10-24 13:26:00,@yt_10_20_2025,@yt_10_20_2025
978257-1516,2025-10-24 13:25:00,2025-10-24 12:58:00,@yt_10_2_2025,@yt_10_2_2025
958517-1517,2025-10-24 13:07:00,2025-10-24 13:06:00,@yt_10_20_2025,@linkedin_organic
837307-1518,2025-10-24 12:46:00,2025-10-24 12:27:00,@yt_10_2_2025,@yt_10_2_2025
976232-1519,2025-10-24 12:41:00,2025-10-24 12:35:00,@yt_10_20_2025,@yt_10_20_2025
872512-1520,2025-10-24 11:45:00,2025-10-24 11:12:00,@yt_10_20_2025,@yt_10_20_2025
288618-1521,2025-10-24 11:18:00,-,-,-
291728-1522,2025-10-24 10:43:00,2025-10-24 09:20:00,@yt_10_23_2025,@yt_10_23_2025
958508-1523,2025-10-24 08:48:00,2025-10-24 07:53:00,@yt_10_2_2025,@yt_10_2_2025
977777-1524,2025-10-24 08:45:00,2025-10-29 10:17:00,@yt_10_2_2025,@google_organic
221289-1525,2025-10-24 08:40:00,-,-,-
528809-1526,2025-10-24 08:26:00,-,-,-
850408-1527,2025-10-24 08:20:00,-,-,-
312898-1528,2025-10-24 08:20:00,2025-10-28 16:04:00,@google_organic,@google_organic
788137-1529,2025-10-24 08:20:00,-,-,-
816985-1530,2025-10-24 08:00:00,2025-10-24 07:51:00,@yt_10_23_2025,@yt_10_23_2025
801973-1531,2025-10-24 04:54:00,-,-,-
273964-1532,2025-10-24 04:54:00,2025-10-24 04:23:00,@yt_9_22_2025,@yt_9_22_2025
728298-1533,2025-10-24 04:38:00,2025-10-24 04:26:00,@yt_10_2_2025,@yt_10_2_2025
865451-1534,2025-10-24 02:12:00,2025-10-24 02:01:00,@yt_10_2_2025,@yt_10_2_2025
719999-1535,2025-10-24 01:05:00,2025-10-24 00:57:00,@yt_10_20_2025,@yt_10_20_2025
299569-1536,2025-10-23 22:05:00,2025-10-23 21:56:00,@yt_10_2_2025,@yt_10_2_2025
964054-1537,2025-10-23 21:55:00,2025-10-23 21:47:00,@yt_10_2_2025,@yt_10_2_2025
855810-1538,2025-10-23 19:54:00,2025-10-23 19:44:00,@yt_bio,@yt_bio
434601-1539,2025-10-23 19:35:00,2025-10-23 19:23:00,@yt_10_2_2025,@yt_8_22_2025
400982-1540,2025-10-23 19:05:00,2025-10-23 18:06:00,@yt_7_15_2025,@yt_7_15_2025
884900-1541,2025-10-23 17:07:00,2025-10-23 16:28:00,@yt_10_2_2025,@yt_10_2_2025
544570-1542,2025-10-23 14:05:00,2025-10-23 13:59:00,@yt_10_20_2025,@yt_10_23_2025
708135-1543,2025-10-23 13:49:00,2025-10-28 18:40:00,@yt_10_2_2025,@yt_5_15_2025
417516-1544,2025-10-23 12:18:00,2025-10-23 11:21:00,@yt_10_23_2025,@linkedin_organic
690926-1545,2025-10-23 10:32:00,-,-,-
750272-1546,2025-10-23 10:04:00,2025-10-23 09:57:00,@yt_10_2_2025,@yt_10_2_2025
143876-1547,2025-10-23 09:47:00,2025-10-23 09:22:00,@yt_10_2_2025,@yt_10_2_2025
950978-1548,2025-10-23 09:22:00,2025-10-23 09:06:00,@linkedin_organic,@linkedin_organic
999954-1549,2025-10-23 09:14:00,2025-10-24 04:27:00,@yt_bio,@yt_bio
708307-1550,2025-10-23 08:52:00,2026-01-21 09:06:00,@main-campaign,@lead-list
604920-1551,2025-10-23 08:49:00,-,-,-
230428-1552,2025-10-23 08:42:00,2025-10-23 08:36:00,@yt_10_2_2025,@yt_10_2_2025
912963-1553,2025-10-23 07:54:00,2025-11-04 18:04:00,@yt_bio,@google_organic
511766-1554,2025-10-23 06:41:00,2025-10-29 11:38:00,@yt_10_2_2025,@google_organic
126012-1555,2025-10-23 06:11:00,2025-10-23 06:21:00,@yt_9_10_2025,@yt_9_10_2025
480359-1556,2025-10-23 02:41:00,2025-10-23 02:33:00,@yt_10_20_2025,@yt_10_20_2025
835671-1557,2025-10-23 01:28:00,2025-10-23 01:14:00,@yt_bio,@yt_bio
541697-1558,2025-10-22 23:44:00,2025-10-22 23:17:00,@yt_10_2_2025,@yt_10_2_2025
684414-1559,2025-10-22 22:11:00,2025-10-22 22:08:00,@yt_10_2_2025,@yt_bio
542167-1560,2025-10-22 22:04:00,-,-,-
202495-1561,2025-10-22 22:04:00,2025-10-22 21:58:00,@yt_10_2_2025,@yt_10_2_2025
824332-1562,2025-10-22 21:28:00,2025-10-22 20:41:00,@yt_10_2_2025,@yt_10_2_2025
334377-1563,2025-10-22 21:20:00,2025-10-22 21:14:00,@yt_10_2_2025,@yt_10_2_2025
944562-1564,2025-10-22 19:00:00,2025-10-22 18:53:00,@yt_10_2_2025,@yt_10_2_2025
422480-1565,2025-10-22 15:36:00,-,-,-
239350-1566,2025-10-22 15:14:00,2025-10-22 15:10:00,@yt_10_2_2025,@yt_10_2_2025
271198-1567,2025-10-22 14:34:00,2025-10-22 14:29:00,@yt_10_2_2025,@yt_10_2_2025
473981-1568,2025-10-22 14:28:00,-,-,-
885438-1569,2025-10-22 14:28:00,2025-10-22 14:26:00,@yt_9_22_2025,@yt_9_22_2025
335506-1570,2025-10-22 14:01:00,-,-,-
145372-1571,2025-10-22 13:59:00,-,-,-
968831-1572,2025-10-22 12:58:00,-,-,-
371346-1573,2025-10-22 11:14:00,-,-,-
631636-1574,2025-10-22 10:51:00,-,-,-
254391-1575,2025-10-22 09:39:00,2026-01-01 20:50:00,@main-campaign,@kedeisha-test-google-cert
398826-1576,2025-10-22 08:38:00,2025-10-21 14:47:00,@main-campaign,@main-campaign
624831-1577,2025-10-22 07:49:00,2025-10-22 07:17:00,@yt_10_2_2025,@yt_10_2_2025
774324-1578,2025-10-22 07:06:00,-,-,-
338311-1579,2025-10-22 07:06:00,2025-10-22 07:06:00,@yt_10_20_2025,@yt_10_20_2025
616742-1580,2025-10-22 06:40:00,-,-,-
556636-1581,2025-10-22 06:37:00,2025-10-22 06:29:00,@yt_10_2_2025,@yt_10_2_2025
673424-1582,2025-10-22 05:28:00,-,-,-
647311-1583,2025-10-22 03:11:00,2025-10-22 02:29:00,@yt_10_2_2025,@yt_10_2_2025
751287-1584,2025-10-22 02:30:00,2025-10-22 02:16:00,@yt_6_6_2025,@yt_6_6_2025
259719-1585,2025-10-22 00:57:00,2025-10-22 00:48:00,@yt_7_15_2025,@yt_7_15_2025
426214-1586,2025-10-21 23:07:00,-,-,-
705784-1587,2025-10-21 21:53:00,2025-10-21 18:48:00,@yt_10_20_2025,@yt_10_20_2025
185900-1588,2025-10-21 21:26:00,2025-10-21 21:26:00,@yt_10_2_2025,@yt_bio
270149-1589,2025-10-21 21:16:00,2025-10-21 21:06:00,@yt_bio,@yt_bio
160357-1590,2025-10-21 19:19:00,2026-01-21 19:18:00,@main-campaign,@all-combined-targetscreatives
727493-1591,2025-10-21 17:40:00,2025-10-24 08:31:00,@yt_10_20_2025,@google_organic
233423-1592,2025-10-21 16:52:00,2025-10-21 16:49:00,@yt_10_20_2025,@yt_10_20_2025
736469-1593,2025-10-21 16:05:00,2025-10-21 16:00:00,@yt_10_2_2025,@yt_10_2_2025
409060-1594,2025-10-21 14:01:00,2025-11-13 13:07:00,@yt_10_20_2025,@google_organic
908380-1595,2025-10-21 13:26:00,2025-10-21 13:13:00,@main-campaign,@main-campaign
764332-1596,2025-10-21 12:49:00,-,-,-
353989-1597,2025-10-21 12:25:00,-,-,-
854996-1598,2025-10-21 11:47:00,2025-10-23 16:23:00,@yt_10_2_2025,@google_organic
992979-1599,2025-10-21 11:17:00,2025-10-21 11:11:00,@yt_10_2_2025,@yt_10_2_2025
192853-1600,2025-10-21 10:19:00,-,-,-
290064-1601,2025-10-21 09:20:00,-,-,-
295793-1602,2025-10-21 09:06:00,2025-10-21 08:57:00,@yt_10_2_2025,@yt_10_2_2025
123430-1603,2025-10-21 08:04:00,2025-10-21 07:58:00,@linkedinbio,@linkedinbio
864855-1604,2025-10-21 07:34:00,2025-10-21 07:27:00,@yt_10_2_2025,@yt_10_2_2025
182696-1605,2025-10-21 07:17:00,2025-10-21 07:05:00,@yt_10_2_2025,@yt_10_2_2025
707783-1606,2025-10-21 07:05:00,2025-10-24 07:17:00,@yt_5_15_2025,@yt_5_15_2025
381101-1607,2025-10-21 00:24:00,2025-10-21 00:20:00,@yt_9_22_2025,@yt_9_22_2025
818849-1608,2025-10-20 22:22:00,2025-10-19 10:12:00,@yt_6_6_2025,@yt_6_6_2025
446070-1609,2025-10-20 22:03:00,2025-10-21 17:32:00,@yt_10_2_2025,@yt_10_2_2025
707915-1610,2025-10-20 20:49:00,2025-10-20 20:45:00,@main-campaign,@main-campaign
574951-1611,2025-10-20 20:35:00,2025-10-23 17:07:00,@yt_10_2_2025,@google_organic
362240-1612,2025-10-20 20:21:00,2025-10-20 20:22:00,@main-campaign,@main-campaign
713749-1613,2025-10-20 20:15:00,2025-10-19 18:55:00,@yt_10_2_2025,@linkedinbio
580252-1614,2025-10-20 20:01:00,-,-,-
724076-1615,2025-10-20 20:00:00,2025-10-20 20:00:00,@yt_6_30_2025,@yt_6_30_2025
463968-1616,2025-10-20 19:07:00,-,-,-
807690-1617,2025-10-20 18:00:00,2025-10-24 18:20:00,@yt_9_30_2025,@welcome_sequence
114614-1618,2025-10-20 17:49:00,-,-,-
270461-1619,2025-10-20 16:42:00,-,-,-
173545-1620,2025-10-20 16:09:00,2025-10-20 15:55:00,@linkedinbio,@yt_9_22_2025
266909-1621,2025-10-20 15:45:00,2025-10-20 15:40:00,@yt_10_2_2025,@yt_10_2_2025
396388-1622,2025-10-20 15:15:00,-,-,-
935625-1623,2025-10-20 14:58:00,2025-10-20 14:56:00,@yt_10_2_2025,@linkedinbio
362014-1624,2025-10-20 14:51:00,-,-,-
868439-1625,2025-10-20 14:43:00,2025-10-21 11:01:00,@yt_4_9_2025,@yt_10_6_2025
584367-1626,2025-10-20 14:23:00,2025-10-20 14:07:00,@yt_10_2_2025,@yt_10_2_2025
397587-1627,2025-10-20 14:12:00,2025-10-20 08:10:00,@linkedin_organic,@linkedin_organic
889127-1628,2025-10-20 14:00:00,-,-,-
896712-1629,2025-10-20 14:00:00,2025-10-20 23:22:00,@yt_bio,@yt_4_9_2025
754216-1630,2025-10-20 13:36:00,2025-10-20 13:38:00,@main-campaign,@main-campaign
635982-1631,2025-10-20 13:32:00,-,-,-
274640-1632,2025-10-20 13:16:00,-,-,-
987156-1633,2025-10-20 12:58:00,-,-,-
293335-1634,2025-10-20 12:25:00,2025-10-20 12:31:00,@linkedin_organic,@linkedinsetter
878461-1635,2025-10-20 10:12:00,2025-10-20 10:12:00,@linkedinsetter,@linkedinsetter
329566-1636,2025-10-20 10:05:00,2025-10-20 10:00:00,@yt_10_2_2025,@yt_10_2_2025
946942-1637,2025-10-20 09:44:00,2025-10-20 09:27:00,@yt_10_2_2025,@yt_10_2_2025
363641-1638,2025-10-20 09:17:00,-,-,-
446856-1639,2025-10-20 04:24:00,2025-10-20 04:00:00,@yt_10_2_2025,@yt_10_2_2025
527328-1640,2025-10-19 20:41:00,2025-10-19 20:30:00,@yt_10_2_2025,@yt_10_2_2025
889808-1641,2025-10-19 19:59:00,-,-,-
723029-1642,2025-10-19 18:31:00,2025-10-19 18:14:00,@yt_10_2_2025,@yt_10_2_2025
163496-1643,2025-10-19 18:06:00,-,-,-
279317-1644,2025-10-19 16:11:00,2025-10-19 16:01:00,@yt_10_6_2025,@yt_10_6_2025
140960-1645,2025-10-19 13:48:00,2025-10-19 14:18:00,@yt_10_2_2025,@yt_10_2_2025
825693-1646,2025-10-19 07:43:00,2025-10-19 07:28:00,@yt_10_2_2025,@yt_10_2_2025
805975-1647,2025-10-19 05:35:00,2025-10-19 05:30:00,@yt_10_2_2025,@yt_10_2_2025
283316-1648,2025-10-19 03:22:00,-,-,-
725055-1649,2025-10-19 00:23:00,2025-10-18 23:31:00,@yt_6_6_2025,@yt_6_6_2025
677639-1650,2025-10-18 22:05:00,2025-10-18 21:45:00,@yt_10_2_2025,@yt_10_2_2025
756886-1651,2025-10-18 21:23:00,2025-10-18 21:17:00,@instagrambio,@yt_10_2_2025
394335-1652,2025-10-18 21:17:00,2025-10-18 21:00:00,@yt_10_2_2025,@yt_10_2_2025
737058-1653,2025-10-18 19:00:00,2025-10-18 18:57:00,@main-campaign,@main-campaign
248491-1654,2025-10-18 17:49:00,-,-,-
902055-1655,2025-10-18 12:09:00,-,-,-
922440-1656,2025-10-18 10:06:00,-,-,-
555399-1657,2025-10-18 07:46:00,2025-10-18 07:46:00,@linkedinsetter,@linkedinsetter
416781-1658,2025-10-18 05:07:00,-,-,-
317592-1659,2025-10-17 21:02:00,2025-10-17 20:49:00,@yt_9_22_2025,@yt_9_22_2025
336270-1660,2025-10-17 18:08:00,2025-10-17 14:17:00,@yt_10_2_2025,@yt_10_2_2025
733397-1661,2025-10-17 15:34:00,2025-10-17 15:50:00,@yt_10_2_2025,@linkedinsetter
191502-1662,2025-10-17 13:29:00,-,-,-
424076-1663,2025-10-17 10:39:00,-,-,-
919546-1664,2025-10-17 10:02:00,-,-,-
113777-1665,2025-10-17 09:55:00,-,-,-
844957-1666,2025-10-17 09:26:00,-,-,-
891515-1667,2025-10-17 08:59:00,-,-,-
651568-1668,2025-10-17 04:23:00,2025-10-17 04:05:00,@yt_10_2_2025,@yt_10_2_2025
501032-1669,2025-10-17 03:33:00,2025-10-17 02:50:00,@yt_10_2_2025,@yt_10_2_2025
665841-1670,2025-10-16 21:40:00,-,-,-
163682-1671,2025-10-16 21:40:00,2025-10-16 21:38:00,@yt_9_22_2025,@yt_9_22_2025
450009-1672,2025-10-16 21:20:00,2025-10-16 21:28:00,@linkedin_organic,@linkedinsetter
644943-1673,2025-10-16 21:10:00,2025-10-16 21:02:00,@yt_10_6_2025,@yt_10_6_2025
804817-1674,2025-10-16 19:30:00,2025-10-19 10:28:00,@yt_5_15_2025,@welcome_sequence
140249-1675,2025-10-16 18:38:00,-,-,-
677188-1676,2025-10-16 17:22:00,2025-10-22 11:08:00,@linkedinsetter,@linkedinsetter
243292-1677,2025-10-16 16:17:00,-,-,-
464503-1678,2025-10-16 16:17:00,2025-10-16 16:09:00,@yt_9_22_2025,@yt_9_22_2025
550607-1679,2025-10-16 15:45:00,-,-,-
906451-1680,2025-10-16 15:17:00,2025-10-16 15:01:00,@yt_10_2_2025,@yt_10_2_2025
789530-1681,2025-10-16 12:33:00,2025-10-16 11:57:00,@yt_10_2_2025,@yt_10_2_2025
460111-1682,2025-10-16 09:16:00,-,-,-
641398-1683,2025-10-16 01:19:00,2025-10-15 21:20:00,@linkedinbio,@linkedinbio
892304-1684,2025-10-15 23:16:00,2025-12-03 16:40:00,@yt_10_2_2025,@google_organic
634089-1685,2025-10-15 22:20:00,2025-10-15 22:31:00,@linkedinsetter,@linkedinsetter
177193-1686,2025-10-15 22:14:00,2025-10-15 22:18:00,@yt_9_30_2025,@yt_8_22_2025
408632-1687,2025-10-15 19:43:00,2025-10-15 19:23:00,@yt_10_2_2025,@yt_10_2_2025
274102-1688,2025-10-15 19:37:00,2025-12-02 20:10:00,@yt_bio,@yt_11_30_2025
372665-1689,2025-10-15 19:01:00,2025-10-15 18:51:00,@main-campaign,@main-campaign
112420-1690,2025-10-15 18:20:00,-,-,-
908546-1691,2025-10-15 17:13:00,2025-10-15 17:27:00,@linkedinsetter,@linkedinsetter
845162-1692,2025-10-15 16:56:00,2025-10-15 16:49:00,@yt_bio,@yt_bio
238208-1693,2025-10-15 16:04:00,-,-,-
196872-1694,2025-10-15 15:54:00,2025-10-15 15:54:00,@linkedinsetter,@linkedinsetter
334951-1695,2025-10-15 15:22:00,2025-10-15 16:25:00,@yt_10_2_2025,@yt_10_2_2025
432144-1696,2025-10-15 14:35:00,-,-,-
813013-1697,2025-10-15 14:24:00,2025-10-15 14:56:00,@yt_bio,@linkedinsetter
206535-1698,2025-10-15 14:23:00,2025-10-15 14:09:00,@yt_9_22_2025,@yt_9_22_2025
733448-1699,2025-10-15 13:13:00,-,-,-
751665-1700,2025-10-15 12:09:00,2025-10-20 16:35:00,@yt_10_2_2025,@google_organic
939579-1701,2025-10-15 09:34:00,-,-,-
904942-1702,2025-10-15 09:09:00,-,-,-
448198-1703,2025-10-15 09:04:00,2025-10-17 13:39:00,@yt_10_2_2025,@google_organic
205056-1704,2025-10-15 08:49:00,-,-,-
630032-1705,2025-10-15 08:22:00,-,-,-
832740-1706,2025-10-15 06:54:00,-,-,-
612586-1707,2025-10-15 04:48:00,2025-10-14 20:55:00,@instagrambio,@yt_bio
460233-1708,2025-10-14 18:56:00,-,-,-
697339-1709,2025-10-14 18:55:00,2025-10-15 13:45:00,@yt_10_2_2025,@google_organic
542753-1710,2025-10-14 13:25:00,-,-,-
647670-1711,2025-10-14 13:02:00,-,-,-
265463-1712,2025-10-14 13:00:00,2025-10-14 12:49:00,@yt_9_22_2025,@yt_9_22_2025
203086-1713,2025-10-14 11:53:00,2025-10-14 11:54:00,@yt_10_2_2025,@yt_10_2_2025
117328-1714,2025-10-14 11:05:00,-,-,-
561315-1715,2025-10-14 10:46:00,-,-,-
937934-1716,2025-10-14 10:03:00,2025-10-19 09:45:00,@yt_10_2_2025,@welcome_sequence
178125-1717,2025-10-14 09:44:00,-,-,-
745213-1718,2025-10-14 09:16:00,-,-,-
323309-1719,2025-10-14 07:54:00,-,-,-
637648-1720,2025-10-14 07:41:00,2025-10-14 07:32:00,@linkedinbio,@linkedinbio
658442-1721,2025-10-14 07:12:00,2025-10-14 06:58:00,@yt_10_2_2025,@yt_10_2_2025
565768-1722,2025-10-14 06:31:00,-,-,-
722748-1723,2025-10-14 06:07:00,-,-,-
446522-1724,2025-10-14 03:56:00,2025-10-14 03:32:00,@yt_9_30_2025,@yt_9_30_2025
777582-1725,2025-10-13 23:31:00,2025-10-13 23:25:00,@main-campaign,@main-campaign
341489-1726,2025-10-13 22:15:00,2025-10-13 22:16:00,@yt_9_22_2025,@yt_10_6_2025
276978-1727,2025-10-13 21:11:00,2025-10-14 09:35:00,@yt_10_2_2025,@yt_10_2_2025
161281-1728,2025-10-13 20:46:00,2025-10-17 12:54:00,@yt_10_2_2025,@google_organic
591044-1729,2025-10-13 19:18:00,-,-,-
212240-1730,2025-10-13 19:17:00,2025-10-13 19:18:00,@yt_10_2_2025,@yt_10_2_2025
680270-1731,2025-10-13 18:58:00,2025-10-13 18:58:00,@main-campaign,@main-campaign
777676-1732,2025-10-13 18:27:00,2025-10-13 20:37:00,@yt_10_2_2025,@yt_10_2_2025
905169-1733,2025-10-13 18:23:00,2025-10-13 18:18:00,@yt_10_2_2025,@yt_10_2_2025
347228-1734,2025-10-13 18:03:00,2025-10-13 17:59:00,@yt_10_2_2025,@yt_10_2_2025
254371-1735,2025-10-13 18:01:00,2025-10-13 18:03:00,@yt_10_2_2025,@yt_10_2_2025
638543-1736,2025-10-13 17:44:00,2025-10-13 17:46:00,@linkedinsetter,@linkedinsetter
649086-1737,2025-10-13 16:42:00,2025-10-14 07:58:00,@yt_10_6_2025,@google_organic
551876-1738,2025-10-13 16:02:00,2025-10-14 08:50:00,@yt_10_2_2025,@linkedin_organic
806688-1739,2025-10-13 15:53:00,-,-,-
688353-1740,2025-10-13 15:17:00,2025-10-13 15:14:00,@main-campaign,@main-campaign
801196-1741,2025-10-13 15:14:00,-,-,-
291725-1742,2025-10-13 15:07:00,2025-10-13 15:03:00,@yt_6_30_2025,@yt_6_30_2025
581534-1743,2025-10-13 14:54:00,2025-10-13 14:56:00,@yt_10_2_2025,@yt_10_2_2025
479322-1744,2025-10-13 14:34:00,-,-,-
481657-1745,2025-10-13 14:18:00,2025-10-13 14:17:00,@yt_10_2_2025,@yt_10_2_2025
665223-1746,2025-10-13 14:16:00,2025-10-13 14:23:00,@yt_9_22_2025,@yt_9_22_2025
323936-1747,2025-10-13 13:35:00,-,-,-
426272-1748,2025-10-13 13:29:00,-,-,-
582376-1749,2025-10-13 13:29:00,2025-10-13 13:45:00,@yt_10_2_2025,@yt_10_2_2025
545244-1750,2025-10-13 12:30:00,2025-10-13 12:30:00,@yt_9_22_2025,@yt_10_2_2025
923592-1751,2025-10-13 12:20:00,-,-,-
647981-1752,2025-10-13 11:00:00,2025-10-13 11:00:00,@linkedinsetter,@linkedinsetter
218987-1753,2025-10-13 10:30:00,2025-10-13 10:32:00,@linkedinbio,@linkedinbio
496086-1754,2025-10-13 10:29:00,2025-10-13 10:24:00,@yt_10_2_2025,@yt_7_15_2025
611871-1755,2025-10-13 10:03:00,-,-,-
417866-1756,2025-10-13 09:11:00,2025-10-13 09:05:00,@yt_9_22_2025,@yt_9_22_2025
159639-1757,2025-10-13 09:10:00,2025-10-13 09:06:00,@main-campaign,@main-campaign
892416-1758,2025-10-13 08:15:00,-,-,-
914008-1759,2025-10-13 08:08:00,-,-,-
221701-1760,2025-10-13 08:08:00,2025-10-14 17:36:00,@yt_bio,@yt_9_10_2025
195214-1761,2025-10-13 07:25:00,2025-10-13 07:12:00,@main-campaign,@main-campaign
772386-1762,2025-10-13 04:38:00,2025-10-13 04:39:00,@main-campaign,@main-campaign
658237-1763,2025-10-13 03:31:00,2025-10-13 11:34:00,@yt_10_2_2025,@yt_10_2_2025
219810-1764,2025-10-13 03:26:00,-,-,-
741594-1765,2025-10-13 02:50:00,2025-10-13 02:46:00,@yt_7_15_2025,@yt_7_15_2025
608549-1766,2025-10-13 01:45:00,2025-10-13 01:43:00,@main-campaign,@main-campaign
514541-1767,2025-10-12 22:21:00,2025-10-17 17:40:00,@yt_9_22_2025,@welcome_sequence
683420-1768,2025-10-12 19:41:00,2025-10-12 19:47:00,@yt_bio,@yt_bio
132087-1769,2025-10-12 18:41:00,2025-10-12 18:39:00,@main-campaign,@main-campaign
426766-1770,2025-10-12 16:26:00,2025-10-12 16:27:00,@yt_6_6_2025,@yt_6_6_2025
470868-1771,2025-10-12 16:11:00,2025-10-12 16:07:00,@main-campaign,@main-campaign
288758-1772,2025-10-12 15:34:00,2025-10-12 15:38:00,@yt_9_30_2025,@yt_bio
954482-1773,2025-10-12 14:22:00,-,-,-
692255-1774,2025-10-12 13:22:00,2025-10-12 13:30:00,@yt_6_6_2025,@welcome_sequence
339773-1775,2025-10-12 13:09:00,2025-10-12 13:01:00,@main-campaign,@main-campaign
701337-1776,2025-10-12 12:33:00,2025-10-12 12:43:00,@main-campaign,@main-campaign
234025-1777,2025-10-12 11:20:00,2025-10-12 12:08:00,@yt_10_2_2025,@welcome_sequence
466486-1778,2025-10-12 11:05:00,2025-10-12 11:11:00,@yt_10_2_2025,@yt_10_2_2025
722918-1779,2025-10-12 09:09:00,2025-10-12 15:09:00,@main-campaign,@main-campaign
187068-1780,2025-10-12 06:45:00,2025-10-12 06:42:00,@main-campaign,@main-campaign
205029-1781,2025-10-12 06:26:00,2025-10-12 07:29:00,@yt_10_2_2025,@yt_10_2_2025
540517-1782,2025-10-12 04:11:00,2025-10-12 04:07:00,@yt_bio,@yt_bio
828038-1783,2025-10-12 01:38:00,-,-,-
910783-1784,2025-10-12 01:38:00,2025-10-12 01:41:00,@main-campaign,@main-campaign
375887-1785,2025-10-12 00:50:00,2025-10-12 00:40:00,@main-campaign,@main-campaign
721742-1786,2025-10-12 00:23:00,2025-10-12 00:25:00,@yt_10_6_2025,@yt_10_6_2025
918845-1787,2025-10-11 22:32:00,2025-10-11 22:14:00,@yt_10_2_2025,@yt_10_2_2025
441823-1788,2025-10-11 20:46:00,2025-10-11 20:42:00,@yt_10_2_2025,@yt_10_2_2025
923988-1789,2025-10-11 19:48:00,2025-10-11 19:46:00,@main-campaign,@main-campaign
188510-1790,2025-10-11 17:22:00,2025-10-11 17:19:00,@yt_10_2_2025,@yt_10_2_2025
405664-1791,2025-10-11 17:17:00,2025-10-11 16:49:00,@yt_10_2_2025,@yt_10_2_2025
115247-1792,2025-10-11 16:26:00,2025-10-14 14:14:00,@yt_10_2_2025,@yt_10_2_2025
848314-1793,2025-10-11 16:25:00,2025-10-11 16:40:00,@main-campaign,@main-campaign
200487-1794,2025-10-11 11:41:00,2025-10-11 11:43:00,@yt_8_22_2025,@yt_8_22_2025
426387-1795,2025-10-11 10:50:00,2025-10-11 10:51:00,@yt_10_2_2025,@yt_10_2_2025
781216-1796,2025-10-11 09:35:00,2025-10-24 16:13:00,@google_organic,@google_organic
364431-1797,2025-10-11 07:08:00,2025-10-11 06:58:00,@yt_10_2_2025,@yt_10_2_2025
122386-1798,2025-10-11 06:53:00,2025-10-11 06:54:00,@yt_10_2_2025,@yt_10_2_2025
459825-1799,2025-10-11 05:48:00,2025-10-11 05:38:00,@yt_10_2_2025,@linkedin_organic
184509-1800,2025-10-11 04:18:00,2025-10-11 04:21:00,@yt_10_2_2025,@yt_10_2_2025
468846-1801,2025-10-11 01:29:00,2025-10-11 01:18:00,@yt_bio,@yt_bio
434347-1802,2025-10-10 23:46:00,2025-10-10 23:14:00,@yt_10_6_2025,@yt_5_15_2025
946198-1803,2025-10-10 23:30:00,2025-10-10 23:28:00,@yt_bio,@yt_bio
122215-1804,2025-10-10 20:14:00,2025-10-10 20:09:00,@yt_10_2_2025,@yt_10_2_2025
207266-1805,2025-10-10 18:56:00,2025-10-10 18:57:00,@yt_10_9_2025,@yt_10_9_2025
450938-1806,2025-10-10 18:51:00,2025-10-10 19:04:00,@yt_10_2_2025,@yt_10_2_2025
919829-1807,2025-10-10 16:41:00,2025-10-10 16:39:00,@yt_9_22_2025,@yt_9_22_2025
302290-1808,2025-10-10 13:50:00,2025-10-10 13:50:00,@yt_9_3_2025,@yt_9_3_2025
476826-1809,2025-10-10 13:34:00,2025-10-11 15:09:00,@yt_10_9_2025,@yt_10_9_2025
708004-1810,2025-10-10 11:48:00,2025-10-10 11:48:00,@yt_10_2_2025,@yt_10_2_2025
908759-1811,2025-10-10 09:49:00,2025-10-10 09:50:00,@yt_10_2_2025,@yt_10_2_2025
709365-1812,2025-10-10 09:19:00,-,-,-
818908-1813,2025-10-10 07:29:00,-,-,-
258037-1814,2025-10-10 06:38:00,2025-11-30 07:19:00,@main-campaign,@main-campaign-120236509489230703
141872-1815,2025-10-10 06:03:00,2025-10-10 05:56:00,@yt_10_2_2025,@google_organic
603520-1816,2025-10-10 01:36:00,2025-10-10 01:36:00,@yt_10_2_2025,@yt_10_2_2025
955810-1817,2025-10-10 00:35:00,-,-,-
413015-1818,2025-10-10 00:32:00,2025-10-10 00:36:00,@yt_10_6_2025,@yt_10_6_2025
777068-1819,2025-10-09 23:30:00,2025-10-15 12:08:00,@yt_10_2_2025,@yt_10_6_2025
967906-1820,2025-10-09 22:32:00,2025-10-15 22:15:00,@yt_10_9_2025,@yt_5_15_2025
417482-1821,2025-10-09 22:08:00,2025-10-09 14:39:00,@yt_bio,@yt_bio
120206-1822,2025-10-09 22:06:00,2025-10-09 22:06:00,@main-campaign,@main-campaign
367987-1823,2025-10-09 21:44:00,2025-10-09 21:43:00,@main-campaign,@main-campaign
131623-1824,2025-10-09 21:11:00,2025-10-09 21:07:00,@yt_bio,@yt_bio
361727-1825,2025-10-09 21:06:00,2025-10-09 21:53:00,@yt_10_2_2025,@yt_9_30_2025
395604-1826,2025-10-09 19:11:00,2025-10-13 19:23:00,@google_organic,@google_organic
186398-1827,2025-10-09 18:40:00,-,-,-
788060-1828,2025-10-09 18:39:00,2025-10-09 18:37:00,@yt_9_22_2025,@yt_9_22_2025
378847-1829,2025-10-09 17:01:00,-,-,-
210926-1830,2025-10-09 17:01:00,2025-10-21 10:21:00,@yt_9_30_2025,@yt_9_30_2025
506637-1831,2025-10-09 16:03:00,2025-10-09 15:56:00,@main-campaign,@main-campaign
109771-1832,2025-10-09 15:49:00,2025-10-09 15:51:00,@yt_10_2_2025,@yt_10_2_2025
109699-1833,2025-10-09 15:12:00,2025-10-09 15:10:00,@yt_9_22_2025,@yt_9_22_2025
141619-1834,2025-10-09 15:05:00,2025-10-09 15:44:00,@yt_9_22_2025,@yt_9_22_2025
118110-1835,2025-10-09 14:34:00,-,-,-
444067-1836,2025-10-09 14:34:00,2025-10-09 14:30:00,@yt_10_2_2025,@yt_10_2_2025
600928-1837,2025-10-09 13:02:00,-,-,-
778245-1838,2025-10-09 12:51:00,-,-,-
175881-1839,2025-10-09 12:33:00,2025-10-09 12:29:00,@yt_10_2_2025,@yt_10_2_2025
930828-1840,2025-10-09 10:48:00,2025-10-10 16:19:00,@yt_bio,@yt_bio
499831-1841,2025-10-09 08:59:00,2025-10-09 09:00:00,@yt_10_2_2025,@yt_10_2_2025
537181-1842,2025-10-09 08:21:00,2025-10-09 08:18:00,@linkedinbio,@linkedinbio
608276-1843,2025-10-09 07:34:00,2025-10-09 07:25:00,@yt_10_2_2025,@yt_10_2_2025
432553-1844,2025-10-09 07:29:00,2025-10-09 07:54:00,@yt_10_2_2025,@welcome_sequence
390784-1845,2025-10-09 07:04:00,2025-10-09 07:02:00,@yt_10_2_2025,@yt_10_2_2025
684567-1846,2025-10-09 06:58:00,2025-10-09 07:03:00,@yt_10_2_2025,@yt_10_2_2025
141553-1847,2025-10-09 06:48:00,2025-10-09 06:20:00,@yt_10_2_2025,@yt_10_2_2025
996292-1848,2025-10-09 06:39:00,2025-10-09 06:40:00,@main-campaign,@main-campaign
694872-1849,2025-10-09 06:27:00,2025-10-09 06:06:00,@yt_10_2_2025,@yt_10_2_2025
852918-1850,2025-10-09 06:03:00,2025-10-21 12:39:00,@yt_10_2_2025,@google_organic
656535-1851,2025-10-09 05:41:00,2025-10-09 05:41:00,@yt_10_2_2025,@yt_10_2_2025
603482-1852,2025-10-09 05:37:00,2025-10-09 08:18:00,@yt_10_2_2025,@welcome_sequence
839666-1853,2025-10-09 04:59:00,2025-10-09 05:01:00,@yt_10_2_2025,@yt_10_2_2025
949774-1854,2025-10-09 04:28:00,2025-10-09 04:22:00,@yt_10_2_2025,@yt_10_2_2025
495686-1855,2025-10-09 03:04:00,2025-10-09 02:29:00,@yt_9_22_2025,@yt_9_22_2025
113525-1856,2025-10-09 00:38:00,-,-,-
811005-1857,2025-10-08 23:53:00,2025-10-08 23:26:00,@yt_10_6_2025,@yt_10_6_2025
121110-1858,2025-10-08 22:31:00,-,-,-
235615-1859,2025-10-08 22:20:00,2025-10-08 22:13:00,@yt_10_2_2025,@yt_10_2_2025
668152-1860,2025-10-08 21:38:00,2025-10-08 21:30:00,@main-campaign,@main-campaign
208085-1861,2025-10-08 21:16:00,2025-10-08 21:12:00,@yt_10_2_2025,@yt_10_2_2025
218977-1862,2025-10-08 20:27:00,2025-10-08 20:19:00,@yt_7_15_2025,@yt_7_15_2025
261983-1863,2025-10-08 19:49:00,-,-,-
348851-1864,2025-10-08 18:37:00,2025-10-08 18:44:00,@yt_10_2_2025,@welcome_sequence
270506-1865,2025-10-08 18:18:00,2025-10-08 18:15:00,@yt_9_30_2025,@yt_9_30_2025
653682-1866,2025-10-08 16:59:00,2025-10-08 17:01:00,@linkedin_organic,@linkedin_organic
549507-1867,2025-10-08 16:58:00,2025-12-29 15:29:00,@yt_9_22_2025,@google_organic
545295-1868,2025-10-08 16:23:00,-,-,-
463408-1869,2025-10-08 16:20:00,2025-10-08 16:19:00,@yt_10_2_2025,@yt_10_2_2025
364976-1870,2025-10-08 16:09:00,2025-10-08 16:06:00,@yt_10_2_2025,@yt_10_2_2025
855372-1871,2025-10-08 15:31:00,2025-10-08 15:16:00,@yt_7_15_2025,@yt_7_15_2025
202768-1872,2025-10-08 14:54:00,2025-10-08 15:30:00,@yt_10_2_2025,@yt_10_2_2025
116002-1873,2025-10-08 14:41:00,2025-10-08 14:34:00,@yt_10_2_2025,@yt_10_2_2025
499226-1874,2025-10-08 14:03:00,2025-10-08 14:00:00,@yt_10_2_2025,@yt_10_2_2025
795116-1875,2025-10-08 13:08:00,2025-10-08 13:04:00,@yt_10_2_2025,@yt_10_6_2025
285516-1876,2025-10-08 12:42:00,2025-10-08 12:40:00,@main-campaign,@main-campaign
641004-1877,2025-10-08 12:24:00,-,-,-
496226-1878,2025-10-08 12:07:00,2025-10-08 12:08:00,@yt_10_2_2025,@yt_10_2_2025
381736-1879,2025-10-08 11:45:00,2025-10-08 11:35:00,@yt_10_6_2025,@yt_10_6_2025
594756-1880,2025-10-08 11:45:00,2025-10-08 11:46:00,@yt_10_2_2025,@yt_10_2_2025
422320-1881,2025-10-08 11:32:00,2025-10-08 11:23:00,@main-campaign,@main-campaign
658808-1882,2025-10-08 11:27:00,-,-,-
480428-1883,2025-10-08 11:27:00,2025-10-13 10:46:00,@yt_10_2_2025,@yt_10_2_2025
639226-1884,2025-10-08 10:57:00,2025-10-08 11:01:00,@yt_10_2_2025,@yt_10_2_2025
132016-1885,2025-10-08 10:56:00,2025-10-14 04:29:00,@linkedinbio,@linkedinsetter
760617-1886,2025-10-08 10:29:00,2025-10-08 10:26:00,@yt_10_2_2025,@yt_10_2_2025
587432-1887,2025-10-08 10:23:00,2025-10-05 12:08:00,@main-campaign,@main-campaign
950844-1888,2025-10-08 10:23:00,-,-,-
964369-1889,2025-10-08 10:18:00,2025-10-08 10:19:00,@yt_10_2_2025,@yt_10_2_2025
828080-1890,2025-10-08 10:01:00,2025-10-08 09:51:00,@yt_10_6_2025,@yt_10_6_2025
545890-1891,2025-10-08 09:56:00,2025-10-08 13:11:00,@yt_10_2_2025,@welcome_sequence
558083-1892,2025-10-08 09:45:00,-,-,-
495845-1893,2025-10-08 09:45:00,2025-10-13 15:33:00,@yt_10_2_2025,@welcome_sequence
821268-1894,2025-10-08 08:54:00,2025-10-08 08:54:00,@linkedinsetter,@linkedinsetter
287052-1895,2025-10-08 06:53:00,2025-10-08 06:44:00,@yt_10_2_2025,@yt_10_2_2025
977152-1896,2025-10-08 06:28:00,2025-10-08 06:29:00,@main-campaign,@main-campaign
285809-1897,2025-10-08 06:25:00,2025-10-08 06:22:00,@yt_10_2_2025,@yt_10_2_2025
111435-1898,2025-10-08 05:40:00,-,-,-
740164-1899,2025-10-08 05:05:00,2025-10-08 05:07:00,@yt_10_2_2025,@yt_10_2_2025
611535-1900,2025-10-08 05:01:00,2025-10-08 04:48:00,@yt_10_2_2025,@linkedinbio
653655-1901,2025-10-08 03:17:00,2025-10-08 02:58:00,@linkedin_organic,@linkedin_organic
710886-1902,2025-10-08 01:16:00,2025-10-08 01:17:00,@yt_10_6_2025,@yt_10_6_2025
940883-1903,2025-10-08 00:43:00,2025-10-08 01:07:00,@yt_10_2_2025,@welcome_sequence
826357-1904,2025-10-08 00:24:00,2025-10-08 00:11:00,@yt_8_29_2025,@yt_8_29_2025
570756-1905,2025-10-08 00:20:00,2025-10-08 00:26:00,@yt_10_6_2025,@yt_10_6_2025
315134-1906,2025-10-07 23:37:00,2025-10-08 22:45:00,@yt_10_6_2025,@yt_10_6_2025
957768-1907,2025-10-07 21:59:00,2025-10-07 21:49:00,@yt_10_2_2025,@yt_10_2_2025
807289-1908,2025-10-07 19:49:00,2025-10-07 19:40:00,@main-campaign,@main-campaign
162001-1909,2025-10-07 19:41:00,2025-10-07 19:41:00,@yt_bio,@yt_bio
782729-1910,2025-10-07 17:01:00,-,-,-
114118-1911,2025-10-07 16:59:00,-,-,-
769398-1912,2025-10-07 16:59:00,2025-10-07 17:00:00,@yt_10_2_2025,@yt_9_30_2025
715448-1913,2025-10-07 16:14:00,2025-10-07 15:47:00,@yt_10_2_2025,@yt_10_2_2025
798083-1914,2025-10-07 15:33:00,2025-10-07 15:34:00,@yt_10_2_2025,@yt_10_2_2025
259434-1915,2025-10-07 14:54:00,2025-10-07 14:54:00,@yt_10_2_2025,@yt_10_2_2025
324517-1916,2025-10-07 13:53:00,2025-10-07 13:49:00,@yt_9_6_2025,@yt_9_6_2025
118343-1917,2025-10-07 13:02:00,2025-10-07 13:04:00,@yt_10_2_2025,@yt_10_2_2025
612841-1918,2025-10-07 13:01:00,2025-10-08 13:53:00,@google_organic,@google_organic
889861-1919,2025-10-07 12:32:00,-,-,-
169067-1920,2025-10-07 12:30:00,2025-10-07 12:28:00,@yt_10_2_2025,@yt_10_2_2025
372148-1921,2025-10-07 12:16:00,2025-10-07 12:07:00,@yt_10_2_2025,@yt_10_2_2025
738070-1922,2025-10-07 12:16:00,2025-10-13 19:18:00,@linkedinsetter,@linkedinsetter
760040-1923,2025-10-07 12:11:00,2025-10-08 04:24:00,@yt_10_2_2025,@yt_10_2_2025
391200-1924,2025-10-07 12:08:00,2025-10-07 12:06:00,@yt_10_2_2025,@yt_10_2_2025
956181-1925,2025-10-07 12:01:00,2025-10-07 11:53:00,@yt_10_2_2025,@yt_10_2_2025
390079-1926,2025-10-07 11:53:00,2025-10-07 11:52:00,@linkedin_organic,@linkedin_organic
473498-1927,2025-10-07 11:29:00,2025-10-07 10:42:00,@yt_4_9_2025,@yt_4_9_2025
230751-1928,2025-10-07 11:27:00,2025-10-07 11:26:00,@yt_10_2_2025,@yt_10_2_2025
912879-1929,2025-10-07 11:15:00,2025-10-07 11:13:00,@yt_9_22_2025,@yt_9_22_2025
153672-1930,2025-10-07 11:02:00,2025-10-07 10:59:00,@yt_10_2_2025,@yt_10_2_2025
572157-1931,2025-10-07 10:11:00,2025-10-07 10:09:00,@yt_10_2_2025,@yt_10_2_2025
690356-1932,2025-10-07 09:56:00,2025-10-07 10:32:00,@yt_9_10_2025,@welcome_sequence
904503-1933,2025-10-07 09:49:00,2025-10-07 09:55:00,@yt_9_6_2025,@yt_9_6_2025
473054-1934,2025-10-07 09:44:00,2025-10-07 09:45:00,@main-campaign,@main-campaign
449560-1935,2025-10-07 09:15:00,2025-10-07 08:58:00,@yt_10_2_2025,@yt_10_2_2025
229692-1936,2025-10-07 07:51:00,-,-,-
604161-1937,2025-10-07 07:46:00,2025-10-07 07:14:00,@yt_10_2_2025,@yt_10_2_2025
827096-1938,2025-10-07 06:58:00,2025-10-07 06:53:00,@yt_7_15_2025,@yt_7_15_2025
613125-1939,2025-10-07 06:37:00,2025-10-08 13:00:00,@yt_10_2_2025,@yt_10_2_2025
643552-1940,2025-10-07 02:52:00,-,-,-
894285-1941,2025-10-06 23:16:00,2025-10-06 23:15:00,@main-campaign,@main-campaign
350012-1942,2025-10-06 22:57:00,2025-10-15 22:40:00,@yt_7_15_2025,@yt_7_15_2025
637623-1943,2025-10-06 22:50:00,-,-,-
922286-1944,2025-10-06 22:08:00,2025-10-06 21:54:00,@yt_10_2_2025,@yt_10_6_2025
225476-1945,2025-10-06 21:15:00,2025-11-25 06:35:00,@main-campaign,@main-campaign-120236509489230703
598233-1946,2025-10-06 20:43:00,2025-10-06 20:44:00,@yt_10_2_2025,@yt_10_2_2025
910732-1947,2025-10-06 20:36:00,2025-10-06 20:34:00,@main-campaign,@main-campaign
879940-1948,2025-10-06 20:09:00,-,-,-
626973-1949,2025-10-06 19:31:00,2025-10-06 19:34:00,@yt_bio,@yt_bio
665275-1950,2025-10-06 19:30:00,2025-10-06 19:28:00,@main-campaign,@main-campaign
272934-1951,2025-10-06 18:32:00,2025-10-06 18:33:00,@main-campaign,@main-campaign
981973-1952,2025-10-06 18:29:00,-,-,-
670117-1953,2025-10-06 18:19:00,2026-02-11 18:05:00,@google_organic,@google_organic
616288-1954,2025-10-06 17:51:00,2025-10-06 18:02:00,@yt_6_30_2025,@yt_6_30_2025
655778-1955,2025-10-06 17:16:00,2025-10-06 17:22:00,@yt_7_15_2025,@yt_7_15_2025
464318-1956,2025-10-06 16:17:00,2025-10-06 16:18:00,@yt_10_2_2025,@yt_10_2_2025
209298-1957,2025-10-06 16:06:00,2025-10-06 19:54:00,@yt_10_2_2025,@leadwarmup
963577-1958,2025-10-06 14:30:00,-,-,-
441428-1959,2025-10-06 14:23:00,2025-10-06 14:26:00,@yt_10_2_2025,@yt_10_2_2025
132038-1960,2025-10-06 14:22:00,2025-10-21 13:11:00,@yt_9_22_2025,@yt_10_20_2025
208591-1961,2025-10-06 14:18:00,2025-10-07 14:52:00,@linkedinsetter,@linkedinsetter
854789-1962,2025-10-06 14:01:00,-,-,-
398587-1963,2025-10-06 13:19:00,2025-10-06 13:22:00,@yt_bio,@yt_bio
818948-1964,2025-10-06 13:18:00,2025-10-06 13:23:00,@yt_10_6_2025,@yt_10_6_2025
832973-1965,2025-10-06 10:36:00,2025-10-06 10:36:00,@main-campaign,@main-campaign
145221-1966,2025-10-06 10:35:00,2025-10-08 21:13:00,@yt_10_2_2025,@yt_10_2_2025
966353-1967,2025-10-06 10:04:00,2025-10-06 09:57:00,@yt_9_22_2025,@yt_9_22_2025
990115-1968,2025-10-06 10:02:00,2025-10-06 10:06:00,@yt_10_2_2025,@yt_10_2_2025
715123-1969,2025-10-06 09:56:00,2025-10-06 10:40:00,@yt_10_2_2025,@yt_10_2_2025
121337-1970,2025-10-06 09:48:00,2025-10-06 09:50:00,@yt_10_2_2025,@yt_10_2_2025
876917-1971,2025-10-06 08:51:00,2025-10-06 08:52:00,@yt_10_2_2025,@yt_10_2_2025
321954-1972,2025-10-06 08:39:00,2025-10-06 08:33:00,@yt_10_2_2025,@yt_10_2_2025
962832-1973,2025-10-06 08:29:00,2025-10-06 08:30:00,@yt_10_2_2025,@yt_10_2_2025
291114-1974,2025-10-06 07:57:00,2025-10-06 08:05:00,@yt_10_2_2025,@yt_10_2_2025
942646-1975,2025-10-06 07:48:00,2025-10-07 07:49:00,@yt_bio,@yt_bio
860851-1976,2025-10-06 05:22:00,2025-10-27 01:01:00,@yt_9_22_2025,@yt_9_22_2025
307227-1977,2025-10-06 03:55:00,2025-10-06 03:57:00,@yt_9_22_2025,@yt_9_22_2025
391233-1978,2025-10-06 03:54:00,2025-10-06 03:55:00,@yt_10_2_2025,@yt_10_2_2025
789540-1979,2025-10-06 03:08:00,2025-10-03 02:39:00,@yt_9_22_2025,@yt_10_2_2025
771907-1980,2025-10-06 02:37:00,2025-10-06 02:35:00,@main-campaign,@main-campaign
238278-1981,2025-10-06 01:19:00,2025-10-06 01:04:00,@yt_9_6_2025,@yt_9_6_2025
854841-1982,2025-10-06 00:39:00,2025-10-06 00:37:00,@main-campaign,@main-campaign
131540-1983,2025-10-06 00:13:00,-,-,-
340278-1984,2025-10-06 00:04:00,-,-,-
916754-1985,2025-10-06 00:04:00,2025-10-07 12:44:00,@yt_10_2_2025,@linkedinbio
981437-1986,2025-10-05 23:07:00,2025-10-05 23:09:00,@yt_6_6_2025,@yt_6_6_2025
836882-1987,2025-10-05 23:02:00,2025-10-05 23:04:00,@main-campaign,@instagrambio
283357-1988,2025-10-05 21:14:00,-,-,-
770947-1989,2025-10-05 21:11:00,2025-10-05 21:21:00,@yt_10_2_2025,@yt_10_2_2025
668226-1990,2025-10-05 20:43:00,2025-10-04 11:48:00,@main-campaign,@main-campaign
985452-1991,2025-10-05 20:37:00,2025-10-05 20:34:00,@main-campaign,@main-campaign
467374-1992,2025-10-05 20:02:00,-,-,-
335160-1993,2025-10-05 19:10:00,2025-10-05 19:12:00,@yt_10_2_2025,@yt_10_2_2025
553828-1994,2025-10-05 18:17:00,2025-10-05 18:17:00,@yt_10_2_2025,@yt_10_2_2025
289528-1995,2025-10-05 18:05:00,2025-10-05 18:03:00,@main-campaign,@main-campaign
710764-1996,2025-10-05 16:11:00,2025-10-05 15:47:00,@yt_9_30_2025,@yt_9_30_2025
632360-1997,2025-10-05 15:39:00,2025-10-05 15:34:00,@linkedin_organic,@linkedinsetter
730746-1998,2025-10-05 14:14:00,2025-10-05 14:14:00,@yt_9_6_2025,@yt_9_6_2025
870933-1999,2025-10-05 13:19:00,2025-10-05 13:12:00,@yt_9_30_2025,@yt_9_30_2025
850867-2000,2025-10-05 13:17:00,2025-10-05 13:15:00,@main-campaign,@main-campaign
773318-2001,2025-10-05 12:41:00,2025-10-02 12:35:00,@main-campaign,@main-campaign
499546-2002,2025-10-05 11:56:00,2025-10-05 11:52:00,@yt_10_2_2025,@yt_10_2_2025
822950-2003,2025-10-05 10:49:00,2025-10-05 10:52:00,@yt_10_2_2025,@yt_10_2_2025
971566-2004,2025-10-05 10:21:00,2025-10-05 10:17:00,@yt_bio,@yt_bio
147067-2005,2025-10-05 08:24:00,2025-10-05 07:54:00,@yt_9_30_2025,@yt_9_30_2025
592895-2006,2025-10-05 06:33:00,2025-10-05 11:47:00,@yt_10_2_2025,@yt_10_2_2025
799386-2007,2025-10-05 06:06:00,-,-,-
482934-2008,2025-10-05 05:56:00,2025-10-05 06:07:00,@yt_10_2_2025,@yt_9_30_2025
455524-2009,2025-10-04 22:14:00,2025-10-04 22:11:00,@yt_10_2_2025,@yt_10_2_2025
158308-2010,2025-10-04 21:54:00,2025-10-04 23:44:00,@main-campaign,@main-campaign
875939-2011,2025-10-04 19:56:00,2025-10-04 19:57:00,@yt_bio,@yt_bio
242897-2012,2025-10-04 19:42:00,2025-10-04 19:36:00,@yt_10_2_2025,@yt_10_2_2025
121288-2013,2025-10-04 16:52:00,2025-10-09 02:10:00,@main-campaign,@main-campaign
810805-2014,2025-10-04 16:48:00,2025-10-02 15:27:00,@yt_7_15_2025,@yt_7_15_2025
311070-2015,2025-10-04 16:10:00,2025-10-04 16:10:00,@yt_9_30_2025,@yt_10_2_2025
707401-2016,2025-10-04 16:08:00,2025-10-06 06:30:00,@main-campaign,@main-campaign
797874-2017,2025-10-04 15:21:00,2025-10-04 15:15:00,@main-campaign,@main-campaign
428815-2018,2025-10-04 15:09:00,2025-10-04 15:43:00,@yt_8_29_2025,@leadwarmup
966114-2019,2025-10-04 14:57:00,2025-10-05 08:18:00,@yt_10_2_2025,@yt_10_2_2025
532757-2020,2025-10-04 14:37:00,2025-10-06 18:49:00,@yt_9_30_2025,@google_organic
433636-2021,2025-10-04 14:36:00,2025-10-04 14:51:00,@yt_10_2_2025,@leadwarmup
394180-2022,2025-10-04 14:08:00,2025-10-04 14:06:00,@main-campaign,@main-campaign
651776-2023,2025-10-04 13:06:00,2025-10-04 13:11:00,@main-campaign,@main-campaign
515593-2024,2025-10-04 12:27:00,2025-10-08 03:43:00,@main-campaign,@main-campaign
141299-2025,2025-10-04 11:26:00,2025-10-04 11:21:00,@yt_9_30_2025,@yt_9_30_2025
875779-2026,2025-10-04 11:21:00,2025-10-04 11:27:00,@yt_10_2_2025,@yt_9_22_2025
470262-2027,2025-10-04 10:43:00,2025-10-25 18:03:00,@linkedinbio,@linkedinsetter
820610-2028,2025-10-04 10:14:00,-,-,-
794467-2029,2025-10-04 10:12:00,2025-10-04 10:13:00,@yt_10_2_2025,@yt_bio
414275-2030,2025-10-04 10:10:00,2025-11-18 18:11:00,@main-campaign,@yt_11_17_2025
137095-2031,2025-10-04 08:30:00,2025-10-04 08:29:00,@main-campaign,@main-campaign
737674-2032,2025-10-04 07:55:00,2025-10-04 07:56:00,@yt_10_2_2025,@yt_10_2_2025
214202-2033,2025-10-04 07:43:00,2025-10-04 00:52:00,@yt_10_2_2025,@linkedin_organic
409248-2034,2025-10-04 07:10:00,2025-10-04 07:07:00,@yt_10_2_2025,@yt_10_2_2025
359883-2035,2025-10-04 07:05:00,2025-10-04 10:33:00,@yt_8_22_2025,@yt_4_9_2025
924258-2036,2025-10-04 06:49:00,-,-,-
380996-2037,2025-10-04 04:53:00,2025-10-04 04:36:00,@yt_10_2_2025,@yt_10_2_2025
425374-2038,2025-10-04 00:47:00,2025-10-04 00:54:00,@yt_10_2_2025,@yt_10_2_2025
139291-2039,2025-10-04 00:39:00,2025-10-05 11:56:00,@yt_bio,@yt_7_15_2025
444001-2040,2025-10-04 00:15:00,2025-10-03 14:39:00,@yt_10_2_2025,@yt_10_2_2025
157135-2041,2025-10-04 00:14:00,2025-10-04 00:15:00,@yt_10_2_2025,@yt_10_2_2025
570513-2042,2025-10-03 21:57:00,-,-,-
865091-2043,2025-10-03 20:26:00,2025-10-03 20:26:00,@yt_10_2_2025,@yt_10_2_2025
788540-2044,2025-10-03 19:11:00,2025-10-03 19:11:00,@main-campaign,@main-campaign
881748-2045,2025-10-03 18:53:00,2025-10-06 20:23:00,@yt_10_2_2025,@google_organic
551680-2046,2025-10-03 18:26:00,2025-10-03 18:20:00,@yt_10_2_2025,@yt_10_2_2025
166201-2047,2025-10-03 18:12:00,2025-10-03 18:03:00,@main-campaign,@main-campaign
738950-2048,2025-10-03 18:01:00,2025-10-03 18:04:00,@yt_10_2_2025,@yt_10_2_2025
645291-2049,2025-10-03 17:54:00,2025-10-03 17:55:00,@yt_bio,@yt_10_2_2025
506804-2050,2025-10-03 17:33:00,2025-10-03 17:33:00,@yt_10_2_2025,@yt_10_2_2025
887020-2051,2025-10-03 17:02:00,2025-10-03 17:02:00,@yt_10_2_2025,@yt_10_2_2025
191105-2052,2025-10-03 16:25:00,-,-,-
149397-2053,2025-10-03 16:25:00,2025-10-03 16:27:00,@main-campaign,@yt_10_2_2025
190427-2054,2025-10-03 16:10:00,2025-10-03 16:06:00,@yt_10_2_2025,@yt_10_2_2025
280524-2055,2025-10-03 15:56:00,2025-10-03 15:49:00,@yt_10_2_2025,@yt_10_2_2025
984090-2056,2025-10-03 15:52:00,-,-,-
178454-2057,2025-10-03 15:46:00,2025-10-03 15:48:00,@yt_9_22_2025,@yt_10_2_2025
836535-2058,2025-10-03 15:26:00,2025-10-03 15:33:00,@yt_6_6_2025,@yt_6_6_2025
632911-2059,2025-10-03 15:19:00,2025-10-04 10:28:00,@yt_10_2_2025,@google_organic
139090-2060,2025-10-03 15:02:00,2025-10-03 15:03:00,@yt_10_2_2025,@yt_10_2_2025
531767-2061,2025-10-03 14:37:00,2025-10-03 14:38:00,@yt_9_30_2025,@yt_9_30_2025
797436-2062,2025-10-03 14:20:00,-,-,-
117914-2063,2025-10-03 14:17:00,2025-10-03 14:07:00,@yt_10_2_2025,@yt_10_2_2025
591351-2064,2025-10-03 13:29:00,2025-10-03 13:30:00,@yt_10_2_2025,@yt_10_2_2025
842534-2065,2025-10-03 13:20:00,2025-10-06 18:20:00,@google_organic,@google_organic
635464-2066,2025-10-03 13:09:00,2025-10-04 20:47:00,@yt_7_15_2025,@yt_10_2_2025
962999-2067,2025-10-03 13:09:00,-,-,-
964865-2068,2025-10-03 12:41:00,2025-10-03 12:40:00,@linkedinsetter,@linkedinsetter
760154-2069,2025-10-03 12:14:00,2025-10-03 12:17:00,@yt_10_2_2025,@yt_10_2_2025
169678-2070,2025-10-03 11:10:00,-,-,-
240610-2071,2025-10-03 10:47:00,2025-10-03 10:45:00,@yt_6_30_2025,@yt_6_30_2025
131633-2072,2025-10-03 10:33:00,2025-10-03 10:32:00,@yt_10_2_2025,@linkedin_organic
664002-2073,2025-10-03 10:18:00,-,-,-
517103-2074,2025-10-03 08:52:00,2025-10-03 08:52:00,@yt_9_30_2025,@yt_9_30_2025
356720-2075,2025-10-03 08:46:00,2025-10-03 08:45:00,@yt_10_2_2025,@yt_10_2_2025
866776-2076,2025-10-03 08:08:00,2025-10-06 07:28:00,@yt_10_2_2025,@yt_4_9_2025
756470-2077,2025-10-03 06:40:00,2025-10-03 06:24:00,@yt_9_22_2025,@yt_9_22_2025
104422-2078,2025-10-03 06:01:00,-,-,-
651997-2079,2025-10-03 05:38:00,2025-10-03 05:11:00,@yt_10_2_2025,@yt_10_2_2025
778901-2080,2025-10-03 05:14:00,2025-10-08 11:24:00,@yt_9_25_2025,@google_organic
860349-2081,2025-10-03 03:58:00,2025-10-03 03:56:00,@yt_10_2_2025,@yt_10_2_2025
760071-2082,2025-10-03 01:44:00,2025-10-03 01:46:00,@yt_10_2_2025,@yt_10_2_2025
591403-2083,2025-10-03 01:06:00,2025-10-03 15:11:00,@yt_10_2_2025,@yt_10_2_2025
268836-2084,2025-10-03 01:01:00,2025-10-03 01:01:00,@yt_10_2_2025,@yt_10_2_2025
686920-2085,2025-10-03 00:37:00,2025-10-03 00:35:00,@main-campaign,@main-campaign
372091-2086,2025-10-03 00:08:00,2025-10-03 00:03:00,@yt_9_22_2025,@yt_9_22_2025
564838-2087,2025-10-02 23:24:00,-,-,-
116988-2088,2025-10-02 23:16:00,2025-10-02 23:13:00,@main-campaign,@main-campaign
215764-2089,2025-10-02 22:32:00,2025-10-02 22:14:00,@yt_10_2_2025,@yt_10_2_2025
616697-2090,2025-10-02 21:31:00,2025-10-06 13:55:00,@yt_4_9_2025,@linkedinsetter
375956-2091,2025-10-02 21:25:00,2025-10-02 21:35:00,@yt_9_30_2025,@yt_10_2_2025
601879-2092,2025-10-02 20:46:00,2025-10-03 11:18:00,@yt_bio,@yt_bio
985973-2093,2025-10-02 19:46:00,2025-10-04 08:31:00,@main-campaign,@main-campaign
398286-2094,2025-10-02 19:13:00,-,-,-
806383-2095,2025-10-02 19:13:00,2025-10-06 17:17:00,@yt_10_2_2025,@google_organic
542655-2096,2025-10-02 18:43:00,-,-,-
939846-2097,2025-10-02 17:37:00,2025-10-02 17:30:00,@main-campaign,@main-campaign
467662-2098,2025-10-02 17:34:00,2025-10-02 17:35:00,@yt_9_6_2025,@yt_10_2_2025
189026-2099,2025-10-02 16:34:00,-,-,-
243855-2100,2025-10-02 16:08:00,2025-10-02 16:05:00,@retargeting-10,@yt_10_2_2025
656378-2101,2025-10-02 15:40:00,-,-,-
910297-2102,2025-10-02 15:39:00,-,-,-
915907-2103,2025-10-02 15:26:00,2025-10-02 15:23:00,@main-campaign,@main-campaign
490567-2104,2025-10-02 15:04:00,2025-10-02 15:04:00,@yt_7_15_2025,@yt_7_15_2025
584299-2105,2025-10-02 14:59:00,2025-10-02 14:38:00,@yt_10_2_2025,@yt_10_2_2025
462385-2106,2025-10-02 14:36:00,2025-10-03 15:35:00,@yt_bio,@yt_bio
966049-2107,2025-10-02 14:06:00,2025-10-02 14:10:00,@yt_9_22_2025,@yt_9_22_2025
268230-2108,2025-10-02 14:03:00,2025-10-02 13:56:00,@yt_10_2_2025,@yt_10_2_2025
186048-2109,2025-10-02 13:16:00,2025-10-02 13:18:00,@main-campaign,@main-campaign
496423-2110,2025-10-02 13:15:00,-,-,-
222954-2111,2025-10-02 12:58:00,2025-10-02 07:35:00,@linkedin_organic,@linkedin_organic
721192-2112,2025-10-02 12:50:00,2025-10-02 12:34:00,@yt_9_22_2025,@yt_9_22_2025
292571-2113,2025-10-02 12:24:00,2025-10-02 12:27:00,@yt_10_2_2025,@yt_10_2_2025
702597-2114,2025-10-02 12:07:00,2025-10-02 12:09:00,@yt_10_2_2025,@yt_10_2_2025
947636-2115,2025-10-02 11:33:00,2025-10-02 11:24:00,@yt_7_15_2025,@yt_7_15_2025
270617-2116,2025-10-02 11:25:00,2025-10-02 11:26:00,@yt_10_2_2025,@yt_10_2_2025
940422-2117,2025-10-02 11:17:00,-,-,-
936269-2118,2025-10-02 11:17:00,2025-10-02 11:54:00,@yt_9_30_2025,@leadwarmup
652733-2119,2025-10-02 10:33:00,2025-10-02 10:34:00,@yt_7_15_2025,@yt_9_6_2025
488085-2120,2025-10-02 10:16:00,-,-,-
146204-2121,2025-10-02 10:15:00,2025-10-02 15:25:00,@yt_9_30_2025,@yt_9_25_2025
960359-2122,2025-10-02 10:00:00,2025-10-02 09:57:00,@yt_bio,@yt_10_2_2025
271820-2123,2025-10-02 09:29:00,2025-10-02 09:48:00,@yt_10_2_2025,@yt_10_2_2025
779282-2124,2025-10-02 09:04:00,-,-,-
518577-2125,2025-10-02 09:00:00,2025-10-10 07:26:00,@yt_9_22_2025,@yt_10_9_2025
805008-2126,2025-10-02 08:40:00,2025-10-02 08:41:00,@yt_9_30_2025,@yt_9_30_2025
986515-2127,2025-10-02 08:14:00,2025-10-02 08:14:00,@yt_9_22_2025,@yt_9_22_2025
418753-2128,2025-10-02 07:39:00,2025-10-02 07:40:00,@yt_9_30_2025,@yt_9_30_2025
693715-2129,2025-10-02 05:43:00,2025-10-02 05:44:00,@yt_9_22_2025,@yt_9_22_2025
762307-2130,2025-10-02 00:56:00,-,-,-
918757-2131,2025-10-02 00:31:00,2025-10-02 00:00:00,@main-campaign,@main-campaign
436366-2132,2025-10-02 00:06:00,2025-10-02 00:04:00,@main-campaign,@main-campaign
696505-2133,2025-10-01 23:16:00,2025-10-01 23:14:00,@main-campaign,@main-campaign
370352-2134,2025-10-01 19:02:00,2025-10-01 18:59:00,@yt_bio,@yt_bio
602764-2135,2025-10-01 18:31:00,-,-,-
571166-2136,2025-10-01 17:49:00,2025-11-03 02:44:00,@yt_9_6_2025,@welcome_sequence
568617-2137,2025-10-01 17:45:00,2025-10-08 14:08:00,@yt_9_30_2025,@linkedinsetter
937732-2138,2025-10-01 17:34:00,2025-10-01 17:37:00,@yt_9_25_2025,@yt_9_25_2025
869003-2139,2025-10-01 16:46:00,-,-,-
613956-2140,2025-10-01 15:31:00,2025-10-01 15:36:00,@yt_9_25_2025,@yt_9_25_2025
476005-2141,2025-10-01 14:53:00,2025-10-01 14:50:00,@main-campaign,@main-campaign
653152-2142,2025-10-01 14:52:00,-,-,-
523386-2143,2025-10-01 14:33:00,2025-10-01 14:33:00,@yt_7_15_2025,@yt_7_15_2025
400581-2144,2025-10-01 14:01:00,2025-10-01 14:02:00,@main-campaign,@main-campaign
606551-2145,2025-10-01 13:11:00,2025-10-02 10:57:00,@yt_9_6_2025,@yt_9_6_2025
674212-2146,2025-10-01 13:10:00,2025-10-01 13:09:00,@main-campaign,@main-campaign
793418-2147,2025-10-01 12:41:00,2025-10-01 12:38:00,@yt_9_22_2025,@yt_9_22_2025
755403-2148,2025-10-01 12:27:00,2025-10-02 06:17:00,@yt_9_20_2025,@linkedinsetter
458265-2149,2025-10-01 12:15:00,2025-10-01 12:14:00,@instagramorganic,@main-campaign
619846-2150,2025-10-01 10:21:00,2025-10-01 10:18:00,@main-campaign,@main-campaign
465985-2151,2025-10-01 09:54:00,2025-10-01 09:01:00,@yt_9_30_2025,@yt_9_30_2025
211477-2152,2025-10-01 07:48:00,-,-,-
408803-2153,2025-10-01 07:44:00,2025-10-01 07:42:00,@main-campaign,@main-campaign
585438-2154,2025-10-01 07:13:00,2025-10-01 07:14:00,@yt_9_22_2025,@yt_9_22_2025
982621-2155,2025-10-01 07:12:00,2025-10-01 07:02:00,@campaign-broad-20,@main-campaign
351848-2156,2025-10-01 07:07:00,2025-10-01 07:05:00,@yt_9_30_2025,@yt_9_30_2025
854809-2157,2025-10-01 07:04:00,2025-10-01 07:01:00,@main-campaign,@main-campaign
506555-2158,2025-10-01 06:54:00,2025-10-01 07:06:00,@yt_6_6_2025,@yt_6_6_2025
780093-2159,2025-10-01 06:45:00,2025-10-01 06:34:00,@yt_9_30_2025,@yt_9_30_2025
311768-2160,2025-10-01 05:52:00,2025-10-01 05:55:00,@main-campaign,@main-campaign
567139-2161,2025-10-01 05:11:00,2025-10-01 05:09:00,@instagramorganic,@instagramorganic
921888-2162,2025-10-01 03:03:00,2025-10-01 02:59:00,@yt_9_6_2025,@yt_9_6_2025
134242-2163,2025-10-01 02:50:00,2025-10-01 02:52:00,@yt_9_6_2025,@yt_9_6_2025
257213-2164,2025-10-01 00:45:00,2025-10-01 07:28:00,@main-campaign,@main-campaign
905137-2165,2025-09-30 22:31:00,-,-,-
895826-2166,2025-09-30 22:20:00,2025-09-30 21:54:00,@yt_9_18_2025,@yt_9_18_2025
175076-2167,2025-09-30 22:07:00,2025-09-30 22:10:00,@main-campaign,@main-campaign
910207-2168,2025-09-30 22:04:00,2025-09-30 21:58:00,@main-campaign,@main-campaign
155889-2169,2025-09-30 21:56:00,2025-09-30 21:59:00,@main-campaign,@main-campaign
502054-2170,2025-09-30 21:22:00,2025-09-30 21:24:00,@main-campaign,@main-campaign
407538-2171,2025-09-30 21:21:00,2025-10-12 14:23:00,@main-campaign,@main-campaign
424804-2172,2025-09-30 21:16:00,2025-09-30 21:14:00,@main-campaign,@main-campaign
512926-2173,2025-09-30 20:28:00,2025-09-30 20:29:00,@yt_bio,@yt_9_30_2025
378113-2174,2025-09-30 19:42:00,2025-09-30 19:38:00,@main-campaign,@main-campaign
672497-2175,2025-09-30 19:17:00,-,-,-
335867-2176,2025-09-30 19:12:00,2025-09-30 19:15:00,@main-campaign,@main-campaign
742341-2177,2025-09-30 19:06:00,2025-09-30 19:00:00,@yt_9_30_2025,@yt_9_30_2025
593112-2178,2025-09-30 18:16:00,-,-,-
582620-2179,2025-09-30 17:56:00,2025-09-30 17:52:00,@main-campaign,@main-campaign
480205-2180,2025-09-30 15:40:00,2025-09-30 15:35:00,@main-campaign,@main-campaign
412305-2181,2025-09-30 14:02:00,-,-,-
269814-2182,2025-09-30 13:56:00,2025-09-30 13:57:00,@yt_9_30_2025,@yt_9_30_2025
337001-2183,2025-09-30 12:33:00,2025-09-30 12:40:00,@yt_9_30_2025,@yt_9_30_2025
758400-2184,2025-09-30 12:00:00,2025-09-30 12:10:00,@linkedinsetter,@linkedinsetter
174553-2185,2025-09-30 11:44:00,2025-10-01 18:00:00,@linkedinsetter,@linkedinsetter
313397-2186,2025-09-30 11:42:00,2025-09-30 11:43:00,@yt_8_11_2025,@yt_8_11_2025
889710-2187,2025-09-30 10:55:00,2025-09-30 10:57:00,@yt_9_30_2025,@yt_9_30_2025
149408-2188,2025-09-30 10:54:00,2025-09-30 10:52:00,@main-campaign,@main-campaign
253266-2189,2025-09-30 09:52:00,2025-09-30 09:52:00,@yt_bio,@yt_bio
302926-2190,2025-09-30 09:49:00,2025-09-30 09:46:00,@yt_9_6_2025,@yt_9_6_2025
471368-2191,2025-09-30 06:01:00,2025-09-30 06:01:00,@main-campaign,@main-campaign
988638-2192,2025-09-30 03:56:00,2025-09-30 03:51:00,@main-campaign,@main-campaign
390940-2193,2025-09-30 03:41:00,-,-,-
689095-2194,2025-09-30 02:49:00,2025-09-30 02:50:00,@yt_bio,@yt_bio
950252-2195,2025-09-30 02:03:00,2025-09-30 01:56:00,@yt_9_22_2025,@yt_9_22_2025
737144-2196,2025-09-30 01:25:00,2025-09-30 01:31:00,@yt_9_6_2025,@yt_9_6_2025
781074-2197,2025-09-29 22:44:00,2025-09-29 21:34:00,@yt_7_15_2025,@yt_7_15_2025
474926-2198,2025-09-29 22:08:00,2025-09-29 22:09:00,@yt_9_22_2025,@yt_9_22_2025
766374-2199,2025-09-29 19:12:00,2025-09-30 06:12:00,@yt_7_15_2025,@yt_7_15_2025
529480-2200,2025-09-29 18:42:00,2025-09-29 18:44:00,@main-campaign,@main-campaign
453082-2201,2025-09-29 18:03:00,-,-,-
614941-2202,2025-09-29 17:37:00,2025-09-29 17:39:00,@yt_9_22_2025,@yt_9_22_2025
790710-2203,2025-09-29 16:23:00,-,-,-
879263-2204,2025-09-29 16:09:00,-,-,-
747420-2205,2025-09-29 16:03:00,2025-09-29 16:05:00,@yt_8_22_2025,@yt_8_22_2025
154672-2206,2025-09-29 15:45:00,2025-10-01 15:47:00,@main-campaign,@main-campaign
491005-2207,2025-09-29 15:35:00,2025-09-29 15:32:00,@main-campaign,@main-campaign
458973-2208,2025-09-29 15:04:00,2025-09-26 23:27:00,@yt_4_9_2025,@linkedinbio
442382-2209,2025-09-29 14:48:00,2025-09-29 14:46:00,@yt_9_6_2025,@yt_9_6_2025
807105-2210,2025-09-29 14:22:00,2025-09-29 14:22:00,@yt_9_22_2025,@yt_9_22_2025
856086-2211,2025-09-29 14:12:00,2025-09-30 11:14:00,@linkedinbio,@linkedin_organic
577632-2212,2025-09-29 13:57:00,2025-09-30 04:27:00,@linkedinsetter,@linkedinsetter
306189-2213,2025-09-29 13:39:00,2025-09-29 13:39:00,@yt_9_22_2025,@yt_9_22_2025
184448-2214,2025-09-29 13:02:00,2025-09-29 12:58:00,@main-campaign,@main-campaign
916171-2215,2025-09-29 12:18:00,-,-,-
634477-2216,2025-09-29 12:09:00,-,-,-
904241-2217,2025-09-29 11:46:00,2025-09-29 11:48:00,@main-campaign,@main-campaign
357467-2218,2025-09-29 11:10:00,-,-,-
509038-2219,2025-09-29 10:27:00,2025-09-29 10:35:00,@yt_9_22_2025,@yt_9_22_2025
862882-2220,2025-09-29 09:04:00,-,-,-
478808-2221,2025-09-29 08:21:00,-,-,-
752255-2222,2025-09-29 06:36:00,2025-09-29 06:23:00,@yt_9_22_2025,@yt_9_22_2025
996180-2223,2025-09-29 01:04:00,2025-09-29 01:28:00,@yt_9_22_2025,@yt_9_22_2025
347753-2224,2025-09-28 22:24:00,2025-10-16 13:12:00,@linkedinsetter,@linkedinsetter
279680-2225,2025-09-28 21:45:00,2025-09-28 21:45:00,@yt_9_22_2025,@yt_9_22_2025
346041-2226,2025-09-28 16:34:00,-,-,-
394131-2227,2025-09-28 16:32:00,-,-,-
740550-2228,2025-09-28 15:35:00,-,-,-
815570-2229,2025-09-28 15:26:00,2025-09-28 15:46:00,@google_organic,@google_organic
597427-2230,2025-09-28 14:47:00,-,-,-
631525-2231,2025-09-28 11:56:00,-,-,-
820870-2232,2025-09-28 10:36:00,-,-,-
230381-2233,2025-09-28 09:21:00,2025-09-28 09:15:00,@yt_bio,@yt_bio
522471-2234,2025-09-28 05:50:00,-,-,-
632708-2235,2025-09-28 02:18:00,-,-,-
826962-2236,2025-09-28 01:03:00,2025-09-28 01:03:00,@yt_7_15_2025,@yt_7_15_2025
928704-2237,2025-09-27 20:00:00,2026-01-01 13:58:00,@main-campaign,@break_glass_2026_qualified
156144-2238,2025-09-27 16:56:00,2025-09-27 16:55:00,@main-campaign,@main-campaign
585259-2239,2025-09-27 15:14:00,-,-,-
321689-2240,2025-09-27 13:50:00,2025-09-27 13:52:00,@campaign-broad-20,@campaign-broad-20
618475-2241,2025-09-27 12:52:00,2025-09-27 12:52:00,@linkedinsetter,@linkedinsetter
290302-2242,2025-09-27 12:31:00,2025-09-27 12:29:00,@main-campaign,@main-campaign
142828-2243,2025-09-27 11:22:00,2025-09-27 11:23:00,@yt_bio,@yt_bio
592437-2244,2025-09-27 10:17:00,-,-,-
868551-2245,2025-09-27 09:22:00,2025-09-27 09:23:00,@yt_9_22_2025,@yt_9_22_2025
302821-2246,2025-09-27 08:54:00,2025-09-27 08:53:00,@campaign-broad-20,@campaign-broad-20
256879-2247,2025-09-27 04:32:00,2025-09-27 04:31:00,@main-campaign,@main-campaign
751660-2248,2025-09-27 02:22:00,2025-09-27 02:16:00,@yt_9_6_2025,@yt_9_6_2025
777524-2249,2025-09-27 01:48:00,2025-09-27 01:52:00,@yt_9_22_2025,@yt_9_22_2025
901012-2250,2025-09-26 22:26:00,2025-09-26 22:22:00,@main-campaign,@main-campaign
525063-2251,2025-09-26 22:11:00,2025-09-26 22:10:00,@main-campaign,@main-campaign
580369-2252,2025-09-26 20:19:00,-,-,-
138564-2253,2025-09-26 20:11:00,2025-09-26 20:11:00,@linkedinbio,@linkedinbio
117574-2254,2025-09-26 19:43:00,2025-09-26 19:39:00,@yt_6_30_2025,@yt_6_30_2025
223609-2255,2025-09-26 19:06:00,2025-10-06 04:35:00,@campaign-broad-20,@main-campaign
623264-2256,2025-09-26 18:12:00,2025-09-26 17:51:00,@yt_9_22_2025,@yt_9_22_2025
989226-2257,2025-09-26 18:00:00,2025-09-26 18:15:00,@yt_9_22_2025,@yt_9_22_2025
783064-2258,2025-09-26 16:39:00,2025-09-26 16:32:00,@campaign-broad-20,@campaign-broad-20
512424-2259,2025-09-26 12:50:00,-,-,-
377614-2260,2025-09-26 12:10:00,-,-,-
789747-2261,2025-09-26 10:15:00,2025-09-26 10:21:00,@linkedinsetter,@linkedinsetter
170963-2262,2025-09-26 10:11:00,2025-09-26 10:11:00,@yt_9_22_2025,@yt_9_22_2025
409347-2263,2025-09-26 08:13:00,2025-09-26 08:14:00,@yt_9_22_2025,@yt_9_22_2025
188344-2264,2025-09-26 05:57:00,2025-09-26 05:58:00,@yt_9_6_2025,@yt_9_6_2025
771291-2265,2025-09-26 03:37:00,2025-09-26 03:51:00,@yt_9_22_2025,@yt_9_22_2025
912317-2266,2025-09-26 03:31:00,2025-09-26 03:31:00,@main-campaign,@main-campaign
744748-2267,2025-09-26 03:16:00,2025-09-26 03:25:00,@yt_9_22_2025,@yt_9_22_2025
673447-2268,2025-09-26 03:11:00,2025-09-26 03:07:00,@yt_9_22_2025,@yt_9_22_2025
588810-2269,2025-09-26 02:34:00,2025-09-26 02:35:00,@yt_9_6_2025,@yt_9_6_2025
981384-2270,2025-09-26 01:46:00,2025-09-26 01:44:00,@main-campaign,@main-campaign
629460-2271,2025-09-25 22:05:00,2025-09-25 22:01:00,@campaign-broad-20,@campaign-broad-20
686961-2272,2025-09-25 22:04:00,2025-09-25 22:01:00,@main-campaign,@main-campaign
431751-2273,2025-09-25 21:18:00,2025-09-26 12:35:00,@yt_8_11_2025,@yt_4_9_2025
264673-2274,2025-09-25 20:12:00,2025-09-26 12:13:00,@yt_9_22_2025,@linkedinsetter
434534-2275,2025-09-25 19:49:00,2025-09-25 19:55:00,@yt_5_15_2025,@yt_5_15_2025
237709-2276,2025-09-25 19:33:00,2025-09-26 16:16:00,@campaign-1,@retargeting-10
499595-2277,2025-09-25 19:00:00,2025-09-25 18:51:00,@campaign-broad-20,@main-campaign
574540-2278,2025-09-25 17:23:00,2026-02-03 22:59:00,@yt_9_22_2025,@yt_9_22_2025
589358-2279,2025-09-25 17:08:00,2025-09-25 17:06:00,@campaign-broad-20,@campaign-broad-20
328273-2280,2025-09-25 17:03:00,2025-10-01 23:31:00,@yt_bio,@yt_9_30_2025
853996-2281,2025-09-25 16:34:00,2025-09-25 17:14:00,@yt_bio,@yt_bio
500350-2282,2025-09-25 15:07:00,-,-,-
521649-2283,2025-09-25 13:47:00,2025-09-25 13:44:00,@yt_9_25_2025,@yt_9_25_2025
750567-2284,2025-09-25 13:19:00,2025-09-25 13:12:00,@yt_bio,@yt_bio
559246-2285,2025-09-25 12:49:00,-,-,-
501917-2286,2025-09-25 12:49:00,2025-09-25 12:53:00,@instagrambio,@instagrambio
791957-2287,2025-09-25 12:26:00,-,-,-
847943-2288,2025-09-25 12:26:00,2025-09-25 12:22:00,@main-campaign,@main-campaign
360003-2289,2025-09-25 12:19:00,2025-09-25 11:56:00,@yt_9_25_2025,@yt_9_25_2025
240041-2290,2025-09-25 12:15:00,2025-09-25 12:23:00,@yt_9_22_2025,@yt_9_22_2025
644115-2291,2025-09-25 12:07:00,2025-09-25 12:08:00,@campaign-broad-20,@campaign-broad-20
167580-2292,2025-09-25 11:32:00,2025-09-25 11:32:00,@yt_9_10_2025,@yt_9_10_2025
540040-2293,2025-09-25 11:27:00,-,-,-
966865-2294,2025-09-25 11:27:00,2025-09-25 11:11:00,@yt_9_22_2025,@yt_9_22_2025
139294-2295,2025-09-25 10:21:00,2025-09-25 10:22:00,@yt_6_6_2025,@yt_6_6_2025
778167-2296,2025-09-25 09:45:00,-,-,-
892461-2297,2025-09-25 08:51:00,2025-09-25 08:50:00,@linkedinsetter,@linkedinsetter
332957-2298,2025-09-25 08:45:00,-,-,-
893785-2299,2025-09-25 08:45:00,2025-09-25 08:43:00,@main-campaign,@main-campaign
543076-2300,2025-09-25 06:19:00,2025-09-25 06:17:00,@main-campaign,@main-campaign
143091-2301,2025-09-25 05:04:00,2025-09-25 05:00:00,@yt_9_22_2025,@yt_9_22_2025
513488-2302,2025-09-24 22:39:00,2025-09-24 22:33:00,@main-campaign,@main-campaign
636321-2303,2025-09-24 22:31:00,2025-09-24 23:22:00,@instagrambio,@linkedin_organic
722079-2304,2025-09-24 21:57:00,-,-,-
434312-2305,2025-09-24 21:55:00,-,-,-
181927-2306,2025-09-24 21:37:00,2025-09-24 21:38:00,@yt_9_22_2025,@yt_9_22_2025
612550-2307,2025-09-24 21:19:00,2025-09-24 21:14:00,@main-campaign,@main-campaign
409311-2308,2025-09-24 20:50:00,2025-09-24 20:46:00,@yt_9_22_2025,@yt_9_22_2025
222968-2309,2025-09-24 20:37:00,2025-09-24 20:40:00,@yt_9_6_2025,@yt_9_6_2025
478681-2310,2025-09-24 20:28:00,2025-09-24 20:34:00,@linkedinsetter,@linkedinsetter
564163-2311,2025-09-24 20:19:00,2025-09-24 20:17:00,@instagrambio,@instagrambio
997445-2312,2025-09-24 18:36:00,2025-09-24 18:35:00,@yt_9_10_2025,@yt_9_10_2025
894237-2313,2025-09-24 17:33:00,2025-09-24 17:42:00,@main-campaign,@main-campaign
957077-2314,2025-09-24 17:04:00,2025-09-24 17:09:00,@yt_9_22_2025,@yt_9_22_2025
985145-2315,2025-09-24 17:01:00,-,-,-
553750-2316,2025-09-24 16:57:00,2025-10-14 14:23:00,@yt_9_22_2025,@linkedinsetter
114331-2317,2025-09-24 15:46:00,2025-10-07 13:07:00,@main-campaign,@main-campaign
346556-2318,2025-09-24 15:45:00,2025-09-24 15:53:00,@yt_5_15_2025,@yt_5_15_2025
531847-2319,2025-09-24 14:48:00,2025-09-24 14:49:00,@yt_9_22_2025,@yt_9_22_2025
769527-2320,2025-09-24 14:17:00,2025-09-24 14:11:00,@yt_9_6_2025,@duckduckgo_organic
835244-2321,2025-09-24 13:07:00,2025-09-24 17:23:00,@yt_9_22_2025,@yt_9_22_2025
959673-2322,2025-09-24 13:01:00,2025-09-24 13:09:00,@campaign-1,@linkedinsetter
280196-2323,2025-09-24 12:36:00,-,-,-
416819-2324,2025-09-24 12:33:00,2025-09-24 12:33:00,@yt_9_22_2025,@yt_9_22_2025
788667-2325,2025-09-24 11:23:00,2025-09-24 11:19:00,@yt_9_22_2025,@yt_9_22_2025
902027-2326,2025-09-24 10:33:00,2025-09-24 10:33:00,@main-campaign,@main-campaign
308458-2327,2025-09-24 10:13:00,-,-,-
679451-2328,2025-09-24 10:03:00,-,-,-
712214-2329,2025-09-24 09:27:00,-,-,-
950683-2330,2025-09-24 09:14:00,-,-,-
754272-2331,2025-09-24 09:13:00,2025-10-06 09:28:00,@main-campaign,@main-campaign
883722-2332,2025-09-24 08:24:00,2025-09-24 08:24:00,@linkedinbio,@linkedinbio
548376-2333,2025-09-24 07:24:00,2025-09-24 07:28:00,@yt_9_22_2025,@yt_9_22_2025
891593-2334,2025-09-24 07:10:00,-,-,-
186982-2335,2025-09-24 06:36:00,-,-,-
202422-2336,2025-09-24 06:04:00,-,-,-
871167-2337,2025-09-24 05:01:00,-,-,-
514316-2338,2025-09-24 04:51:00,2025-09-24 04:48:00,@campaign-broad-20,@campaign-broad-20
900851-2339,2025-09-24 04:16:00,-,-,-
745322-2340,2025-09-24 04:15:00,2025-09-24 04:13:00,@main-campaign,@main-campaign
124120-2341,2025-09-24 03:21:00,2025-09-24 03:22:00,@yt_5_15_2025,@yt_5_15_2025
111120-2342,2025-09-24 01:31:00,2025-09-24 01:32:00,@yt_9_22_2025,@yt_9_22_2025
397170-2343,2025-09-24 01:30:00,2025-09-24 01:31:00,@yt_9_22_2025,@yt_9_22_2025
676391-2344,2025-09-23 22:55:00,2025-09-23 23:02:00,@yt_9_22_2025,@yt_9_22_2025
361340-2345,2025-09-23 22:34:00,2025-09-23 22:36:00,@main-campaign,@main-campaign
564531-2346,2025-09-23 22:06:00,2025-09-23 22:20:00,@yt_9_22_2025,@yt_9_22_2025
626700-2347,2025-09-23 21:12:00,2025-09-23 22:48:00,@yt_9_22_2025,@google_organic
652427-2348,2025-09-23 20:39:00,2025-09-23 20:38:00,@main-campaign,@main-campaign
922317-2349,2025-09-23 20:25:00,2025-09-23 20:23:00,@main-campaign,@main-campaign
127301-2350,2025-09-23 19:44:00,2025-09-23 19:44:00,@main-campaign,@main-campaign
618899-2351,2025-09-23 19:42:00,2025-09-23 19:40:00,@main-campaign,@main-campaign
928630-2352,2025-09-23 19:05:00,2025-09-23 19:07:00,@main-campaign,@main-campaign
758349-2353,2025-09-23 18:29:00,-,-,-
738776-2354,2025-09-23 18:21:00,2025-09-23 18:09:00,@yt_9_22_2025,@yt_9_22_2025
718550-2355,2025-09-23 17:48:00,2025-09-23 17:45:00,@campaign-broad-20,@campaign-broad-20
201182-2356,2025-09-23 17:34:00,2025-09-30 19:24:00,@main-campaign,@main-campaign
496725-2357,2025-09-23 17:21:00,2025-09-25 12:26:00,@yt_6_30_2025,@linkedinsetter
294815-2358,2025-09-23 16:38:00,-,-,-
825165-2359,2025-09-23 16:36:00,2025-09-23 16:33:00,@campaign-broad-20,@campaign-broad-20
543424-2360,2025-09-23 16:34:00,2025-09-23 16:40:00,@main-campaign,@main-campaign
736729-2361,2025-09-23 16:20:00,2025-09-23 16:17:00,@yt_9_22_2025,@yt_9_22_2025
401592-2362,2025-09-23 16:04:00,2025-09-23 15:55:00,@main-campaign,@main-campaign
503368-2363,2025-09-23 15:21:00,2025-09-23 15:15:00,@main-campaign,@main-campaign
199456-2364,2025-09-23 14:01:00,2025-09-23 14:01:00,@yt_5_15_2025,@campaign-1
605496-2365,2025-09-23 13:54:00,2025-09-23 13:54:00,@yt_9_22_2025,@yt_9_22_2025
164978-2366,2025-09-23 13:09:00,2025-09-23 13:07:00,@yt_9_22_2025,@yt_9_22_2025
774444-2367,2025-09-23 13:07:00,-,-,-
239476-2368,2025-09-23 12:38:00,2025-09-30 16:06:00,@campaign-1,@google_organic
764187-2369,2025-09-23 12:01:00,2025-10-10 09:55:00,@yt_6_30_2025,@yt_10_6_2025
618986-2370,2025-09-23 11:59:00,-,-,-
319812-2371,2025-09-23 10:34:00,2025-09-23 10:47:00,@instagrambio,@instagrambio
148732-2372,2025-09-23 10:16:00,2025-09-23 10:10:00,@yt_7_15_2025,@yt_7_15_2025
839781-2373,2025-09-23 09:44:00,2025-09-24 05:59:00,@yt_6_6_2025,@yt_6_6_2025
555530-2374,2025-09-23 09:30:00,-,-,-
520338-2375,2025-09-23 09:25:00,2025-09-23 12:42:00,@campaign-1,@campaign-1
905227-2376,2025-09-23 09:12:00,2025-09-24 07:54:00,@linkedinbio,@yt_bio
647534-2377,2025-09-23 09:04:00,2025-09-23 09:07:00,@yt_9_6_2025,@yt_9_6_2025
224516-2378,2025-09-23 07:23:00,2025-09-23 07:24:00,@yt_5_15_2025,@yt_5_15_2025
320439-2379,2025-09-23 06:10:00,2025-09-23 06:10:00,@yt_9_22_2025,@yt_9_22_2025
374882-2380,2025-09-23 05:37:00,2025-09-23 05:43:00,@yt_9_22_2025,@yt_9_22_2025
563899-2381,2025-09-23 04:15:00,2025-09-23 04:35:00,@yt_9_22_2025,@yt_bio
367239-2382,2025-09-23 03:54:00,2025-09-23 03:59:00,@yt_9_22_2025,@yt_9_22_2025
572879-2383,2025-09-23 01:17:00,-,-,-
848058-2384,2025-09-22 22:34:00,2025-09-22 22:35:00,@campaign-1,@campaign-1
172355-2385,2025-09-22 22:29:00,-,-,-
351962-2386,2025-09-22 22:28:00,2025-09-22 22:51:00,@yt_9_22_2025,@yt_9_22_2025
815606-2387,2025-09-22 21:20:00,2025-10-09 02:29:00,@yt_9_22_2025,@yt_9_30_2025
918127-2388,2025-09-22 20:54:00,2025-09-22 20:51:00,@campaign-1,@campaign-1
521391-2389,2025-09-22 20:43:00,2025-09-22 23:02:00,@yt_9_22_2025,@yt_9_22_2025
806974-2390,2025-09-22 19:25:00,2025-09-22 19:26:00,@yt_9_6_2025,@yt_9_6_2025
709003-2391,2025-09-22 19:20:00,-,-,-
319329-2392,2025-09-22 18:09:00,-,-,-
396429-2393,2025-09-22 17:31:00,2025-09-22 17:31:00,@yt_9_22_2025,@yt_9_22_2025
795054-2394,2025-09-22 15:43:00,2025-11-18 16:30:00,@yt_8_22_2025,@yt_11_17_2025
493671-2395,2025-09-22 15:21:00,2025-09-22 15:16:00,@campaign-1,@campaign-1
443285-2396,2025-09-22 14:53:00,2025-09-22 12:31:00,@yt_7_15_2025,@yt_7_15_2025
308580-2397,2025-09-22 14:36:00,2025-09-22 14:22:00,@yt_8_22_2025,@yt_8_22_2025
841454-2398,2025-09-22 14:18:00,-,-,-
930235-2399,2025-09-22 13:47:00,-,-,-
110623-2400,2025-09-22 13:44:00,2025-09-22 13:40:00,@campaign-1,@campaign-1
344474-2401,2025-09-22 13:10:00,2025-10-07 12:15:00,@yt_7_15_2025,@linkedinsetter
237337-2402,2025-09-22 13:09:00,-,-,-
471463-2403,2025-09-22 11:37:00,2025-09-22 11:05:00,@yt_9_22_2025,@yt_9_22_2025
774991-2404,2025-09-22 11:34:00,2025-09-22 11:19:00,@yt_9_6_2025,@linkedinbio
350797-2405,2025-09-22 11:19:00,2025-09-22 11:15:00,@campaign-1,@campaign-1
756417-2406,2025-09-22 11:15:00,-,-,-
181685-2407,2025-09-22 11:13:00,2025-09-22 11:12:00,@linkedin_organic,@linkedin_organic
568124-2408,2025-09-22 10:45:00,2025-09-22 10:43:00,@campaign-1,@campaign-1
830144-2409,2025-09-22 10:12:00,2025-09-22 10:13:00,@yt_9_22_2025,@yt_9_22_2025
699165-2410,2025-09-22 09:59:00,2025-09-22 10:01:00,@yt_9_22_2025,@yt_9_22_2025
697360-2411,2025-09-22 09:48:00,-,-,-
453424-2412,2025-09-22 09:32:00,-,-,-
880852-2413,2025-09-22 09:27:00,-,-,-
702534-2414,2025-09-22 08:44:00,-,-,-
494284-2415,2025-09-22 08:24:00,-,-,-
710347-2416,2025-09-22 08:23:00,2025-09-22 08:42:00,@campaign-1,@campaign-1
165000-2417,2025-09-22 06:47:00,-,-,-
531783-2418,2025-09-21 23:26:00,2025-09-21 23:23:00,@campaign-1,@campaign-1
269013-2419,2025-09-21 22:20:00,2025-09-22 13:48:00,@yt_bio,@yt_bio
590794-2420,2025-09-21 21:22:00,2025-09-29 18:52:00,@campaign-1,@main-campaign
479785-2421,2025-09-21 19:41:00,2025-09-21 18:21:00,@campaign-1,@campaign-1
555947-2422,2025-09-21 18:49:00,2025-09-30 17:23:00,@linkedinsetter,@google_organic
609406-2423,2025-09-21 12:28:00,2025-09-21 12:26:00,@campaign-1,@campaign-1
845667-2424,2025-09-21 12:10:00,2025-09-21 12:21:00,@linkedinbio,@linkedinbio
670131-2425,2025-09-21 08:15:00,-,-,-
516189-2426,2025-09-21 05:10:00,2025-09-22 13:08:00,@campaign-1,@linkedinsetter
471341-2427,2025-09-21 03:46:00,-,-,-
232166-2428,2025-09-21 02:57:00,2025-09-21 02:55:00,@campaign-1,@campaign-1
662112-2429,2025-09-20 20:55:00,2025-09-20 20:56:00,@campaign-1,@campaign-1
112638-2430,2025-09-20 20:27:00,2025-10-05 22:41:00,@yt_9_10_2025,@yt_10_2_2025
168269-2431,2025-09-20 19:08:00,-,-,-
469319-2432,2025-09-20 18:48:00,2025-09-20 19:02:00,@yt_9_20_2025,@yt_9_20_2025
440319-2433,2025-09-20 17:40:00,-,-,-
924076-2434,2025-09-20 17:17:00,2025-09-20 17:27:00,@campaign-1,@campaign-1
162783-2435,2025-09-20 16:48:00,2025-09-20 16:46:00,@campaign-1,@campaign-1
788322-2436,2025-09-20 16:38:00,2025-09-20 16:34:00,@campaign-1,@campaign-1
440496-2437,2025-09-20 15:17:00,-,-,-
485649-2438,2025-09-20 14:49:00,2025-09-20 14:47:00,@campaign-1,@campaign-1
860179-2439,2025-09-20 13:48:00,2025-09-20 13:53:00,@yt_bio,@bing_organic
517741-2440,2025-09-20 13:13:00,2025-09-20 13:08:00,@yt_9_6_2025,@yt_6_30_2025
303167-2441,2025-09-20 12:27:00,-,-,-
788416-2442,2025-09-20 11:47:00,-,-,-
972183-2443,2025-09-20 09:05:00,-,-,-
118483-2444,2025-09-20 06:57:00,2025-09-21 23:29:00,@linkedinbio,@linkedinsetter
581337-2445,2025-09-20 06:52:00,2025-09-20 06:48:00,@yt_9_18_2025,@yt_9_18_2025
633786-2446,2025-09-20 05:50:00,2025-09-20 05:50:00,@yt_9_6_2025,@yt_9_6_2025
700612-2447,2025-09-20 01:12:00,2025-09-20 01:09:00,@campaign-1,@campaign-1
900728-2448,2025-09-19 20:45:00,2025-09-19 20:51:00,@yt_7_15_2025,@yt_7_15_2025
452629-2449,2025-09-19 15:45:00,2025-09-22 08:05:00,@yt_9_6_2025,@google_organic
835713-2450,2025-09-19 14:54:00,2025-09-19 14:53:00,@campaign-1,@campaign-1
555082-2451,2025-09-19 13:40:00,2025-09-19 13:54:00,@yt_jess,@yt_jess
776254-2452,2025-09-19 13:31:00,-,-,-
112827-2453,2025-09-19 13:30:00,2025-09-26 15:21:00,@campaign-1,@main-campaign
843663-2454,2025-09-19 12:28:00,2025-09-19 12:30:00,@yt_6_23_2025,@yt_6_23_2025
467205-2455,2025-09-19 11:52:00,2025-09-19 11:48:00,@yt_bio,@yt_bio
167112-2456,2025-09-19 11:00:00,2025-09-22 06:43:00,@yt_9_6_2025,@google_organic
596338-2457,2025-09-19 10:54:00,2025-09-19 10:49:00,@yt_5_15_2025,@yt_5_15_2025
798819-2458,2025-09-19 10:25:00,-,-,-
720755-2459,2025-09-19 08:55:00,-,-,-
693240-2460,2025-09-19 08:46:00,2025-09-19 08:51:00,@campaign-1,@campaign-1
953000-2461,2025-09-19 08:31:00,2025-09-19 08:33:00,@linkedinbio,@linkedinbio
125210-2462,2025-09-19 01:19:00,2025-09-19 01:20:00,@yt_7_15_2025,@yt_7_15_2025
295101-2463,2025-09-18 20:55:00,2025-09-18 20:56:00,@campaign-1,@campaign-1
469987-2464,2025-09-18 19:59:00,-,-,-
340886-2465,2025-09-18 19:58:00,2025-09-19 08:42:00,@campaign-1,@google_organic
786808-2466,2025-09-18 18:26:00,2025-09-18 18:36:00,@yt_9_10_2025,@yt_9_10_2025
600505-2467,2025-09-18 17:20:00,-,-,-
233114-2468,2025-09-18 16:31:00,2025-09-18 15:48:00,@linkedinbio,@linkedinbio
463039-2469,2025-09-18 15:57:00,-,-,-
448897-2470,2025-09-18 15:56:00,2025-09-18 16:13:00,@yt_7_15_2025,@leadwarmup
186989-2471,2025-09-18 14:43:00,2025-09-18 14:28:00,@yt_9_18_2025,@yt_9_18_2025
608104-2472,2025-09-18 14:34:00,-,-,-
243371-2473,2025-09-18 13:52:00,-,-,-
443855-2474,2025-09-18 12:33:00,2025-09-18 12:33:00,@yt_9_18_2025,@yt_9_18_2025
379734-2475,2025-09-18 11:28:00,2025-09-18 11:30:00,@yt_7_15_2025,@yt_7_15_2025
923204-2476,2025-09-18 10:56:00,2025-09-20 07:40:00,@yt_9_6_2025,@leadwarmup
950367-2477,2025-09-18 09:46:00,2025-09-18 09:46:00,@linkedin_organic,@linkedin_organic
599158-2478,2025-09-18 07:41:00,-,-,-
781455-2479,2025-09-18 06:54:00,2025-09-18 06:49:00,@linkedinbio,@linkedinbio
477916-2480,2025-09-18 06:14:00,2025-09-18 06:39:00,@linkedinbio,@yt_8_22_2025
559246-2481,2025-09-18 06:02:00,2025-09-20 15:03:00,@yt_bio,@google_organic
586483-2482,2025-09-18 03:28:00,2025-09-20 10:11:00,@campaign-1,@campaign-1
482166-2483,2025-09-18 03:16:00,2025-09-18 03:10:00,@campaign-1,@campaign-1
556837-2484,2025-09-18 02:38:00,-,-,-
243278-2485,2025-09-17 22:58:00,2025-09-25 18:58:00,@campaign-1,@main-campaign
816485-2486,2025-09-17 20:44:00,2025-09-17 20:40:00,@campaign-1,@campaign-1
642335-2487,2025-09-17 17:12:00,2025-09-21 08:14:00,@linkedin_organic,@linkedinsetter
887302-2488,2025-09-17 16:05:00,-,-,-
337346-2489,2025-09-17 13:25:00,2025-09-17 13:19:00,@yt_5_15_2025,@yt_5_15_2025
339110-2490,2025-09-17 12:48:00,-,-,-
143284-2491,2025-09-17 12:30:00,2025-09-17 12:32:00,@yt_9_10_2025,@yt_9_10_2025
397850-2492,2025-09-17 12:23:00,2025-09-17 12:22:00,@instagrambio,@yt_9_10_2025
655756-2493,2025-09-17 12:13:00,2025-09-17 12:15:00,@yt_9_10_2025,@yt_9_10_2025
798986-2494,2025-09-17 10:50:00,2025-09-17 10:56:00,@instagrambio,@google_organic
747871-2495,2025-09-17 10:07:00,2025-10-06 04:57:00,@yt_6_30_2025,@google_organic
914961-2496,2025-09-17 08:24:00,-,-,-
125662-2497,2025-09-17 06:25:00,2025-10-03 19:24:00,@yt_6_30_2025,@linkedinbio
533835-2498,2025-09-16 23:15:00,2025-09-29 02:34:00,@linkedinsetter,@linkedinsetter
312079-2499,2025-09-16 20:11:00,-,-,-
926989-2500,2025-09-16 19:16:00,2025-09-16 19:14:00,@yt_6_30_2025,@yt_6_30_2025
447735-2501,2025-09-16 17:49:00,2025-09-16 17:49:00,@campaign-1,@campaign-1
731949-2502,2025-09-16 16:31:00,2025-09-16 16:27:00,@linkedinbio,@linkedinbio
521022-2503,2025-09-16 15:55:00,2025-09-16 15:57:00,@yt_7_15_2025,@yt_7_15_2025
585717-2504,2025-09-16 13:56:00,-,-,-
109657-2505,2025-09-16 13:50:00,2025-09-16 13:48:00,@campaign-1,@campaign-1
649144-2506,2025-09-16 13:47:00,-,-,-
634351-2507,2025-09-16 11:36:00,2025-09-16 11:42:00,@linkedinbio,@linkedinsetter
931837-2508,2025-09-16 10:46:00,-,-,-
521683-2509,2025-09-16 10:13:00,2025-09-16 10:12:00,@yt_7_15_2025,@yt_7_15_2025
222838-2510,2025-09-16 09:29:00,-,-,-
641126-2511,2025-09-16 09:12:00,2025-09-16 09:07:00,@campaign-1,@campaign-1
534812-2512,2025-09-16 08:22:00,2025-09-16 08:30:00,@yt_5_15_2025,@yt_5_15_2025
534568-2513,2025-09-16 03:48:00,2025-09-16 02:49:00,@yt_8_22_2025,@yt_8_22_2025
376280-2514,2025-09-16 02:15:00,2025-09-16 02:11:00,@campaign-1,@campaign-1
344104-2515,2025-09-15 22:52:00,2025-09-15 22:55:00,@yt_4_9_2025,@yt_4_9_2025
654037-2516,2025-09-15 19:28:00,2025-09-15 19:27:00,@linkedinsetter,@linkedinsetter
544063-2517,2025-09-15 19:11:00,2025-09-15 19:42:00,@campaign-1,@campaign-1
455487-2518,2025-09-15 18:38:00,2025-09-15 18:38:00,@linkedinsetter,@linkedinsetter
302959-2519,2025-09-15 16:20:00,2025-09-15 16:12:00,@campaign-1,@campaign-1
670398-2520,2025-09-15 14:37:00,2025-09-15 14:36:00,@linkedinsetter,@linkedinsetter
935715-2521,2025-09-15 14:13:00,2025-09-18 20:07:00,@campaign-1,@campaign-1
569197-2522,2025-09-15 13:10:00,2025-09-15 13:10:00,@linkedinsetter,@linkedinsetter
728335-2523,2025-09-15 12:54:00,2025-09-15 12:46:00,@campaign-1,@campaign-1
321929-2524,2025-09-15 12:36:00,2025-09-15 13:11:00,@campaign-1,@linkedinsetter
101445-2525,2025-09-15 12:04:00,2025-09-15 12:01:00,@campaign-1,@campaign-1
708051-2526,2025-09-15 10:33:00,-,-,-
388590-2527,2025-09-15 08:56:00,2025-09-15 08:59:00,@campaign-1,@campaign-1
257397-2528,2025-09-15 06:14:00,-,-,-
622068-2529,2025-09-15 04:51:00,-,-,-
962819-2530,2025-09-15 00:59:00,2025-09-15 00:55:00,@campaign-1,@campaign-1
172575-2531,2025-09-14 22:08:00,2025-09-14 22:34:00,@yt_9_10_2025,@yt_9_10_2025
208432-2532,2025-09-14 22:02:00,2025-09-17 08:33:00,@yt_9_10_2025,@google_organic
310493-2533,2025-09-14 21:57:00,2025-09-14 21:54:00,@yt_7_15_2025,@yt_7_15_2025
759527-2534,2025-09-14 21:15:00,2025-09-14 21:15:00,@campaign-1,@campaign-1
327894-2535,2025-09-14 20:50:00,2025-09-14 20:57:00,@linkedinbio,@linkedinbio
399118-2536,2025-09-14 19:33:00,2025-09-14 19:37:00,@campaign-1,@campaign-1
706061-2537,2025-09-14 18:10:00,2025-09-26 13:51:00,@campaign-1,@main-campaign
348154-2538,2025-09-14 18:02:00,2025-09-14 17:59:00,@linkedin_organic,@linkedin_organic
439313-2539,2025-09-14 17:42:00,2025-09-14 17:48:00,@linkedinbio,@linkedinbio
319529-2540,2025-09-14 17:09:00,2025-09-14 17:06:00,@campaign-1,@yt_9_6_2025
768671-2541,2025-09-14 13:44:00,2025-09-14 13:44:00,@linkedinsetter,@linkedinsetter
788415-2542,2025-09-14 11:12:00,2025-09-14 11:13:00,@linkedin_organic,@linkedinbio
593429-2543,2025-09-14 11:07:00,2025-09-14 11:06:00,@linkedinsetter,@linkedinsetter
796182-2544,2025-09-14 11:05:00,2025-09-14 13:45:00,@yt_7_15_2025,@yt_7_15_2025
885034-2545,2025-09-14 09:28:00,2025-09-14 12:46:00,@yt_6_30_2025,@yt_8_22_2025
572529-2546,2025-09-14 08:27:00,-,-,-
326366-2547,2025-09-14 08:23:00,2025-09-14 08:24:00,@yt_7_15_2025,@yt_9_10_2025
570193-2548,2025-09-14 07:36:00,2025-09-14 07:39:00,@yt_bio,@yt_bio
731952-2549,2025-09-14 06:45:00,2025-09-14 06:40:00,@campaign-1,@campaign-1
406557-2550,2025-09-14 01:37:00,2025-09-14 01:45:00,@yt_7_15_2025,@yt_7_15_2025
449446-2551,2025-09-13 22:03:00,2025-09-13 22:05:00,@campaign-1,@campaign-1
808308-2552,2025-09-13 21:39:00,2025-09-16 20:36:00,@linkedinbio,@linkedinsetter
806386-2553,2025-09-13 21:09:00,2025-09-13 21:07:00,@campaign-1,@campaign-1
511306-2554,2025-09-13 20:38:00,2025-09-17 12:18:00,@linkedin_organic,@linkedinsetter
107558-2555,2025-09-13 20:33:00,2025-09-13 19:46:00,@yt_5_15_2025,@yt_5_15_2025
265696-2556,2025-09-13 19:27:00,2025-09-13 19:32:00,@yt_bio,@yt_bio
665271-2557,2025-09-13 19:01:00,2025-09-13 19:34:00,@yt_6_30_2025,@yt_6_30_2025
438976-2558,2025-09-13 18:17:00,2025-09-13 18:15:00,@campaign-1,@campaign-1
487261-2559,2025-09-13 16:43:00,2025-09-13 16:43:00,@campaign-1,@campaign-1
980068-2560,2025-09-13 16:40:00,2025-09-13 16:40:00,@yt_7_15_2025,@yt_7_15_2025
777978-2561,2025-09-13 15:57:00,2025-09-13 15:57:00,@yt_5_27_2025,@yt_5_27_2025
162691-2562,2025-09-13 13:52:00,2025-09-13 13:53:00,@campaign-1,@campaign-1
120663-2563,2025-09-13 12:09:00,2025-10-27 08:12:00,@yt_9_10_2025,@yt_10_27_2025
573689-2564,2025-09-13 11:33:00,2025-09-11 05:35:00,@campaign-1,@campaign-1
607716-2565,2025-09-13 09:18:00,2025-09-13 09:19:00,@yt_9_6_2025,@yt_9_6_2025
865601-2566,2025-09-13 07:34:00,2025-09-13 07:32:00,@yt_9_6_2025,@yt_9_6_2025
343372-2567,2025-09-13 04:05:00,-,-,-
284551-2568,2025-09-13 04:03:00,2025-09-13 04:13:00,@campaign-1,@campaign-1
995218-2569,2025-09-13 03:44:00,2025-11-18 02:17:00,@campaign-1,@yt_11_17_2025
228719-2570,2025-09-13 01:03:00,2025-09-13 00:59:00,@yt_9_3_2025,@yt_9_3_2025
516132-2571,2025-09-12 23:27:00,2025-09-12 23:29:00,@campaign-1,@campaign-1
513748-2572,2025-09-12 21:34:00,2025-09-12 21:35:00,@campaign-1,@campaign-1
534796-2573,2025-09-12 21:08:00,2025-09-14 16:18:00,@yt_9_10_2025,@yt_9_10_2025
654809-2574,2025-09-12 20:32:00,2025-09-12 20:34:00,@yt_7_15_2025,@yt_7_15_2025
948234-2575,2025-09-12 16:07:00,2025-09-12 15:58:00,@yt_7_15_2025,@yt_7_15_2025
107482-2576,2025-09-12 15:29:00,2025-09-24 19:22:00,@campaign-1,@campaign-broad-20
292298-2577,2025-09-12 08:20:00,2025-09-12 08:21:00,@campaign-1,@campaign-1
924634-2578,2025-09-12 06:31:00,-,-,-
728121-2579,2025-09-12 06:11:00,2025-09-12 06:09:00,@campaign-1,@campaign-1
868234-2580,2025-09-12 00:56:00,2025-09-12 00:58:00,@campaign-1,@campaign-1
699347-2581,2025-09-12 00:09:00,2025-10-21 15:16:00,@yt_7_15_2025,@yt_7_15_2025
714308-2582,2025-09-11 23:04:00,2025-09-11 23:02:00,@campaign-1,@campaign-1
557864-2583,2025-09-11 21:29:00,2025-09-11 21:29:00,@yt_9_6_2025,@yt_9_6_2025
449694-2584,2025-09-11 21:18:00,2025-09-10 10:21:00,@campaign-1,@campaign-1
832519-2585,2025-09-11 19:35:00,2025-09-11 19:37:00,@yt_9_3_2025,@yt_9_3_2025
821961-2586,2025-09-11 19:14:00,2025-09-11 21:29:00,@yt_7_15_2025,@yt_6_6_2025
526047-2587,2025-09-11 18:22:00,2025-09-11 18:19:00,@campaign-1,@campaign-1
646386-2588,2025-09-11 16:43:00,2025-09-14 14:06:00,@linkedinbio,@instagrambio
667686-2589,2025-09-11 15:47:00,2025-09-11 15:44:00,@campaign-1,@campaign-1
921616-2590,2025-09-11 15:20:00,2025-09-11 15:20:00,@linkedinsetter,@linkedinsetter
978412-2591,2025-09-11 15:14:00,-,-,-
156999-2592,2025-09-11 13:44:00,2025-09-11 13:46:00,@campaign-1,@campaign-1
879866-2593,2025-09-11 11:54:00,2025-09-15 18:50:00,@linkedinbio,@linkedinsetter
299515-2594,2025-09-11 11:53:00,2025-09-11 12:00:00,@yt_6_30_2025,@yt_6_30_2025
389409-2595,2025-09-11 11:16:00,-,-,-
844812-2596,2025-09-11 10:34:00,2025-09-11 10:35:00,@linkedin_organic,@linkedin_organic
923938-2597,2025-09-11 10:29:00,2025-09-11 10:29:00,@linkedinbio,@linkedinsetter
523972-2598,2025-09-11 10:13:00,-,-,-
279514-2599,2025-09-11 10:01:00,-,-,-
852221-2600,2025-09-11 09:44:00,-,-,-
379398-2601,2025-09-11 07:16:00,2025-09-11 07:13:00,@campaign-1,@campaign-1
451972-2602,2025-09-11 06:43:00,-,-,-
638266-2603,2025-09-11 06:25:00,2025-09-11 06:22:00,@campaign-1,@campaign-1
191193-2604,2025-09-11 03:52:00,2025-09-11 03:50:00,@yt_9_6_2025,@yt_9_6_2025
788274-2605,2025-09-11 00:09:00,2025-09-11 00:05:00,@yt_9_10_2025,@yt_9_10_2025
937107-2606,2025-09-10 23:55:00,2025-09-10 23:51:00,@campaign-1,@campaign-1
503574-2607,2025-09-10 22:47:00,2025-09-10 22:46:00,@yt_9_10_2025,@yt_9_10_2025
501414-2608,2025-09-10 21:17:00,-,-,-
785299-2609,2025-09-10 17:01:00,2025-09-10 17:11:00,@campaign-1,@campaign-1
134907-2610,2025-09-10 16:23:00,2025-09-10 16:20:00,@yt_7_15_2025,@yt_7_15_2025
180907-2611,2025-09-10 15:35:00,-,-,-
854819-2612,2025-09-10 15:33:00,-,-,-
316841-2613,2025-09-10 15:20:00,2025-09-10 15:19:00,@yt_9_6_2025,@linkedinsetter
820129-2614,2025-09-10 15:06:00,2025-09-10 15:08:00,@yt_9_10_2025,@yt_9_10_2025
413639-2615,2025-09-10 14:36:00,-,-,-
507117-2616,2025-09-10 13:59:00,2025-10-06 02:48:00,@yt_7_15_2025,@yt_10_2_2025
152611-2617,2025-09-10 12:33:00,2025-09-10 12:35:00,@yt_9_6_2025,@yt_9_6_2025
604297-2618,2025-09-10 11:55:00,-,-,-
252263-2619,2025-09-10 11:06:00,2025-10-23 13:13:00,@yt_bio,@google_organic
692117-2620,2025-09-10 10:20:00,2025-09-10 10:19:00,@yt_7_15_2025,@yt_7_15_2025
622777-2621,2025-09-10 09:28:00,2025-09-10 09:29:00,@yt_9_10_2025,@yt_9_10_2025
416206-2622,2025-09-10 09:07:00,-,-,-
618393-2623,2025-09-10 07:50:00,2025-09-10 07:57:00,@yt_9_10_2025,@google_organic
890121-2624,2025-09-10 07:20:00,-,-,-
793289-2625,2025-09-10 06:05:00,-,-,-
164900-2626,2025-09-09 23:59:00,2025-09-09 23:56:00,@campaign-1,@campaign-1
854049-2627,2025-09-09 20:12:00,-,-,-
973836-2628,2025-09-09 19:35:00,2025-09-09 19:29:00,@yt_9_6_2025,@yt_9_6_2025
601387-2629,2025-09-09 19:35:00,-,-,-
592026-2630,2025-09-09 19:19:00,2025-09-09 19:29:00,@yt_7_15_2025,@yt_7_15_2025
949390-2631,2025-09-09 18:50:00,2025-09-09 18:41:00,@campaign-1,@campaign-1
773543-2632,2025-09-09 17:52:00,2025-09-09 17:42:00,@yt_7_15_2025,@yt_7_15_2025
549642-2633,2025-09-09 17:41:00,2025-10-11 23:01:00,@campaign-1,@main-campaign
684992-2634,2025-09-09 17:38:00,-,-,-
556443-2635,2025-09-09 14:01:00,-,-,-
629607-2636,2025-09-09 13:33:00,-,-,-
160037-2637,2025-09-09 13:32:00,2025-09-09 13:29:00,@yt_7_15_2025,@yt_7_15_2025
695625-2638,2025-09-09 12:34:00,2025-09-18 09:22:00,@yt_9_6_2025,@yt_9_18_2025
570659-2639,2025-09-09 11:13:00,2025-09-09 11:13:00,@yt_9_3_2025,@yt_9_6_2025
891654-2640,2025-09-09 11:06:00,2025-09-09 11:04:00,@yt_9_6_2025,@yt_9_6_2025
210024-2641,2025-09-09 10:38:00,2025-09-09 10:28:00,@campaign-1,@campaign-1
773708-2642,2025-09-09 10:36:00,2025-09-24 16:59:00,@campaign-1,@retargeting-10
525592-2643,2025-09-09 10:29:00,2025-09-09 10:27:00,@yt_7_15_2025,@yt_7_15_2025
914285-2644,2025-09-09 09:20:00,2025-09-09 09:21:00,@campaign-1,@linkedinbio
259279-2645,2025-09-09 08:57:00,2025-09-09 08:54:00,@campaign-1,@campaign-1
659190-2646,2025-09-09 07:45:00,-,-,-
962336-2647,2025-09-09 07:28:00,2025-09-09 08:10:00,@yt_9_6_2025,@yt_9_6_2025
832763-2648,2025-09-09 07:17:00,2025-09-09 07:17:00,@yt_bio,@yt_9_6_2025
797235-2649,2025-09-09 06:56:00,2025-09-09 06:57:00,@campaign-1,@campaign-1
164692-2650,2025-09-09 06:40:00,-,-,-
181412-2651,2025-09-09 04:44:00,2025-09-09 04:46:00,@yt_bio,@yt_bio
378717-2652,2025-09-08 22:59:00,-,-,-
854183-2653,2025-09-08 22:59:00,2025-09-08 22:56:00,@yt_9_6_2025,@yt_9_6_2025
444506-2654,2025-09-08 21:43:00,2025-09-08 21:41:00,@campaign-1,@campaign-1
323885-2655,2025-09-08 21:37:00,2025-10-09 15:14:00,@campaign-1,@main-campaign
796240-2656,2025-09-08 21:36:00,2025-09-08 21:37:00,@campaign-1,@campaign-1
465530-2657,2025-09-08 19:04:00,-,-,-
432543-2658,2025-09-08 18:07:00,2025-09-09 12:19:00,@yt_7_15_2025,@yt_7_15_2025
642708-2659,2025-09-08 17:22:00,2025-09-08 17:23:00,@yt_9_6_2025,@yt_9_6_2025
227242-2660,2025-09-08 15:58:00,2025-09-08 15:56:00,@yt_7_15_2025,@yt_7_15_2025
301042-2661,2025-09-08 15:30:00,2025-09-08 15:32:00,@yt_bio,@yt_bio
585341-2662,2025-09-08 15:26:00,-,-,-
527044-2663,2025-09-08 15:18:00,-,-,-
921690-2664,2025-09-08 14:34:00,2025-09-08 14:26:00,@campaign-1,@campaign-1
877812-2665,2025-09-08 14:06:00,2025-09-08 14:02:00,@yt_5_15_2025,@yt_5_15_2025
411842-2666,2025-09-08 13:56:00,2025-09-08 13:56:00,@yt_8_22_2025,@yt_8_22_2025
773733-2667,2025-09-08 13:44:00,-,-,-
173348-2668,2025-09-08 13:31:00,2025-09-08 13:39:00,@yt_9_6_2025,@yt_9_6_2025
128748-2669,2025-09-08 13:14:00,-,-,-
335380-2670,2025-09-08 12:43:00,-,-,-
924084-2671,2025-09-08 12:41:00,-,-,-
762111-2672,2025-09-08 12:38:00,2025-09-08 12:38:00,@instagrambio,@instagrambio
963232-2673,2025-09-08 12:35:00,-,-,-
463878-2674,2025-09-08 12:22:00,2025-09-08 12:23:00,@campaign-1,@campaign-1
315187-2675,0,2025-09-08 11:09:00,2025-11-29 11:59:00,@main-campaign-120236232597580703
895114-2676,2025-09-08 10:32:00,-,-,-
607640-2677,2025-09-08 10:06:00,2025-09-08 10:23:00,@yt_7_15_2025,@yt_7_15_2025
991895-2678,2025-09-08 09:55:00,-,-,-
957147-2679,2025-09-08 09:03:00,2025-09-08 08:58:00,@yt_9_3_2025,@yt_9_3_2025
780529-2680,2025-09-08 07:23:00,2025-09-08 07:26:00,@yt_7_15_2025,@yt_7_15_2025
438375-2681,2025-09-08 06:47:00,2025-09-24 04:07:00,@campaign-1,@main-campaign
970189-2682,2025-09-08 06:31:00,2025-09-08 06:32:00,@yt_4_9_2025,@yt_4_9_2025
348224-2683,2025-09-08 06:17:00,2025-09-08 06:23:00,@campaign-1,@campaign-1
220618-2684,2025-09-08 05:57:00,2025-09-08 06:01:00,@campaign-1,@campaign-1
430367-2685,2025-09-07 22:49:00,2025-09-07 23:38:00,@yt_9_6_2025,@yt_9_6_2025
236246-2686,2025-09-07 22:00:00,2025-09-07 22:03:00,@yt_9_6_2025,@yt_9_6_2025
894514-2687,2025-09-07 21:41:00,2025-09-07 19:45:00,@campaign-1,@campaign-1
900312-2688,2025-09-07 21:10:00,2025-09-07 21:07:00,@campaign-1,@campaign-1
416297-2689,2025-09-07 20:24:00,2025-09-07 20:20:00,@yt_9_3_2025,@yt_9_3_2025
286641-2690,2025-09-07 20:18:00,2025-09-07 20:02:00,@campaign-1,@campaign-1
143157-2691,2025-09-07 20:05:00,2025-09-07 20:03:00,@campaign-1,@campaign-1
245133-2692,2025-09-07 20:01:00,2025-09-07 20:01:00,@yt_9_6_2025,@yt_9_6_2025
573164-2693,2025-09-07 17:54:00,2025-09-14 17:06:00,@campaign-1,@yt_9_6_2025
669583-2694,2025-09-07 15:34:00,2025-09-20 13:32:00,@campaign-1,@campaign-1
702286-2695,2025-09-07 12:04:00,2025-09-30 07:22:00,@campaign-1,@main-campaign
152997-2696,2025-09-07 11:41:00,2025-09-07 11:37:00,@campaign-1,@campaign-1
667485-2697,2025-09-07 11:40:00,-,-,-
794555-2698,2025-09-07 11:39:00,2025-09-09 13:02:00,@yt_7_15_2025,@yt_7_15_2025
484326-2699,2025-09-07 11:14:00,2025-09-07 11:11:00,@yt_9_3_2025,@yt_9_3_2025
283303-2700,2025-09-07 09:46:00,2025-09-07 09:47:00,@campaign-1,@campaign-1
190103-2701,2025-09-07 09:38:00,-,-,-
442198-2702,2025-09-07 08:56:00,-,-,-
741986-2703,2025-09-07 08:31:00,2025-09-07 08:29:00,@campaign-1,@campaign-1
109864-2704,2025-09-07 04:47:00,2025-09-17 06:45:00,@campaign-1,@campaign-1
614911-2705,2025-09-07 04:14:00,-,-,-
365397-2706,2025-09-07 03:47:00,2025-09-07 03:48:00,@yt_7_15_2025,@yt_7_15_2025
683141-2707,2025-09-06 23:35:00,2025-09-06 23:32:00,@campaign-1,@campaign-1
792963-2708,2025-09-06 23:15:00,2025-09-21 06:04:00,@campaign-1,@campaign-1
700706-2709,2025-09-06 19:46:00,2025-09-06 20:06:00,@campaign-1,@campaign-1
216986-2710,2025-09-06 14:44:00,-,-,-
382398-2711,2025-09-06 13:43:00,-,-,-
960999-2712,2025-09-06 11:52:00,-,-,-
987219-2713,2025-09-06 10:54:00,2025-09-06 10:50:00,@yt_9_6_2025,@yt_9_6_2025
233124-2714,2025-09-06 10:37:00,-,-,-
390543-2715,2025-09-06 09:25:00,2025-09-09 10:57:00,@yt_7_15_2025,@yt_9_3_2025
473354-2716,2025-09-06 08:02:00,-,-,-
684418-2717,2025-09-06 07:49:00,-,-,-
326984-2718,2025-09-06 03:08:00,2025-10-12 06:09:00,@campaign-1,@main-campaign
818676-2719,2025-09-05 21:49:00,2025-09-05 21:50:00,@yt_9_5_2025,@yt_9_5_2025
736716-2720,2025-09-05 21:45:00,2025-09-05 21:39:00,@campaign-1,@campaign-1
890425-2721,2025-09-05 21:35:00,-,-,-
365054-2722,2025-09-05 21:22:00,2025-09-05 21:58:00,@campaign-1,@campaign-1
683731-2723,2025-09-05 21:06:00,-,-,-
683772-2724,2025-09-05 20:06:00,-,-,-
797342-2725,2025-09-05 19:44:00,2025-09-25 10:05:00,@campaign-1,@linkedinsetter
370312-2726,2025-09-05 18:48:00,-,-,-
744936-2727,2025-09-05 18:47:00,-,-,-
393424-2728,2025-09-05 18:30:00,-,-,-
555679-2729,2025-09-05 18:30:00,-,-,-
457185-2730,2025-09-05 18:26:00,-,-,-
583659-2731,2025-09-05 18:09:00,2025-09-11 10:40:00,@linkedinsetter,@linkedinsetter
556725-2732,2025-09-05 17:03:00,-,-,-
136586-2733,2025-09-05 16:57:00,-,-,-
578338-2734,2025-09-05 15:43:00,2025-09-05 15:45:00,@campaign-1,@campaign-1
322131-2735,2025-09-05 15:38:00,2025-09-05 15:38:00,@campaign-1,@campaign-1
130775-2736,2025-09-05 15:37:00,-,-,-
318120-2737,2025-09-05 14:38:00,2026-01-05 08:07:00,@yt_9_5_2025,@kedeisha-test-google-cert
208950-2738,2025-09-05 14:24:00,2026-01-02 11:16:00,@instagrambio,@linkedin_organic
